Latitude,Longitude,Area Type,Soil Type,Water Sources,Previous Crop,Land Acres,Cropping Type,Crop Category,Crop,Duration (Days),Investment (₹),Profit (₹)
23.56,85.18,Hilly,Inceptisol,Rainfed,Wheat,2.2,Short-term,Pulses,Pigeon Pea,115,12611,33152
24.43,85.49,Plain,Red Soil,Rainfed,Mango+Lentil,2.6,Perennial,Cash Crops,Tobacco,268,49060,139753
24.1,84.13,Plateau,Entisol,Irrigated,Maize+Mustard,3.2,Short-term,Pulses,Pigeon Pea,110,19739,64646
23.9,85.06,Hilly,Laterite,Rainfed,Sorghum,3.1,Long-term,Vegetables,Brinjal,132,27522,59553
23.23,84.93,Plain,Alfisol,Irrigated,Jackfruit,0.7,Perennial,Fruits,Banana,347,19904,66729
23.23,85.58,Plateau,Entisol,Rainfed,Wheat,3.9,Long-term,Vegetables,Tomato,123,22003,84233
23.09,85.77,Hilly,Inceptisol,Rainfed,Papaya,4.8,Mixed,Agroforestry,Rice+Lentil,217,29251,109527
24.3,83.53,Plain,Alfisol,Irrigated,Wheat,2.1,Mixed,Agroforestry,Banana+Pea,358,33472,109676
23.9,85.19,Hilly,Laterite,Irrigated,Cotton,1.3,Perennial,Fruits,Mango,263,38949,143962
24.06,83.63,Plain,Red Soil,Rainfed,Mango,2.9,Perennial,Cash Crops,Coffee,210,42360,167502
23.03,84.87,Plateau,Entisol,Rainfed,Rice+Lentil,3.7,Long-term,Cereals,Maize,128,19205,60846
24.45,84.22,Plateau,Laterite,Irrigated,Tobacco,3.6,Long-term,Vegetables,Cabbage,147,17212,48274
24.25,84.27,Plateau,Entisol,Rainfed,Sesame,3.3,Long-term,Oilseeds,Sesame,128,29780,87066
23.32,84.38,Hilly,Inceptisol,Rainfed,Tea,1.2,Long-term,Cereals,Rice,164,16358,42150
23.27,85.05,Hilly,Laterite,Irrigated,Niger,4.3,Short-term,Pulses,Green Gram,106,16391,47317
23.28,84.34,Plateau,Entisol,Rainfed,Mango,2.4,Long-term,Cereals,Sorghum,124,17129,65043
23.46,85.33,Plain,Alfisol,Irrigated,Tomato,1.5,Long-term,Vegetables,Cabbage,125,10704,27133
23.79,84.51,Hilly,Inceptisol,Irrigated,Potato,0.9,Short-term,Pulses,Pigeon Pea,87,15385,58154
23.65,83.67,Hilly,Inceptisol,Irrigated,Brinjal,2.4,Short-term,Pulses,Lentil,81,18643,50053
23.44,85.46,Plain,Alfisol,Irrigated,Guava,3.3,Short-term,Pulses,Pea,89,7762,21041
23.92,84.21,Hilly,Laterite,Irrigated,Onion,3.5,Short-term,Pulses,Green Gram,83,13422,27238
23.21,84.58,Plateau,Laterite,Irrigated,Litchi,4.8,Perennial,Cash Crops,Tobacco,344,63915,181610
23.44,85.21,Plateau,Laterite,Canal,Mango,1.2,Perennial,Fruits,Guava,275,20933,48498
23.55,84.33,Plain,Alfisol,Rainfed,Cotton,4.9,Long-term,Vegetables,Cabbage,131,13589,38790
23.68,83.64,Plain,Alfisol,Rainfed,Gram,3.4,Short-term,Vegetables,Tomato,81,20015,75774
24.18,84.43,Plain,Alfisol,Irrigated,Niger,2.5,Long-term,Vegetables,Cabbage,137,25526,97224
23.3,85.86,Plateau,Entisol,Irrigated,Mango+Lentil,4.5,Perennial,Cash Crops,Sugarcane,222,81166,246149
23.77,85.1,Plain,Alfisol,Rainfed,Ladyfinger,3.6,Long-term,Cereals,Rice,157,5699,15490
23.89,85.18,Plateau,Entisol,Canal,Banana,2.1,Long-term,Cash Crops,Jute,174,83252,295155
23.07,85.08,Plain,Red Soil,Rainfed,Sorghum,4.5,Perennial,Cash Crops,Sugarcane,277,48672,101100
23.91,84.0,Hilly,Inceptisol,Irrigated,Litchi,3.5,Perennial,Cash Crops,Cotton,292,78151,190349
23.26,84.55,Plain,Red Soil,Irrigated,Groundnut,3.6,Short-term,Oilseeds,Niger,112,11212,41394
23.1,85.38,Plateau,Entisol,Tube-well,Pea,4.5,Long-term,Cereals,Rice,139,12228,36986
24.42,83.75,Plain,Red Soil,Rainfed,Tobacco,2.5,Perennial,Fruits,Guava,306,33124,99291
24.45,84.19,Hilly,Inceptisol,Irrigated,Pea,3.5,Mixed,Agroforestry,Mango+Lentil,346,74424,215193
24.21,84.19,Plain,Red Soil,Rainfed,Lentil,3.9,Mixed,Agroforestry,Timber+Paddy,339,35362,70760
23.46,84.58,Plateau,Laterite,Rainfed,Rice+Lentil,2.5,Long-term,Oilseeds,Groundnut,125,18273,61576
23.15,85.95,Plateau,Entisol,Rainfed,Tea,0.9,Long-term,Vegetables,Cauliflower,122,19403,53843
24.03,83.67,Plain,Alfisol,Irrigated,Tea,4.0,Short-term,Pulses,Green Gram,119,5151,19093
23.66,84.8,Plateau,Laterite,Rainfed,Niger,0.7,Long-term,Oilseeds,Mustard,129,26642,69899
23.18,83.95,Hilly,Inceptisol,Rainfed,Niger,3.7,Perennial,Cash Crops,Cotton,260,49152,164411
23.74,85.93,Plain,Alfisol,Irrigated,Black Gram,4.6,Short-term,Oilseeds,Sunflower,102,20232,53681
23.05,83.78,Hilly,Inceptisol,Irrigated,Green Gram,2.1,Short-term,Pulses,Lentil,117,17273,39697
24.36,84.51,Plain,Red Soil,Irrigated,Onion,1.0,Mixed,Agroforestry,Banana+Pea,197,68830,150793
23.39,85.34,Plateau,Entisol,Tube-well,Tea,1.5,Short-term,Pulses,Black Gram,101,14145,42647
23.99,85.26,Plateau,Laterite,Rainfed,Onion,3.0,Short-term,Pulses,Lentil,94,9261,36930
23.47,84.56,Plain,Red Soil,Tube-well,Banana,4.7,Short-term,Pulses,Gram,80,10453,22733
23.78,84.37,Hilly,Inceptisol,Canal,Timber+Paddy,2.8,Mixed,Agroforestry,Timber+Paddy,277,22202,74543
23.82,84.49,Plateau,Laterite,Rainfed,Rice+Lentil,1.0,Mixed,Agroforestry,Timber+Paddy,304,67689,232526
23.28,84.16,Plateau,Entisol,Rainfed,Guava,3.3,Long-term,Fruits,Mango,175,49586,121756
24.45,84.01,Hilly,Inceptisol,Rainfed,Barley,3.8,Mixed,Agroforestry,Timber+Paddy,221,20605,80800
24.16,84.71,Plateau,Laterite,Rainfed,Sunflower,2.3,Short-term,Pulses,Green Gram,80,9885,31940
24.41,84.17,Hilly,Laterite,Irrigated,Sesame,3.7,Perennial,Cash Crops,Tobacco,314,29906,114046
24.34,84.22,Plain,Red Soil,Irrigated,Banana+Pea,2.0,Short-term,Pulses,Black Gram,86,13839,30475
23.9,85.14,Plateau,Laterite,Irrigated,Potato,4.1,Short-term,Oilseeds,Groundnut,112,15926,60742
24.38,85.92,Hilly,Laterite,Irrigated,Cabbage,2.0,Long-term,Cereals,Millets,127,13046,26104
23.13,85.01,Hilly,Inceptisol,Rainfed,Rice+Lentil,1.7,Mixed,Agroforestry,Mango+Lentil,357,37262,126814
23.29,83.69,Hilly,Laterite,Canal,Millets,4.5,Long-term,Cereals,Barley,126,16766,56243
23.07,83.69,Plateau,Entisol,Rainfed,Groundnut,3.0,Perennial,Fruits,Guava,199,17408,45510
23.49,85.88,Plateau,Entisol,Tube-well,Wheat,1.8,Mixed,Agroforestry,Maize+Mustard,326,50059,192215
23.58,84.24,Hilly,Laterite,Rainfed,Rice,4.7,Short-term,Oilseeds,Niger,114,19747,62331
23.41,83.73,Plain,Red Soil,Tube-well,Guava,3.6,Long-term,Cereals,Sorghum,127,15011,46437
24.24,85.0,Hilly,Laterite,Rainfed,Banana+Pea,1.5,Long-term,Oilseeds,Mustard,125,11686,35951
23.54,85.06,Hilly,Laterite,Rainfed,Coffee,3.3,Short-term,Oilseeds,Niger,112,16769,63371
23.42,85.12,Plain,Red Soil,Rainfed,Brinjal,4.4,Perennial,Cash Crops,Coffee,242,94174,291025
23.81,84.17,Plateau,Entisol,Irrigated,Rice,3.6,Short-term,Pulses,Pigeon Pea,112,6422,20402
23.21,83.54,Hilly,Inceptisol,Canal,Niger,1.6,Short-term,Pulses,Lentil,89,11734,37328
24.2,85.91,Plain,Alfisol,Rainfed,Maize,3.4,Long-term,Oilseeds,Groundnut,129,29310,116752
23.11,84.13,Plain,Red Soil,Tube-well,Wheat,3.3,Perennial,Cash Crops,Tobacco,228,52206,114176
24.48,85.19,Plain,Red Soil,Irrigated,Coffee,4.2,Perennial,Fruits,Jackfruit,192,47491,184561
24.16,85.27,Plateau,Entisol,Irrigated,Sunflower,1.3,Short-term,Vegetables,Tomato,72,16619,39724
23.3,85.03,Plain,Red Soil,Canal,Banana,3.6,Short-term,Oilseeds,Groundnut,114,13973,41393
23.01,84.28,Plain,Red Soil,Rainfed,Sesame,0.6,Long-term,Oilseeds,Sunflower,127,13521,39933
24.22,84.18,Hilly,Laterite,Rainfed,Sugarcane,3.6,Short-term,Vegetables,Cabbage,81,18687,70388
24.06,84.99,Plain,Alfisol,Tube-well,Soybean,4.8,Short-term,Pulses,Pea,116,7171,25865
24.09,85.67,Plain,Red Soil,Tube-well,Cabbage,1.3,Long-term,Cereals,Barley,123,10718,23496
24.16,85.87,Plain,Alfisol,Tube-well,Mango+Lentil,1.9,Mixed,Agroforestry,Rice+Lentil,226,53052,129369
23.11,83.76,Hilly,Laterite,Tube-well,Mango,3.1,Long-term,Fruits,Litchi,172,19509,70120
23.54,83.89,Hilly,Laterite,Rainfed,Coffee,3.8,Long-term,Vegetables,Cauliflower,121,17866,68833
23.17,85.86,Plain,Alfisol,Canal,Jackfruit,2.0,Short-term,Cereals,Wheat,91,18218,57600
24.29,85.34,Hilly,Laterite,Rainfed,Niger,3.5,Long-term,Cereals,Maize,124,7665,22461
23.93,85.71,Plateau,Laterite,Tube-well,Banana,4.5,Long-term,Vegetables,Cauliflower,140,27750,75387
23.5,84.01,Plain,Red Soil,Rainfed,Banana,3.8,Short-term,Oilseeds,Sesame,106,16137,36245
23.1,84.97,Plain,Alfisol,Irrigated,Pea,3.7,Mixed,Agroforestry,Banana+Pea,289,27951,81519
23.47,85.25,Plain,Red Soil,Irrigated,Tomato,2.2,Short-term,Oilseeds,Sesame,100,11055,28911
23.49,85.2,Hilly,Laterite,Rainfed,Onion,4.6,Short-term,Oilseeds,Sesame,93,17933,67845
24.09,84.52,Plateau,Laterite,Rainfed,Potato,1.7,Short-term,Pulses,Pigeon Pea,83,8347,18680
23.96,83.54,Plain,Red Soil,Canal,Mustard,1.4,Long-term,Cereals,Sorghum,151,12737,35120
24.33,84.96,Plateau,Laterite,Canal,Cabbage,2.1,Long-term,Oilseeds,Groundnut,125,26855,100762
23.71,84.13,Plain,Alfisol,Rainfed,Ladyfinger,3.4,Mixed,Agroforestry,Timber+Paddy,183,35644,125985
23.18,84.63,Hilly,Inceptisol,Irrigated,Pigeon Pea,4.4,Perennial,Fruits,Guava,274,31545,81294
24.07,85.89,Plateau,Laterite,Irrigated,Paddy,1.1,Perennial,Fruits,Papaya,361,28847,93833
24.14,84.5,Plain,Red Soil,Rainfed,Sunflower,4.2,Mixed,Agroforestry,Banana+Pea,292,45125,118686
23.84,85.6,Hilly,Inceptisol,Rainfed,Sesame,4.2,Perennial,Cash Crops,Coffee,299,24125,51856
24.16,83.97,Plain,Red Soil,Canal,Paddy,3.1,Perennial,Fruits,Litchi,208,20833,63663
23.74,85.18,Plateau,Laterite,Irrigated,Tomato,3.9,Short-term,Pulses,Black Gram,80,12206,34092
23.78,85.94,Plain,Red Soil,Irrigated,Tobacco,1.3,Short-term,Oilseeds,Soybean,96,23770,54175
23.64,83.75,Plateau,Laterite,Irrigated,Pigeon Pea,1.3,Perennial,Cash Crops,Coffee,221,32869,106535
23.04,83.52,Plain,Red Soil,Rainfed,Groundnut,4.4,Long-term,Oilseeds,Mustard,123,24763,94459
23.16,84.58,Plateau,Laterite,Rainfed,Mango,2.7,Short-term,Vegetables,Cabbage,108,18319,61279
23.05,83.73,Plain,Red Soil,Rainfed,Pigeon Pea,1.6,Mixed,Agroforestry,Mango+Lentil,259,29272,81130
23.95,85.37,Plateau,Laterite,Rainfed,Groundnut,3.6,Short-term,Pulses,Lentil,91,12404,24886
23.47,85.79,Plain,Alfisol,Irrigated,Brinjal,4.5,Perennial,Cash Crops,Jute,181,93375,310615
23.76,84.59,Plateau,Entisol,Tube-well,Black Gram,3.3,Perennial,Cash Crops,Cotton,275,99449,396470
24.36,84.15,Plain,Red Soil,Rainfed,Maize+Mustard,2.1,Short-term,Vegetables,Cauliflower,115,9718,30060
23.37,84.59,Plain,Red Soil,Rainfed,Maize,2.7,Perennial,Fruits,Papaya,344,44608,138865
23.62,85.31,Hilly,Laterite,Irrigated,Wheat,3.9,Short-term,Cereals,Wheat,105,12124,33604
24.13,83.52,Plain,Red Soil,Canal,Tobacco,0.8,Short-term,Vegetables,Brinjal,105,11527,23353
23.34,84.97,Plain,Alfisol,Irrigated,Cauliflower,1.5,Short-term,Oilseeds,Sunflower,105,12171,44585
23.12,85.03,Plateau,Entisol,Canal,Papaya,2.6,Short-term,Pulses,Green Gram,91,8695,26502
23.43,85.09,Plateau,Entisol,Irrigated,Cotton,3.2,Long-term,Vegetables,Brinjal,144,17941,55883
23.24,84.11,Plain,Alfisol,Irrigated,Tomato,2.0,Perennial,Fruits,Jackfruit,315,23339,62512
24.39,85.29,Plateau,Laterite,Rainfed,Sesame,1.8,Mixed,Agroforestry,Banana+Pea,350,44543,125016
24.21,83.73,Hilly,Laterite,Rainfed,Mustard,0.7,Short-term,Oilseeds,Soybean,107,10137,36688
23.95,84.0,Plain,Red Soil,Rainfed,Sesame,0.6,Perennial,Fruits,Jackfruit,205,41189,151483
24.31,85.69,Plateau,Entisol,Irrigated,Wheat,1.8,Perennial,Fruits,Mango,327,42049,105792
24.21,85.35,Hilly,Laterite,Tube-well,Rice,2.9,Perennial,Fruits,Mango,342,42835,153068
23.28,83.53,Plateau,Laterite,Canal,Tomato,3.0,Short-term,Oilseeds,Niger,108,19623,47565
24.34,84.12,Plain,Alfisol,Rainfed,Cotton,2.7,Perennial,Fruits,Banana,320,48283,182224
23.81,84.04,Hilly,Inceptisol,Rainfed,Mango+Lentil,2.3,Long-term,Fruits,Banana,174,24897,71085
24.21,84.18,Plain,Alfisol,Rainfed,Mango+Lentil,1.6,Long-term,Oilseeds,Mustard,128,29325,63157
24.34,84.12,Plain,Alfisol,Rainfed,Pigeon Pea,2.3,Short-term,Pulses,Gram,94,14148,43410
23.48,83.66,Plain,Alfisol,Irrigated,Mango,1.1,Long-term,Vegetables,Ladyfinger,122,26749,84009
23.17,84.65,Plateau,Laterite,Tube-well,Brinjal,1.0,Perennial,Cash Crops,Cotton,292,96593,350685
23.34,85.33,Plateau,Laterite,Tube-well,Tobacco,1.8,Mixed,Agroforestry,Mango+Lentil,194,26036,66132
23.64,85.02,Plateau,Entisol,Irrigated,Maize,5.0,Short-term,Pulses,Gram,101,12690,41476
24.23,85.18,Hilly,Laterite,Canal,Black Gram,2.0,Perennial,Cash Crops,Jute,285,48210,140508
24.29,83.7,Plain,Red Soil,Irrigated,Guava,4.7,Short-term,Vegetables,Brinjal,88,10327,23438
23.01,85.88,Plain,Red Soil,Rainfed,Litchi,2.3,Long-term,Cash Crops,Tea,159,67350,198265
23.77,85.6,Plain,Red Soil,Irrigated,Brinjal,2.5,Mixed,Agroforestry,Timber+Paddy,265,54164,190423
23.63,85.51,Plain,Alfisol,Irrigated,Rice,4.1,Perennial,Fruits,Papaya,313,15691,34914
23.33,85.56,Plateau,Laterite,Irrigated,Mango+Lentil,0.9,Perennial,Cash Crops,Jute,320,25456,54325
23.18,85.83,Hilly,Laterite,Rainfed,Tomato,1.3,Perennial,Cash Crops,Cotton,233,94868,227311
23.51,84.86,Plain,Red Soil,Rainfed,Millets,4.9,Perennial,Cash Crops,Jute,298,79150,284353
24.41,84.0,Plain,Alfisol,Rainfed,Pigeon Pea,2.8,Short-term,Cereals,Maize,94,16030,45198
23.48,85.04,Plain,Red Soil,Tube-well,Jute,0.7,Perennial,Cash Crops,Cotton,180,48812,186582
23.78,85.36,Hilly,Inceptisol,Rainfed,Sorghum,0.7,Perennial,Cash Crops,Coffee,316,59266,206800
24.05,85.34,Plateau,Entisol,Irrigated,Papaya,4.6,Perennial,Cash Crops,Cotton,313,36494,94559
23.55,84.8,Hilly,Inceptisol,Irrigated,Pea,4.4,Mixed,Agroforestry,Banana+Pea,305,63814,250769
24.46,83.67,Plateau,Entisol,Rainfed,Papaya,2.6,Mixed,Agroforestry,Timber+Paddy,209,58162,232616
24.44,84.43,Hilly,Laterite,Irrigated,Tobacco,1.2,Short-term,Vegetables,Ladyfinger,104,20134,65498
23.38,85.8,Plain,Alfisol,Canal,Rice,4.2,Long-term,Oilseeds,Niger,127,8284,22134
23.75,84.96,Plain,Alfisol,Rainfed,Maize+Mustard,2.0,Long-term,Cash Crops,Cotton,176,48443,100858
23.45,84.85,Plateau,Entisol,Tube-well,Gram,2.4,Long-term,Cereals,Millets,169,14320,32753
23.43,84.17,Plateau,Entisol,Rainfed,Tobacco,3.6,Perennial,Fruits,Papaya,238,34732,87137
23.06,84.42,Plain,Alfisol,Rainfed,Sunflower,2.1,Perennial,Cash Crops,Sugarcane,281,71940,280105
23.91,85.74,Hilly,Laterite,Canal,Niger,3.3,Short-term,Oilseeds,Mustard,93,11499,42295
23.75,85.17,Hilly,Inceptisol,Canal,Sugarcane,4.5,Long-term,Vegetables,Ladyfinger,149,18736,44443
23.08,85.47,Hilly,Laterite,Tube-well,Soybean,4.1,Short-term,Pulses,Pigeon Pea,85,14340,50846
23.42,84.64,Plateau,Laterite,Irrigated,Litchi,2.2,Mixed,Agroforestry,Timber+Paddy,280,27077,58329
24.36,85.08,Hilly,Inceptisol,Tube-well,Potato,1.8,Short-term,Oilseeds,Sunflower,108,21616,75485
23.36,84.12,Hilly,Laterite,Canal,Maize,1.8,Short-term,Pulses,Pea,86,7909,26226
23.22,85.26,Plain,Red Soil,Canal,Wheat,2.1,Perennial,Cash Crops,Cotton,292,47100,183822
23.73,84.57,Plain,Red Soil,Irrigated,Jute,2.7,Perennial,Fruits,Mango,237,42571,161695
24.48,84.61,Plain,Alfisol,Rainfed,Mango+Lentil,2.4,Perennial,Fruits,Jackfruit,207,24860,57806
23.36,85.12,Plain,Alfisol,Tube-well,Groundnut,1.1,Short-term,Cereals,Rice,92,12389,44562
24.01,85.84,Plateau,Entisol,Rainfed,Potato,1.2,Short-term,Vegetables,Ladyfinger,94,20142,63291
24.14,83.66,Plateau,Entisol,Irrigated,Black Gram,2.0,Mixed,Agroforestry,Timber+Paddy,268,19115,57254
23.36,85.56,Plain,Alfisol,Rainfed,Banana,3.0,Perennial,Cash Crops,Tea,239,59355,216666
24.09,84.23,Plateau,Entisol,Irrigated,Black Gram,3.2,Short-term,Oilseeds,Groundnut,117,12821,29464
23.55,84.61,Plain,Alfisol,Rainfed,Sugarcane,2.7,Short-term,Oilseeds,Sesame,105,17655,45747
23.95,83.55,Plain,Red Soil,Rainfed,Tomato,3.8,Perennial,Fruits,Litchi,262,35839,78817
23.95,84.25,Plain,Red Soil,Canal,Maize+Mustard,3.8,Long-term,Cash Crops,Jute,156,26704,55295
23.8,84.76,Plain,Alfisol,Rainfed,Potato,2.4,Short-term,Vegetables,Tomato,116,21555,67036
23.14,83.64,Plain,Red Soil,Irrigated,Rice+Lentil,1.1,Short-term,Oilseeds,Niger,111,24942,64568
24.25,84.73,Hilly,Inceptisol,Rainfed,Mango+Lentil,2.9,Short-term,Cereals,Millets,91,19990,57434
23.48,85.82,Hilly,Inceptisol,Rainfed,Timber+Paddy,2.2,Short-term,Oilseeds,Groundnut,110,23756,51534
23.28,83.76,Plateau,Entisol,Rainfed,Tea,1.1,Long-term,Cereals,Maize,148,15761,38810
23.06,85.41,Plain,Red Soil,Irrigated,Cabbage,4.9,Long-term,Cereals,Millets,126,15621,50449
23.89,84.52,Plain,Alfisol,Rainfed,Ladyfinger,2.2,Long-term,Cereals,Paddy,123,9422,36642
24.02,85.14,Plain,Alfisol,Tube-well,Paddy,3.3,Long-term,Cereals,Millets,144,8846,32173
23.02,84.15,Hilly,Inceptisol,Rainfed,Paddy,2.7,Perennial,Fruits,Papaya,227,40221,88490
23.77,83.9,Plain,Alfisol,Rainfed,Gram,1.1,Short-term,Oilseeds,Mustard,116,9945,36681
23.34,83.9,Plateau,Laterite,Rainfed,Ladyfinger,0.7,Perennial,Fruits,Banana,251,49899,190015
23.97,83.68,Hilly,Inceptisol,Rainfed,Cauliflower,3.3,Long-term,Oilseeds,Soybean,121,19991,52087
23.26,83.96,Hilly,Laterite,Irrigated,Cauliflower,1.6,Perennial,Cash Crops,Tea,344,23868,92030
24.04,85.16,Hilly,Laterite,Canal,Maize+Mustard,1.6,Long-term,Cereals,Barley,147,11228,40278
23.58,85.7,Plain,Alfisol,Irrigated,Black Gram,4.8,Long-term,Cereals,Barley,136,7380,19320
24.41,85.54,Plain,Alfisol,Rainfed,Gram,2.6,Long-term,Cereals,Rice,129,15479,45153
23.21,85.21,Plain,Red Soil,Rainfed,Lentil,0.6,Perennial,Cash Crops,Tobacco,220,43184,121543
23.51,83.78,Hilly,Laterite,Rainfed,Maize,2.0,Short-term,Pulses,Gram,95,8293,23094
23.17,84.22,Plain,Red Soil,Tube-well,Potato,3.1,Long-term,Cash Crops,Coffee,164,56087,120847
24.39,84.27,Plain,Red Soil,Rainfed,Litchi,2.0,Short-term,Vegetables,Cabbage,71,26505,105297
24.32,84.12,Plateau,Entisol,Irrigated,Cauliflower,0.6,Perennial,Fruits,Papaya,217,26622,54664
23.39,84.79,Plain,Red Soil,Rainfed,Sorghum,2.5,Short-term,Cereals,Barley,112,12520,36225
23.99,84.84,Plateau,Laterite,Rainfed,Tomato,1.0,Long-term,Vegetables,Ladyfinger,147,28459,95098
24.23,84.39,Plateau,Laterite,Rainfed,Groundnut,3.3,Perennial,Cash Crops,Coffee,300,77505,272193
23.83,84.38,Plain,Red Soil,Rainfed,Pea,3.3,Mixed,Agroforestry,Banana+Pea,188,44681,97685
23.79,85.57,Plain,Alfisol,Irrigated,Banana+Pea,0.7,Short-term,Pulses,Pigeon Pea,106,16680,58607
23.36,85.47,Plain,Alfisol,Rainfed,Ladyfinger,1.8,Long-term,Cereals,Sorghum,126,19298,70303
23.14,84.27,Hilly,Inceptisol,Irrigated,Papaya,2.4,Long-term,Oilseeds,Sunflower,125,23920,91103
24.35,85.78,Hilly,Laterite,Rainfed,Barley,3.0,Short-term,Oilseeds,Groundnut,97,27179,96519
24.35,85.88,Plateau,Laterite,Tube-well,Pigeon Pea,1.8,Short-term,Pulses,Gram,116,11900,25960
23.95,84.32,Plateau,Entisol,Rainfed,Papaya,1.8,Perennial,Fruits,Jackfruit,235,16221,57736
23.51,84.39,Hilly,Inceptisol,Canal,Soybean,4.9,Mixed,Agroforestry,Timber+Paddy,325,38360,84975
23.52,84.76,Plain,Red Soil,Canal,Millets,0.7,Short-term,Vegetables,Onion,110,23401,47174
24.09,85.85,Plain,Alfisol,Tube-well,Soybean,5.0,Short-term,Vegetables,Potato,105,9990,29587
24.35,85.69,Plateau,Laterite,Rainfed,Banana+Pea,0.7,Short-term,Cereals,Paddy,97,15960,32635
24.33,83.76,Plain,Red Soil,Irrigated,Tomato,1.8,Perennial,Cash Crops,Tea,276,93528,344945
24.17,84.48,Plain,Red Soil,Rainfed,Cotton,2.7,Short-term,Vegetables,Cabbage,115,12742,38853
23.96,84.88,Plateau,Laterite,Rainfed,Wheat,1.1,Perennial,Fruits,Litchi,249,20288,65954
23.13,84.76,Hilly,Laterite,Rainfed,Groundnut,1.1,Perennial,Cash Crops,Sugarcane,221,89058,191806
23.24,83.98,Plateau,Laterite,Rainfed,Niger,1.7,Short-term,Pulses,Lentil,101,7563,29685
24.35,85.65,Hilly,Inceptisol,Tube-well,Cotton,4.9,Perennial,Fruits,Litchi,195,10202,21345
23.91,85.19,Plain,Alfisol,Rainfed,Mustard,2.2,Perennial,Fruits,Papaya,338,19537,40716
23.01,85.59,Plateau,Entisol,Irrigated,Cauliflower,3.0,Long-term,Cash Crops,Coffee,158,69683,233722
23.15,85.65,Plain,Red Soil,Irrigated,Banana,3.7,Mixed,Agroforestry,Rice+Lentil,191,60531,139063
24.0,85.37,Plain,Alfisol,Irrigated,Jackfruit,3.8,Short-term,Oilseeds,Sesame,103,12015,31159
23.01,84.6,Hilly,Laterite,Irrigated,Coffee,3.6,Short-term,Oilseeds,Mustard,106,28533,77520
23.24,85.03,Plain,Red Soil,Rainfed,Pea,2.0,Short-term,Pulses,Pigeon Pea,114,13535,52838
23.82,83.9,Hilly,Laterite,Irrigated,Lentil,1.0,Long-term,Fruits,Mango,164,35278,85418
24.04,85.18,Plain,Red Soil,Rainfed,Cauliflower,1.8,Mixed,Agroforestry,Mango+Lentil,335,75937,154696
23.98,83.95,Hilly,Inceptisol,Tube-well,Tea,1.4,Perennial,Fruits,Banana,274,23052,64142
23.34,85.23,Plain,Alfisol,Irrigated,Papaya,1.1,Long-term,Vegetables,Tomato,141,21269,45579
24.07,84.07,Plateau,Entisol,Tube-well,Papaya,0.6,Short-term,Vegetables,Onion,105,14967,59804
23.36,83.79,Plateau,Laterite,Rainfed,Brinjal,4.7,Mixed,Agroforestry,Timber+Paddy,347,30674,81742
23.49,83.91,Plain,Alfisol,Rainfed,Mango,4.6,Long-term,Vegetables,Cabbage,135,28232,75029
24.12,83.5,Plain,Alfisol,Rainfed,Litchi,0.7,Mixed,Agroforestry,Maize+Mustard,244,61978,206897
23.97,85.3,Plain,Alfisol,Rainfed,Banana+Pea,1.3,Short-term,Pulses,Black Gram,102,5288,18392
24.27,85.33,Plain,Red Soil,Rainfed,Paddy,1.1,Perennial,Fruits,Litchi,241,11074,27082
23.99,84.79,Plateau,Entisol,Irrigated,Sorghum,1.8,Short-term,Pulses,Lentil,105,9274,35114
23.85,83.9,Plateau,Laterite,Rainfed,Mustard,1.4,Long-term,Vegetables,Potato,134,10508,33034
23.14,83.71,Plain,Alfisol,Irrigated,Timber+Paddy,4.8,Short-term,Pulses,Black Gram,88,18348,50648
23.55,83.55,Plain,Red Soil,Canal,Timber+Paddy,0.9,Short-term,Pulses,Pea,107,7403,28788
23.4,83.91,Plain,Alfisol,Irrigated,Pea,1.5,Long-term,Cereals,Barley,178,6287,16575
23.37,85.73,Hilly,Inceptisol,Rainfed,Cotton,0.9,Mixed,Agroforestry,Rice+Lentil,275,73809,228124
24.46,84.1,Plain,Alfisol,Rainfed,Ladyfinger,4.9,Short-term,Oilseeds,Mustard,92,20657,59157
23.59,84.39,Plateau,Laterite,Rainfed,Brinjal,4.6,Short-term,Vegetables,Cabbage,103,23844,89868
24.34,83.76,Plateau,Entisol,Rainfed,Lentil,3.7,Long-term,Fruits,Guava,157,18911,71695
23.95,84.06,Plain,Alfisol,Irrigated,Coffee,2.4,Long-term,Cereals,Wheat,137,15112,41495
24.19,84.8,Hilly,Laterite,Rainfed,Gram,1.4,Long-term,Vegetables,Cauliflower,147,15068,36693
23.75,85.02,Plateau,Laterite,Canal,Mustard,1.5,Short-term,Oilseeds,Sunflower,100,26254,88897
23.87,84.11,Hilly,Laterite,Irrigated,Paddy,2.5,Short-term,Pulses,Gram,97,16565,57830
23.74,83.64,Plain,Red Soil,Irrigated,Paddy,4.0,Mixed,Agroforestry,Maize+Mustard,284,28761,100313
23.29,84.48,Plain,Alfisol,Rainfed,Lentil,1.7,Perennial,Cash Crops,Sugarcane,201,61949,126744
24.08,84.09,Plateau,Entisol,Rainfed,Maize,1.9,Short-term,Pulses,Gram,95,15645,58909
23.42,84.05,Hilly,Laterite,Irrigated,Mustard,3.2,Long-term,Fruits,Papaya,166,16780,36891
23.04,85.9,Hilly,Inceptisol,Rainfed,Sunflower,1.6,Perennial,Fruits,Banana,248,33765,131256
23.97,85.04,Plateau,Laterite,Rainfed,Cabbage,3.1,Short-term,Vegetables,Cabbage,113,18556,50667
23.27,84.89,Plateau,Entisol,Rainfed,Ladyfinger,2.2,Long-term,Vegetables,Cauliflower,146,13422,47654
24.41,84.54,Plateau,Laterite,Rainfed,Banana,0.7,Short-term,Cereals,Barley,116,18598,51007
24.43,84.57,Plain,Alfisol,Irrigated,Mustard,2.3,Perennial,Cash Crops,Cotton,274,69214,207286
24.37,84.85,Hilly,Laterite,Rainfed,Lentil,4.6,Long-term,Cereals,Millets,128,17466,68093
23.56,85.24,Plateau,Laterite,Irrigated,Ladyfinger,1.8,Long-term,Vegetables,Brinjal,141,28797,111436
23.02,85.26,Plateau,Entisol,Rainfed,Wheat,2.0,Short-term,Oilseeds,Groundnut,97,27161,82590
24.39,83.93,Hilly,Inceptisol,Irrigated,Pigeon Pea,0.8,Short-term,Pulses,Lentil,97,13011,49484
23.64,84.75,Plain,Alfisol,Canal,Sunflower,3.3,Short-term,Pulses,Pea,89,13578,46161
24.45,84.53,Plateau,Laterite,Canal,Cotton,4.3,Mixed,Agroforestry,Banana+Pea,311,62676,211343
24.45,85.68,Plateau,Entisol,Rainfed,Niger,2.1,Long-term,Cash Crops,Coffee,161,65602,207417
24.28,85.08,Plain,Red Soil,Rainfed,Rice+Lentil,1.6,Long-term,Oilseeds,Groundnut,125,27777,99088
23.44,84.83,Hilly,Inceptisol,Rainfed,Sesame,4.8,Long-term,Cereals,Wheat,128,16801,62897
23.58,83.79,Plain,Alfisol,Irrigated,Green Gram,3.9,Perennial,Fruits,Mango,200,19185,58213
24.28,85.01,Plain,Red Soil,Irrigated,Barley,3.1,Short-term,Pulses,Pea,108,19660,48169
23.48,83.79,Plain,Red Soil,Irrigated,Brinjal,1.9,Perennial,Fruits,Guava,278,45377,94663
23.25,84.34,Hilly,Inceptisol,Rainfed,Cauliflower,1.5,Short-term,Vegetables,Brinjal,115,8794,32957
23.84,83.86,Hilly,Laterite,Irrigated,Papaya,3.7,Short-term,Pulses,Gram,91,18001,67065
24.4,85.23,Hilly,Laterite,Rainfed,Gram,2.8,Perennial,Fruits,Papaya,315,36669,99666
24.04,84.02,Hilly,Inceptisol,Irrigated,Ladyfinger,2.8,Mixed,Agroforestry,Mango+Lentil,338,48623,139501
23.86,84.48,Plateau,Laterite,Rainfed,Soybean,0.8,Short-term,Vegetables,Onion,84,12596,46089
23.15,85.74,Plain,Alfisol,Irrigated,Rice,2.8,Short-term,Oilseeds,Niger,94,11447,45128
23.92,84.01,Plain,Alfisol,Rainfed,Banana,4.2,Mixed,Agroforestry,Rice+Lentil,211,30326,107476
24.49,84.77,Plateau,Laterite,Rainfed,Mustard,4.8,Perennial,Cash Crops,Coffee,343,50639,162152
23.21,84.55,Plain,Alfisol,Irrigated,Timber+Paddy,1.0,Mixed,Agroforestry,Timber+Paddy,224,18015,50933
23.78,83.55,Plateau,Laterite,Rainfed,Cotton,3.3,Perennial,Fruits,Mango,354,14234,49808
24.32,85.48,Plateau,Entisol,Irrigated,Litchi,3.1,Long-term,Vegetables,Brinjal,148,14842,31542
24.11,83.67,Hilly,Laterite,Irrigated,Millets,4.5,Short-term,Oilseeds,Sesame,110,27329,109191
24.05,84.69,Plateau,Laterite,Irrigated,Barley,3.9,Mixed,Agroforestry,Rice+Lentil,184,26777,92267
24.05,84.9,Plain,Red Soil,Rainfed,Litchi,4.8,Long-term,Vegetables,Cauliflower,129,20456,77975
23.54,85.07,Plain,Red Soil,Rainfed,Coffee,4.8,Long-term,Cereals,Millets,145,9661,34052
23.44,85.22,Hilly,Laterite,Irrigated,Soybean,1.5,Short-term,Oilseeds,Sunflower,94,10427,22479
24.21,84.13,Plain,Alfisol,Rainfed,Soybean,3.8,Perennial,Fruits,Guava,284,14902,56654
24.22,83.52,Plateau,Entisol,Irrigated,Banana+Pea,2.9,Short-term,Oilseeds,Groundnut,101,29620,67520
24.3,85.31,Plain,Red Soil,Rainfed,Barley,1.5,Long-term,Oilseeds,Sesame,120,22205,82139
24.37,84.84,Hilly,Inceptisol,Rainfed,Banana,1.4,Long-term,Cereals,Maize,145,8841,26398
23.77,85.59,Hilly,Laterite,Rainfed,Sugarcane,0.9,Perennial,Fruits,Banana,236,20154,43267
23.75,85.55,Hilly,Laterite,Rainfed,Pigeon Pea,4.1,Short-term,Vegetables,Potato,118,14639,31756
24.2,85.61,Plain,Alfisol,Rainfed,Banana+Pea,2.0,Mixed,Agroforestry,Mango+Lentil,250,77876,274899
23.97,84.71,Plain,Alfisol,Irrigated,Millets,4.4,Long-term,Cash Crops,Tobacco,172,64183,136784
24.05,84.33,Plateau,Laterite,Irrigated,Brinjal,3.2,Short-term,Oilseeds,Soybean,97,22383,87977
24.19,85.48,Plain,Red Soil,Rainfed,Maize+Mustard,3.5,Perennial,Fruits,Jackfruit,306,33382,93413
24.34,84.63,Plateau,Laterite,Tube-well,Wheat,1.8,Perennial,Fruits,Guava,315,27144,63253
23.51,83.96,Hilly,Laterite,Irrigated,Soybean,2.6,Long-term,Cereals,Sorghum,151,19805,56247
23.56,85.64,Plateau,Laterite,Tube-well,Brinjal,2.4,Perennial,Cash Crops,Cotton,296,43877,128027
23.14,85.71,Plateau,Laterite,Irrigated,Cabbage,1.6,Short-term,Vegetables,Onion,106,20837,51647
23.87,84.67,Plain,Alfisol,Irrigated,Lentil,4.2,Perennial,Cash Crops,Tobacco,215,43091,105766
23.05,83.69,Hilly,Laterite,Rainfed,Maize+Mustard,3.3,Perennial,Cash Crops,Tea,261,90624,295936
23.7,84.47,Plateau,Laterite,Rainfed,Guava,0.7,Mixed,Agroforestry,Rice+Lentil,291,26631,54387
23.81,85.51,Hilly,Inceptisol,Rainfed,Groundnut,4.2,Short-term,Pulses,Green Gram,101,15235,43264
23.43,85.75,Plateau,Laterite,Irrigated,Guava,1.0,Long-term,Oilseeds,Groundnut,125,23740,70504
23.89,84.01,Hilly,Laterite,Rainfed,Lentil,2.3,Long-term,Cash Crops,Coffee,174,57214,211017
23.05,83.67,Plain,Alfisol,Irrigated,Rice,3.1,Long-term,Cash Crops,Sugarcane,161,90938,249376
23.06,85.69,Plain,Red Soil,Rainfed,Tobacco,0.5,Mixed,Agroforestry,Maize+Mustard,193,36559,136947
24.23,84.47,Plateau,Entisol,Canal,Gram,3.4,Short-term,Pulses,Pigeon Pea,117,17228,65833
23.54,84.85,Plain,Red Soil,Rainfed,Sesame,3.5,Short-term,Cereals,Millets,112,18686,40559
23.19,85.92,Plateau,Entisol,Rainfed,Mango,3.4,Long-term,Cash Crops,Coffee,171,59441,235072
23.78,83.67,Plateau,Entisol,Rainfed,Sesame,1.2,Perennial,Fruits,Guava,273,40572,156187
24.15,85.12,Plain,Alfisol,Rainfed,Jackfruit,1.7,Mixed,Agroforestry,Banana+Pea,186,33454,120317
23.32,83.69,Plain,Red Soil,Rainfed,Jackfruit,1.6,Perennial,Fruits,Banana,263,38511,94450
23.93,84.44,Plateau,Laterite,Irrigated,Tea,4.8,Long-term,Vegetables,Onion,149,12578,30777
23.13,85.51,Plain,Alfisol,Rainfed,Tea,0.8,Mixed,Agroforestry,Banana+Pea,263,36353,84385
23.08,84.58,Plateau,Entisol,Rainfed,Potato,2.4,Perennial,Cash Crops,Tea,252,54782,179724
23.8,85.99,Hilly,Laterite,Canal,Jackfruit,4.4,Long-term,Cereals,Rice,175,17150,67872
23.81,84.9,Hilly,Laterite,Rainfed,Litchi,4.0,Mixed,Agroforestry,Rice+Lentil,335,48152,155256
23.96,84.3,Plateau,Laterite,Tube-well,Coffee,4.2,Mixed,Agroforestry,Rice+Lentil,192,55494,220491
24.09,84.05,Plain,Red Soil,Tube-well,Groundnut,4.9,Short-term,Vegetables,Cauliflower,100,14151,40661
24.46,84.38,Hilly,Laterite,Rainfed,Mustard,2.2,Long-term,Vegetables,Potato,143,8100,28471
23.77,84.43,Plain,Alfisol,Rainfed,Cauliflower,1.9,Long-term,Cereals,Maize,122,15988,46507
23.48,83.67,Plain,Red Soil,Rainfed,Onion,0.6,Mixed,Agroforestry,Rice+Lentil,291,26693,89321
24.19,84.42,Hilly,Inceptisol,Irrigated,Jute,1.2,Perennial,Fruits,Mango,259,13856,28787
23.41,84.66,Plateau,Laterite,Irrigated,Sunflower,3.0,Short-term,Vegetables,Onion,104,8701,20750
23.66,85.31,Plain,Alfisol,Irrigated,Timber+Paddy,1.2,Perennial,Fruits,Banana,343,16836,58268
23.12,85.14,Hilly,Inceptisol,Irrigated,Sorghum,3.8,Mixed,Agroforestry,Mango+Lentil,330,36375,108069
23.04,85.27,Hilly,Laterite,Rainfed,Pigeon Pea,0.7,Short-term,Pulses,Black Gram,81,13102,38754
24.44,83.52,Plain,Alfisol,Canal,Soybean,1.7,Mixed,Agroforestry,Maize+Mustard,266,64869,164966
24.25,84.04,Plain,Alfisol,Irrigated,Guava,3.6,Long-term,Cereals,Paddy,155,10334,32949
24.04,85.15,Plateau,Entisol,Irrigated,Cauliflower,1.6,Mixed,Agroforestry,Mango+Lentil,208,45697,102116
23.61,84.71,Plateau,Entisol,Canal,Wheat,3.8,Long-term,Cereals,Rice,121,5014,18236
23.26,83.51,Hilly,Laterite,Irrigated,Banana+Pea,5.0,Perennial,Cash Crops,Tea,307,28127,98232
23.23,85.51,Hilly,Inceptisol,Rainfed,Cotton,4.1,Mixed,Agroforestry,Timber+Paddy,212,37713,107693
23.38,85.43,Plain,Red Soil,Rainfed,Brinjal,2.0,Long-term,Cereals,Millets,137,7513,25348
23.82,84.87,Hilly,Inceptisol,Rainfed,Litchi,4.6,Mixed,Agroforestry,Mango+Lentil,304,79994,201272
24.07,83.67,Hilly,Laterite,Rainfed,Coffee,0.7,Short-term,Oilseeds,Groundnut,116,23316,71095
23.99,85.42,Hilly,Laterite,Tube-well,Green Gram,3.8,Short-term,Vegetables,Tomato,102,19325,57738
23.42,84.96,Plain,Red Soil,Rainfed,Sugarcane,0.6,Short-term,Oilseeds,Niger,93,23419,72318
24.43,85.45,Plain,Alfisol,Irrigated,Paddy,1.3,Perennial,Cash Crops,Sugarcane,249,98966,392560
24.11,85.38,Plain,Red Soil,Irrigated,Jackfruit,4.9,Perennial,Fruits,Banana,322,29108,99105
23.83,85.51,Plateau,Laterite,Rainfed,Paddy,2.1,Short-term,Oilseeds,Groundnut,95,22853,87463
23.92,84.8,Hilly,Inceptisol,Tube-well,Timber+Paddy,4.2,Short-term,Cereals,Paddy,97,15779,56550
23.63,83.85,Hilly,Laterite,Canal,Tobacco,2.2,Perennial,Fruits,Guava,187,47709,111428
23.37,85.18,Plain,Alfisol,Irrigated,Green Gram,4.3,Short-term,Pulses,Black Gram,109,8677,21901
23.53,85.05,Plain,Alfisol,Rainfed,Cauliflower,4.8,Perennial,Fruits,Jackfruit,216,48024,145149
24.14,85.36,Plateau,Laterite,Rainfed,Banana,2.5,Short-term,Vegetables,Ladyfinger,80,13156,32085
23.02,83.92,Hilly,Inceptisol,Rainfed,Jackfruit,3.0,Short-term,Oilseeds,Groundnut,96,23930,51378
23.17,83.99,Hilly,Inceptisol,Rainfed,Banana+Pea,3.3,Mixed,Agroforestry,Mango+Lentil,246,54441,180862
23.07,85.73,Plain,Alfisol,Irrigated,Sesame,4.7,Long-term,Cereals,Barley,125,8727,31679
23.06,85.37,Plateau,Laterite,Tube-well,Cotton,1.7,Long-term,Cereals,Millets,135,19418,62032
24.28,85.77,Plain,Alfisol,Irrigated,Cotton,3.3,Perennial,Cash Crops,Coffee,327,28174,102168
24.06,85.4,Plain,Alfisol,Canal,Tobacco,2.0,Mixed,Agroforestry,Mango+Lentil,314,19186,55094
23.71,84.99,Hilly,Inceptisol,Irrigated,Rice,1.5,Perennial,Cash Crops,Sugarcane,318,60452,149174
23.15,85.14,Plain,Red Soil,Rainfed,Banana+Pea,0.9,Long-term,Vegetables,Potato,144,19291,68675
23.74,85.72,Plain,Alfisol,Canal,Timber+Paddy,3.3,Perennial,Fruits,Litchi,210,12610,27693
23.71,84.95,Hilly,Laterite,Rainfed,Litchi,4.5,Short-term,Pulses,Gram,84,6290,22807
23.26,85.08,Hilly,Inceptisol,Canal,Rice,2.1,Short-term,Oilseeds,Soybean,104,26072,58655
23.65,83.89,Plateau,Laterite,Rainfed,Groundnut,3.0,Long-term,Cash Crops,Jute,166,83118,251499
23.6,84.68,Hilly,Laterite,Rainfed,Rice+Lentil,3.4,Short-term,Pulses,Pigeon Pea,98,7981,28747
23.92,85.29,Plain,Red Soil,Canal,Soybean,2.4,Perennial,Fruits,Papaya,276,16673,35088
23.95,84.18,Plain,Alfisol,Irrigated,Sugarcane,4.6,Long-term,Cereals,Millets,168,19685,44506
23.07,84.01,Plateau,Entisol,Canal,Brinjal,2.1,Short-term,Pulses,Lentil,97,12158,25950
23.56,84.28,Hilly,Inceptisol,Tube-well,Mango+Lentil,1.1,Perennial,Fruits,Jackfruit,336,18611,41086
23.94,84.1,Plateau,Laterite,Rainfed,Cotton,1.1,Short-term,Vegetables,Tomato,108,25803,58877
23.75,84.04,Plain,Alfisol,Irrigated,Sunflower,4.5,Perennial,Fruits,Jackfruit,202,41131,102648
24.28,84.56,Hilly,Inceptisol,Rainfed,Onion,4.9,Perennial,Cash Crops,Sugarcane,280,87370,304581
23.99,85.77,Plain,Red Soil,Irrigated,Timber+Paddy,1.8,Mixed,Agroforestry,Rice+Lentil,215,62894,247205
23.24,84.77,Hilly,Inceptisol,Irrigated,Millets,1.1,Short-term,Pulses,Black Gram,91,15322,41939
23.11,83.97,Plateau,Entisol,Rainfed,Litchi,2.7,Perennial,Cash Crops,Jute,304,37340,97202
23.96,83.69,Plateau,Laterite,Irrigated,Barley,3.7,Short-term,Oilseeds,Mustard,102,9955,30114
23.04,85.24,Hilly,Laterite,Irrigated,Maize+Mustard,3.3,Short-term,Oilseeds,Soybean,93,21763,60934
23.88,84.46,Hilly,Inceptisol,Rainfed,Maize+Mustard,4.8,Short-term,Cereals,Wheat,100,9694,35261
24.41,85.55,Plateau,Laterite,Canal,Guava,4.2,Long-term,Oilseeds,Sesame,129,9011,23646
23.86,85.15,Hilly,Inceptisol,Irrigated,Barley,4.4,Mixed,Agroforestry,Banana+Pea,305,28244,73090
23.58,85.49,Plain,Alfisol,Tube-well,Black Gram,2.9,Perennial,Fruits,Mango,344,15585,47532
23.96,84.18,Hilly,Inceptisol,Rainfed,Paddy,2.0,Short-term,Pulses,Green Gram,96,12677,46647
23.69,85.23,Plain,Alfisol,Rainfed,Green Gram,3.7,Perennial,Cash Crops,Cotton,197,84881,183861
23.82,84.16,Hilly,Inceptisol,Irrigated,Sorghum,2.5,Perennial,Cash Crops,Jute,312,77163,277189
24.41,85.85,Hilly,Laterite,Rainfed,Timber+Paddy,1.8,Long-term,Vegetables,Tomato,121,20099,50057
23.58,85.09,Hilly,Laterite,Tube-well,Maize,1.2,Mixed,Agroforestry,Banana+Pea,245,28199,89556
24.44,84.31,Plain,Alfisol,Rainfed,Black Gram,2.9,Long-term,Oilseeds,Groundnut,122,16968,46217
24.36,84.17,Plain,Red Soil,Irrigated,Rice,3.2,Short-term,Cereals,Maize,101,8256,22519
23.29,83.98,Hilly,Laterite,Irrigated,Mango,3.1,Long-term,Oilseeds,Sesame,120,26636,58109
23.1,85.24,Plateau,Entisol,Rainfed,Banana+Pea,1.0,Short-term,Pulses,Green Gram,85,5147,18442
23.15,84.05,Hilly,Laterite,Rainfed,Green Gram,3.1,Short-term,Pulses,Pea,114,15777,59784
23.03,84.99,Plain,Red Soil,Irrigated,Sunflower,1.3,Perennial,Fruits,Litchi,321,24307,52323
23.14,84.16,Plateau,Entisol,Irrigated,Gram,3.5,Short-term,Oilseeds,Sunflower,92,13094,35603
24.02,85.15,Plateau,Entisol,Rainfed,Jackfruit,2.4,Mixed,Agroforestry,Banana+Pea,228,78730,193591
23.11,85.54,Plain,Alfisol,Tube-well,Tomato,4.3,Short-term,Pulses,Black Gram,83,11731,37777
23.48,85.45,Plain,Alfisol,Rainfed,Sunflower,4.0,Short-term,Pulses,Pigeon Pea,113,9223,20630
24.27,85.4,Plateau,Entisol,Rainfed,Cotton,3.8,Perennial,Cash Crops,Tea,281,24666,73113
23.03,83.97,Plateau,Entisol,Irrigated,Jute,3.7,Perennial,Fruits,Guava,237,46688,97612
24.22,83.72,Plateau,Entisol,Rainfed,Jute,3.0,Long-term,Vegetables,Tomato,120,23926,75404
23.42,85.25,Plateau,Laterite,Tube-well,Tobacco,0.8,Perennial,Fruits,Mango,299,21994,68929
23.18,84.42,Hilly,Inceptisol,Rainfed,Timber+Paddy,3.4,Short-term,Vegetables,Ladyfinger,71,19651,72114
24.05,84.58,Hilly,Laterite,Rainfed,Cauliflower,2.6,Long-term,Fruits,Papaya,171,49768,164522
23.94,83.58,Plain,Red Soil,Rainfed,Sesame,2.6,Mixed,Agroforestry,Rice+Lentil,358,30055,63317
24.32,84.15,Plain,Alfisol,Irrigated,Rice+Lentil,2.2,Perennial,Fruits,Mango,287,31473,108276
24.1,83.58,Hilly,Laterite,Irrigated,Sugarcane,4.7,Perennial,Cash Crops,Jute,332,45015,169750
24.21,85.7,Hilly,Laterite,Irrigated,Brinjal,1.6,Mixed,Agroforestry,Mango+Lentil,354,47389,143963
23.42,84.11,Hilly,Laterite,Rainfed,Onion,1.9,Long-term,Cereals,Maize,178,18119,43882
23.27,84.89,Plateau,Entisol,Rainfed,Coffee,4.8,Mixed,Agroforestry,Maize+Mustard,260,39897,133456
24.13,83.6,Plain,Red Soil,Canal,Mango,4.1,Short-term,Oilseeds,Niger,117,25640,87288
24.21,85.17,Hilly,Laterite,Rainfed,Rice,0.6,Long-term,Oilseeds,Groundnut,129,29653,102977
24.49,84.31,Plain,Alfisol,Canal,Potato,4.6,Perennial,Cash Crops,Cotton,274,54600,193144
23.62,85.74,Hilly,Laterite,Rainfed,Pea,1.5,Short-term,Oilseeds,Mustard,91,19103,69453
23.56,85.72,Plateau,Laterite,Canal,Litchi,3.7,Perennial,Cash Crops,Tobacco,291,49495,170734
24.16,84.31,Hilly,Laterite,Rainfed,Onion,3.0,Perennial,Fruits,Jackfruit,343,21093,53449
23.51,85.75,Plateau,Laterite,Irrigated,Tomato,2.9,Long-term,Cereals,Paddy,139,6384,16135
24.4,85.99,Plain,Red Soil,Rainfed,Wheat,3.7,Mixed,Agroforestry,Rice+Lentil,348,36962,116487
24.29,85.56,Hilly,Inceptisol,Rainfed,Soybean,1.4,Mixed,Agroforestry,Banana+Pea,311,70883,246975
23.64,85.61,Plain,Red Soil,Rainfed,Banana,1.2,Short-term,Oilseeds,Groundnut,106,11667,40994
24.13,84.12,Hilly,Inceptisol,Rainfed,Green Gram,3.4,Short-term,Pulses,Pea,88,17228,62471
24.13,84.94,Plateau,Laterite,Rainfed,Mustard,1.8,Mixed,Agroforestry,Banana+Pea,195,24138,88739
23.15,83.67,Hilly,Inceptisol,Irrigated,Wheat,4.9,Short-term,Pulses,Pigeon Pea,97,17365,54417
24.35,83.74,Plateau,Entisol,Irrigated,Cotton,2.5,Perennial,Fruits,Mango,209,49612,116898
23.76,86.0,Plain,Alfisol,Irrigated,Jute,1.0,Perennial,Cash Crops,Jute,215,93085,209241
24.24,84.32,Plateau,Laterite,Irrigated,Coffee,3.6,Perennial,Cash Crops,Jute,205,61371,190284
23.48,85.37,Plain,Red Soil,Irrigated,Onion,1.9,Long-term,Cash Crops,Tea,178,83948,242962
24.34,85.52,Plateau,Laterite,Rainfed,Soybean,1.2,Long-term,Cereals,Millets,160,6302,20353
23.58,85.65,Plain,Red Soil,Rainfed,Black Gram,2.4,Mixed,Agroforestry,Maize+Mustard,193,29876,73719
23.02,85.99,Plain,Red Soil,Rainfed,Lentil,4.8,Perennial,Fruits,Banana,196,34054,91159
24.36,84.1,Hilly,Inceptisol,Canal,Litchi,2.4,Short-term,Pulses,Lentil,83,18907,65297
23.14,83.6,Plateau,Entisol,Rainfed,Mustard,2.1,Perennial,Cash Crops,Tobacco,184,80992,247168
23.48,84.53,Plain,Alfisol,Rainfed,Papaya,2.5,Perennial,Fruits,Banana,312,20070,79165
24.43,83.83,Plain,Red Soil,Irrigated,Banana+Pea,0.6,Short-term,Vegetables,Potato,107,27411,107583
24.43,83.56,Plateau,Laterite,Rainfed,Tobacco,1.1,Long-term,Cash Crops,Sugarcane,174,20797,81483
23.86,84.4,Plain,Alfisol,Canal,Timber+Paddy,4.3,Mixed,Agroforestry,Mango+Lentil,318,67836,189311
23.95,85.46,Plain,Red Soil,Canal,Gram,4.9,Short-term,Oilseeds,Niger,113,26973,75031
23.67,84.92,Hilly,Laterite,Rainfed,Maize,1.2,Short-term,Vegetables,Cauliflower,84,25847,63248
23.44,84.28,Plain,Alfisol,Rainfed,Wheat,2.9,Mixed,Agroforestry,Mango+Lentil,349,68587,265988
23.49,85.14,Plateau,Entisol,Rainfed,Groundnut,4.8,Short-term,Pulses,Pigeon Pea,103,11805,29896
24.01,84.08,Plateau,Laterite,Irrigated,Niger,1.2,Long-term,Vegetables,Cauliflower,132,21916,53766
24.13,83.54,Hilly,Laterite,Rainfed,Guava,1.3,Short-term,Oilseeds,Mustard,97,12024,32770
24.19,85.41,Plateau,Entisol,Irrigated,Mango+Lentil,4.7,Mixed,Agroforestry,Rice+Lentil,317,36348,78573
24.18,85.06,Hilly,Laterite,Irrigated,Groundnut,3.7,Long-term,Cereals,Rice,146,14653,46641
23.14,85.41,Plain,Alfisol,Rainfed,Litchi,1.2,Long-term,Vegetables,Cauliflower,138,10134,22512
23.74,83.6,Plain,Alfisol,Rainfed,Banana,2.3,Short-term,Vegetables,Tomato,70,29621,80219
23.09,85.59,Hilly,Inceptisol,Irrigated,Sorghum,0.8,Long-term,Vegetables,Cabbage,147,15663,41135
23.82,85.05,Plain,Red Soil,Rainfed,Pea,2.4,Short-term,Pulses,Lentil,112,18778,59541
23.66,84.91,Plateau,Entisol,Canal,Sesame,4.0,Long-term,Fruits,Mango,165,20786,72480
24.33,85.06,Plateau,Entisol,Rainfed,Jackfruit,3.0,Short-term,Vegetables,Cabbage,80,25236,81785
23.53,85.66,Plain,Red Soil,Irrigated,Guava,3.4,Perennial,Cash Crops,Cotton,325,34567,117690
23.18,84.97,Hilly,Inceptisol,Canal,Tea,2.0,Mixed,Agroforestry,Banana+Pea,212,17260,64787
23.21,84.95,Plateau,Laterite,Canal,Lentil,1.2,Short-term,Oilseeds,Soybean,102,24833,53164
24.14,85.98,Plateau,Laterite,Rainfed,Tea,0.6,Long-term,Fruits,Banana,172,22501,67256
23.93,85.39,Plateau,Laterite,Rainfed,Papaya,4.2,Perennial,Fruits,Mango,180,43485,112515
23.15,84.61,Hilly,Inceptisol,Irrigated,Groundnut,3.4,Short-term,Pulses,Pea,118,12214,48494
23.13,85.27,Plateau,Entisol,Rainfed,Banana,1.5,Short-term,Pulses,Green Gram,87,7718,24531
24.05,84.47,Hilly,Laterite,Rainfed,Potato,2.4,Short-term,Oilseeds,Soybean,111,15035,50684
23.11,84.07,Hilly,Laterite,Tube-well,Wheat,4.1,Long-term,Vegetables,Brinjal,146,29633,82849
24.23,84.99,Plain,Red Soil,Rainfed,Jute,2.9,Short-term,Pulses,Pea,92,12928,38100
24.06,85.82,Plain,Alfisol,Rainfed,Banana,1.9,Perennial,Fruits,Litchi,364,21718,60220
23.12,85.82,Hilly,Laterite,Rainfed,Tea,1.7,Long-term,Vegetables,Ladyfinger,138,11991,41423
23.13,84.35,Plain,Red Soil,Irrigated,Litchi,1.5,Perennial,Cash Crops,Cotton,191,65856,256762
24.48,84.82,Plain,Red Soil,Irrigated,Sugarcane,4.2,Short-term,Oilseeds,Niger,108,14639,57552
23.56,84.03,Plateau,Entisol,Rainfed,Brinjal,3.1,Perennial,Cash Crops,Tea,280,45286,101963
23.56,85.99,Plain,Red Soil,Rainfed,Mango+Lentil,3.7,Short-term,Oilseeds,Mustard,104,27282,77023
24.22,85.95,Hilly,Inceptisol,Rainfed,Sunflower,4.4,Short-term,Oilseeds,Groundnut,110,9651,21080
24.42,85.12,Hilly,Inceptisol,Irrigated,Rice,4.9,Mixed,Agroforestry,Maize+Mustard,351,57239,132872
24.48,85.51,Plateau,Laterite,Rainfed,Timber+Paddy,1.6,Short-term,Pulses,Green Gram,99,17186,39864
24.13,85.29,Hilly,Laterite,Tube-well,Brinjal,1.3,Long-term,Vegetables,Cauliflower,136,13909,40687
23.56,84.98,Plain,Red Soil,Rainfed,Mango,2.6,Mixed,Agroforestry,Timber+Paddy,287,59055,191465
23.13,83.63,Hilly,Inceptisol,Tube-well,Onion,0.7,Long-term,Cereals,Millets,172,15056,30827
24.17,84.64,Plateau,Entisol,Rainfed,Jackfruit,4.1,Short-term,Vegetables,Cauliflower,92,16894,52505
23.84,85.19,Plateau,Entisol,Irrigated,Niger,4.5,Short-term,Oilseeds,Soybean,115,18515,46107
23.64,85.19,Hilly,Laterite,Rainfed,Cauliflower,3.6,Perennial,Fruits,Guava,196,20443,78094
24.36,84.43,Plain,Alfisol,Rainfed,Maize,1.7,Short-term,Pulses,Lentil,101,11982,26547
23.17,85.85,Plateau,Laterite,Canal,Black Gram,1.1,Short-term,Pulses,Black Gram,86,15823,46994
23.74,83.92,Plain,Red Soil,Canal,Jute,2.2,Short-term,Oilseeds,Niger,110,10936,33736
23.02,84.75,Hilly,Laterite,Rainfed,Soybean,4.3,Long-term,Vegetables,Brinjal,123,17075,54857
23.7,85.23,Hilly,Inceptisol,Irrigated,Sunflower,2.1,Long-term,Cereals,Sorghum,130,7084,21972
23.08,85.24,Plain,Alfisol,Irrigated,Jackfruit,0.7,Perennial,Cash Crops,Jute,225,52286,191801
23.18,85.12,Plain,Alfisol,Canal,Paddy,1.7,Short-term,Pulses,Lentil,85,12048,37546
23.18,84.19,Plain,Red Soil,Rainfed,Niger,5.0,Mixed,Agroforestry,Maize+Mustard,302,22452,48864
23.97,83.89,Hilly,Inceptisol,Irrigated,Paddy,3.5,Short-term,Oilseeds,Soybean,94,22742,50575
24.12,85.09,Plateau,Entisol,Rainfed,Barley,4.6,Mixed,Agroforestry,Banana+Pea,241,74977,254885
23.88,85.0,Plain,Red Soil,Rainfed,Maize+Mustard,4.0,Mixed,Agroforestry,Banana+Pea,350,43114,109302
24.44,83.95,Plateau,Laterite,Canal,Potato,2.9,Mixed,Agroforestry,Banana+Pea,301,31560,106401
23.56,85.26,Plain,Alfisol,Rainfed,Paddy,1.2,Short-term,Oilseeds,Mustard,116,10623,40408
23.43,84.64,Hilly,Laterite,Rainfed,Coffee,2.1,Short-term,Cereals,Rice,110,9365,30109
24.3,85.17,Plain,Alfisol,Irrigated,Brinjal,3.1,Perennial,Fruits,Guava,241,29905,78069
23.34,85.59,Plateau,Laterite,Irrigated,Pigeon Pea,4.4,Mixed,Agroforestry,Rice+Lentil,216,56813,210776
24.44,83.92,Plateau,Laterite,Rainfed,Pea,1.7,Long-term,Oilseeds,Sunflower,120,11050,36883
23.02,83.55,Hilly,Inceptisol,Rainfed,Potato,1.0,Mixed,Agroforestry,Banana+Pea,273,55680,204371
24.45,85.45,Plateau,Laterite,Tube-well,Mango+Lentil,3.0,Short-term,Vegetables,Onion,104,15700,36118
23.06,85.02,Hilly,Laterite,Rainfed,Sugarcane,1.3,Mixed,Agroforestry,Maize+Mustard,271,25726,78220
24.34,85.25,Plateau,Laterite,Irrigated,Tomato,3.2,Short-term,Vegetables,Brinjal,87,29500,103782
23.79,85.6,Plateau,Entisol,Irrigated,Sugarcane,1.7,Mixed,Agroforestry,Timber+Paddy,239,49626,168386
24.49,85.51,Plateau,Laterite,Rainfed,Maize+Mustard,1.5,Perennial,Cash Crops,Tobacco,262,64874,169945
23.11,85.9,Hilly,Laterite,Tube-well,Jute,2.3,Mixed,Agroforestry,Rice+Lentil,359,47719,168971
23.83,84.84,Plain,Alfisol,Irrigated,Cotton,3.2,Short-term,Pulses,Green Gram,98,14580,39028
24.45,84.72,Hilly,Inceptisol,Rainfed,Tea,3.0,Short-term,Oilseeds,Sunflower,98,11821,40702
23.78,84.5,Plain,Red Soil,Irrigated,Mango,1.6,Mixed,Agroforestry,Mango+Lentil,362,25898,57362
23.94,83.88,Hilly,Laterite,Irrigated,Niger,4.5,Short-term,Pulses,Black Gram,111,10674,23742
24.04,84.93,Hilly,Laterite,Irrigated,Banana+Pea,1.0,Short-term,Vegetables,Ladyfinger,102,29533,114507
23.68,84.19,Hilly,Inceptisol,Canal,Barley,0.7,Short-term,Pulses,Pigeon Pea,117,12784,46550
23.94,85.8,Plain,Red Soil,Rainfed,Papaya,3.2,Mixed,Agroforestry,Maize+Mustard,268,31110,97036
23.88,84.96,Plain,Alfisol,Rainfed,Pea,1.1,Long-term,Cash Crops,Cotton,168,48530,97953
24.35,84.98,Hilly,Inceptisol,Rainfed,Maize+Mustard,2.8,Short-term,Pulses,Pigeon Pea,85,16792,47197
23.07,84.39,Plateau,Laterite,Rainfed,Green Gram,4.8,Perennial,Fruits,Jackfruit,222,44148,117918
23.42,83.63,Plain,Red Soil,Rainfed,Papaya,3.6,Short-term,Oilseeds,Sunflower,95,19973,53110
24.43,83.58,Hilly,Inceptisol,Canal,Barley,3.3,Short-term,Vegetables,Onion,109,12954,31861
24.34,84.56,Plateau,Laterite,Irrigated,Black Gram,3.1,Short-term,Cereals,Maize,109,9723,34336
23.68,83.71,Hilly,Laterite,Irrigated,Green Gram,1.3,Mixed,Agroforestry,Maize+Mustard,333,32443,120411
23.93,85.02,Plain,Alfisol,Irrigated,Cabbage,2.4,Short-term,Oilseeds,Niger,92,25984,64703
23.42,85.7,Hilly,Laterite,Canal,Maize+Mustard,2.0,Short-term,Pulses,Black Gram,97,18974,48571
23.28,85.71,Plain,Alfisol,Rainfed,Soybean,4.8,Short-term,Vegetables,Onion,75,10209,29165
23.7,85.15,Plateau,Laterite,Canal,Green Gram,1.6,Long-term,Vegetables,Cabbage,121,20201,71707
23.53,84.03,Plain,Alfisol,Rainfed,Rice,2.6,Mixed,Agroforestry,Timber+Paddy,318,25096,60420
23.88,85.66,Plain,Alfisol,Tube-well,Tobacco,4.7,Short-term,Oilseeds,Groundnut,111,26947,73229
23.12,85.72,Plain,Red Soil,Irrigated,Banana+Pea,4.1,Long-term,Cash Crops,Tea,163,59387,206341
24.46,83.99,Plain,Alfisol,Rainfed,Rice,4.8,Mixed,Agroforestry,Timber+Paddy,195,79051,159144
24.48,85.34,Plateau,Entisol,Irrigated,Pigeon Pea,3.2,Perennial,Fruits,Guava,242,23060,56353
24.05,84.22,Plain,Red Soil,Irrigated,Banana+Pea,2.0,Long-term,Cereals,Paddy,161,5487,14055
23.8,85.51,Plain,Red Soil,Rainfed,Maize+Mustard,4.2,Short-term,Vegetables,Cauliflower,85,25551,67380
23.46,85.99,Hilly,Laterite,Irrigated,Cabbage,1.8,Perennial,Cash Crops,Sugarcane,305,42188,150395
24.22,83.58,Plain,Alfisol,Rainfed,Jute,1.2,Short-term,Vegetables,Onion,93,21386,49979
24.03,85.74,Plain,Alfisol,Rainfed,Millets,3.7,Long-term,Cash Crops,Tobacco,167,61357,217928
23.24,85.06,Plateau,Entisol,Tube-well,Banana,3.4,Short-term,Pulses,Black Gram,91,15343,32632
24.37,85.93,Plateau,Laterite,Irrigated,Litchi,4.5,Perennial,Cash Crops,Jute,182,87957,261753
24.23,84.66,Plateau,Entisol,Canal,Gram,4.8,Short-term,Pulses,Pigeon Pea,110,13120,37220
24.42,85.62,Plateau,Entisol,Irrigated,Barley,4.4,Perennial,Fruits,Litchi,271,28887,76051
24.09,83.66,Hilly,Laterite,Rainfed,Timber+Paddy,0.8,Short-term,Oilseeds,Mustard,109,19833,59125
23.92,84.34,Plain,Alfisol,Irrigated,Sunflower,3.5,Long-term,Vegetables,Cauliflower,135,21859,69080
23.63,83.67,Plateau,Laterite,Irrigated,Tobacco,4.0,Short-term,Pulses,Pea,97,11691,44269
24.4,85.94,Plateau,Laterite,Tube-well,Lentil,4.9,Long-term,Cereals,Rice,153,19909,43767
24.3,85.54,Plateau,Laterite,Rainfed,Pea,2.2,Short-term,Vegetables,Cabbage,87,24400,89527
23.07,85.63,Hilly,Inceptisol,Canal,Tomato,1.3,Short-term,Pulses,Pigeon Pea,114,8022,29229
23.04,85.84,Plain,Alfisol,Tube-well,Mustard,4.3,Short-term,Oilseeds,Mustard,99,14068,39872
23.56,83.71,Plateau,Entisol,Irrigated,Mustard,1.9,Short-term,Oilseeds,Sunflower,94,15791,32067
24.22,84.46,Plateau,Laterite,Tube-well,Ladyfinger,3.2,Long-term,Cereals,Wheat,171,14052,43196
24.48,83.68,Plateau,Laterite,Rainfed,Papaya,2.3,Perennial,Fruits,Guava,341,37696,147417
23.23,84.03,Plain,Red Soil,Tube-well,Mango,2.3,Perennial,Cash Crops,Coffee,326,81088,262085
23.89,84.07,Plain,Alfisol,Irrigated,Onion,3.8,Long-term,Cereals,Sorghum,177,10117,25613
23.57,84.67,Plain,Alfisol,Rainfed,Groundnut,2.1,Short-term,Pulses,Black Gram,90,17834,66781
24.45,84.17,Plateau,Entisol,Tube-well,Tea,3.6,Short-term,Oilseeds,Soybean,97,26756,102814
24.26,83.75,Plain,Alfisol,Rainfed,Cotton,0.6,Short-term,Pulses,Pigeon Pea,111,7319,17521
24.26,83.92,Plain,Alfisol,Rainfed,Groundnut,2.0,Perennial,Cash Crops,Tea,305,46991,171097
23.7,83.87,Plateau,Laterite,Irrigated,Sugarcane,1.9,Perennial,Cash Crops,Tea,209,41871,89965
23.62,85.93,Plain,Alfisol,Rainfed,Maize,3.9,Long-term,Cash Crops,Tea,151,83196,267301
23.41,85.4,Plateau,Laterite,Rainfed,Brinjal,1.9,Short-term,Oilseeds,Mustard,96,9756,20872
23.08,85.92,Plain,Red Soil,Canal,Pigeon Pea,3.3,Long-term,Cereals,Millets,133,7131,22271
24.3,84.6,Plateau,Entisol,Rainfed,Sesame,3.6,Long-term,Cereals,Sorghum,121,8410,31845
24.22,84.2,Hilly,Laterite,Rainfed,Mango+Lentil,3.5,Short-term,Pulses,Lentil,116,8336,24829
24.5,85.5,Plateau,Entisol,Rainfed,Papaya,3.2,Perennial,Fruits,Guava,255,41567,151101
24.49,84.32,Plateau,Entisol,Rainfed,Barley,2.4,Long-term,Cereals,Wheat,149,15495,31430
23.83,84.25,Plain,Red Soil,Irrigated,Cauliflower,2.2,Short-term,Oilseeds,Groundnut,108,13243,28789
24.15,84.08,Plain,Alfisol,Irrigated,Papaya,3.0,Short-term,Oilseeds,Niger,114,13950,34946
24.42,83.82,Plain,Alfisol,Tube-well,Papaya,0.8,Mixed,Agroforestry,Mango+Lentil,210,53871,193812
24.27,84.14,Hilly,Laterite,Irrigated,Ladyfinger,4.4,Long-term,Cereals,Millets,125,14009,42239
23.37,84.39,Plateau,Laterite,Rainfed,Maize+Mustard,4.2,Perennial,Fruits,Papaya,266,13325,35349
23.68,85.18,Hilly,Laterite,Tube-well,Maize,2.1,Short-term,Pulses,Black Gram,117,19410,63364
23.19,83.66,Hilly,Laterite,Irrigated,Wheat,3.1,Mixed,Agroforestry,Timber+Paddy,357,65557,153588
24.43,84.03,Plain,Red Soil,Irrigated,Onion,4.7,Perennial,Fruits,Papaya,267,44512,165735
23.91,85.52,Plateau,Laterite,Irrigated,Niger,1.7,Mixed,Agroforestry,Maize+Mustard,350,21458,63026
23.34,83.87,Plateau,Entisol,Tube-well,Maize+Mustard,3.8,Perennial,Cash Crops,Tobacco,246,81446,191325
24.01,84.36,Plain,Alfisol,Irrigated,Wheat,0.9,Short-term,Vegetables,Potato,119,12444,27852
23.93,85.66,Hilly,Inceptisol,Rainfed,Niger,2.9,Mixed,Agroforestry,Timber+Paddy,191,25067,90126
23.54,83.89,Plain,Red Soil,Irrigated,Rice,4.5,Long-term,Cash Crops,Cotton,172,23101,73192
23.17,83.71,Hilly,Inceptisol,Rainfed,Mango,3.0,Short-term,Pulses,Pigeon Pea,89,6938,24262
24.01,84.71,Hilly,Laterite,Rainfed,Jute,3.3,Long-term,Vegetables,Ladyfinger,128,15083,51922
23.78,84.26,Plain,Alfisol,Rainfed,Mango+Lentil,4.6,Short-term,Oilseeds,Sunflower,93,25760,72623
24.16,84.91,Hilly,Laterite,Rainfed,Barley,3.7,Long-term,Cereals,Barley,156,10259,30852
23.78,85.51,Plain,Alfisol,Rainfed,Tobacco,3.6,Short-term,Cereals,Sorghum,91,5789,12751
24.28,83.84,Hilly,Laterite,Rainfed,Sorghum,3.1,Short-term,Cereals,Paddy,103,5860,12010
23.83,84.95,Hilly,Laterite,Irrigated,Sunflower,3.3,Short-term,Pulses,Gram,111,10943,38744
23.84,84.76,Plain,Red Soil,Canal,Potato,4.1,Short-term,Pulses,Gram,112,16274,37256
24.31,83.86,Plateau,Laterite,Tube-well,Litchi,4.9,Long-term,Cereals,Paddy,160,19241,48997
23.61,85.06,Plateau,Entisol,Rainfed,Cabbage,4.1,Short-term,Pulses,Lentil,104,8844,28295
23.2,84.18,Plain,Alfisol,Irrigated,Pigeon Pea,3.7,Perennial,Fruits,Papaya,238,30494,82225
23.04,84.72,Plain,Red Soil,Tube-well,Cotton,1.1,Short-term,Vegetables,Onion,90,11791,45047
24.13,83.71,Plateau,Laterite,Rainfed,Soybean,4.2,Long-term,Cereals,Wheat,168,19242,43819
23.93,84.65,Plateau,Laterite,Irrigated,Pea,3.8,Perennial,Fruits,Papaya,277,30557,96670
24.06,84.27,Plain,Alfisol,Irrigated,Tobacco,4.0,Perennial,Fruits,Jackfruit,231,34917,90409
23.32,85.56,Plain,Red Soil,Rainfed,Jackfruit,1.5,Long-term,Cereals,Sorghum,154,9616,20227
23.2,83.64,Plain,Red Soil,Canal,Litchi,4.6,Perennial,Fruits,Banana,307,12590,34714
23.02,84.55,Hilly,Inceptisol,Canal,Coffee,0.9,Short-term,Pulses,Pigeon Pea,89,7904,27195
23.53,84.65,Plain,Red Soil,Rainfed,Banana,1.6,Short-term,Vegetables,Potato,95,26764,61736
23.88,85.31,Plain,Red Soil,Rainfed,Litchi,3.5,Short-term,Vegetables,Ladyfinger,104,20746,55263
23.59,84.94,Hilly,Inceptisol,Rainfed,Millets,3.5,Long-term,Cereals,Paddy,134,6444,25116
23.66,85.17,Hilly,Laterite,Rainfed,Mustard,1.9,Short-term,Oilseeds,Groundnut,98,25905,54908
24.36,85.44,Plain,Red Soil,Irrigated,Brinjal,3.7,Perennial,Fruits,Mango,337,28952,68889
23.52,85.66,Hilly,Inceptisol,Irrigated,Groundnut,2.2,Long-term,Vegetables,Cauliflower,146,12762,27277
23.77,84.28,Hilly,Laterite,Rainfed,Onion,0.5,Mixed,Agroforestry,Banana+Pea,208,20781,58033
24.18,84.85,Plain,Alfisol,Tube-well,Rice+Lentil,1.2,Short-term,Pulses,Pea,117,15334,38088
23.59,85.6,Plain,Red Soil,Rainfed,Wheat,4.5,Mixed,Agroforestry,Mango+Lentil,289,27029,95641
23.93,85.97,Plateau,Laterite,Rainfed,Tobacco,1.5,Perennial,Cash Crops,Coffee,201,28353,99748
24.29,85.72,Plain,Red Soil,Rainfed,Mango+Lentil,1.0,Perennial,Cash Crops,Coffee,227,96604,249126
24.42,84.43,Plateau,Laterite,Irrigated,Rice+Lentil,3.6,Short-term,Pulses,Gram,88,8346,20746
23.22,83.99,Plateau,Laterite,Rainfed,Cotton,2.5,Short-term,Cereals,Rice,117,13527,41299
24.39,84.72,Plain,Alfisol,Rainfed,Maize+Mustard,4.1,Long-term,Cereals,Maize,158,18638,49714
23.74,85.35,Plain,Red Soil,Rainfed,Banana+Pea,4.4,Short-term,Cereals,Rice,111,10439,25730
23.39,84.73,Hilly,Laterite,Canal,Onion,4.3,Short-term,Vegetables,Potato,97,11183,30398
23.69,84.71,Plateau,Entisol,Tube-well,Tea,1.9,Long-term,Vegetables,Potato,144,26918,59435
24.47,85.6,Plateau,Entisol,Rainfed,Groundnut,2.8,Short-term,Vegetables,Tomato,95,19040,43241
23.74,84.4,Plateau,Laterite,Rainfed,Sesame,3.4,Perennial,Fruits,Mango,221,48369,110922
23.49,85.65,Plain,Alfisol,Irrigated,Green Gram,1.9,Long-term,Vegetables,Brinjal,127,14238,49350
23.95,84.52,Hilly,Laterite,Irrigated,Coffee,0.7,Perennial,Fruits,Guava,208,18308,39540
23.36,84.32,Hilly,Inceptisol,Rainfed,Mango,2.7,Perennial,Cash Crops,Sugarcane,199,94499,287262
23.11,84.63,Hilly,Inceptisol,Tube-well,Cotton,0.6,Short-term,Vegetables,Brinjal,112,14139,42462
23.19,85.41,Plain,Red Soil,Irrigated,Pigeon Pea,4.8,Perennial,Cash Crops,Tea,290,98501,380214
23.19,83.82,Plain,Alfisol,Rainfed,Rice,4.1,Long-term,Cereals,Maize,144,6119,14452
23.23,83.99,Plateau,Laterite,Irrigated,Green Gram,1.4,Short-term,Cereals,Maize,91,18252,37589
23.21,85.88,Hilly,Inceptisol,Tube-well,Guava,1.8,Perennial,Cash Crops,Coffee,354,82063,312820
23.96,83.94,Plain,Alfisol,Irrigated,Barley,4.9,Mixed,Agroforestry,Mango+Lentil,342,62229,246230
23.27,84.92,Plain,Alfisol,Rainfed,Sesame,2.2,Perennial,Fruits,Litchi,331,30166,78960
23.52,84.95,Plateau,Laterite,Rainfed,Mustard,4.0,Short-term,Pulses,Black Gram,87,12221,32256
24.35,84.72,Plateau,Laterite,Rainfed,Green Gram,2.5,Long-term,Oilseeds,Sesame,128,23510,80911
23.71,85.11,Plain,Alfisol,Rainfed,Jackfruit,4.4,Short-term,Pulses,Green Gram,83,7589,25148
24.0,84.07,Plain,Red Soil,Irrigated,Paddy,3.7,Short-term,Pulses,Black Gram,82,14749,52181
23.26,84.88,Plain,Red Soil,Canal,Gram,0.6,Long-term,Cash Crops,Tobacco,178,21706,71631
23.29,84.43,Plateau,Laterite,Irrigated,Paddy,1.8,Mixed,Agroforestry,Banana+Pea,275,24045,73389
23.06,85.15,Hilly,Inceptisol,Tube-well,Groundnut,3.0,Long-term,Vegetables,Onion,142,23948,73014
23.25,83.85,Hilly,Laterite,Rainfed,Banana+Pea,4.7,Mixed,Agroforestry,Maize+Mustard,257,76141,169303
23.42,84.93,Hilly,Inceptisol,Canal,Litchi,1.0,Perennial,Fruits,Jackfruit,258,11223,25788
23.27,83.96,Plain,Alfisol,Irrigated,Mango,3.2,Short-term,Oilseeds,Mustard,95,29526,67908
23.13,84.2,Plateau,Entisol,Rainfed,Sugarcane,1.9,Mixed,Agroforestry,Banana+Pea,330,35745,91826
23.18,84.05,Hilly,Inceptisol,Irrigated,Papaya,4.5,Perennial,Fruits,Mango,328,48892,122272
23.69,83.96,Plain,Alfisol,Rainfed,Gram,3.9,Long-term,Cereals,Rice,129,17305,66005
23.31,85.56,Plain,Red Soil,Irrigated,Sugarcane,2.2,Mixed,Agroforestry,Rice+Lentil,359,61051,199342
23.55,84.21,Hilly,Laterite,Irrigated,Mango+Lentil,1.3,Long-term,Cereals,Millets,179,15611,50623
23.76,85.82,Plateau,Entisol,Rainfed,Niger,0.6,Mixed,Agroforestry,Mango+Lentil,309,30925,63166
24.04,85.92,Plain,Red Soil,Irrigated,Potato,3.3,Mixed,Agroforestry,Rice+Lentil,191,30289,97124
23.06,84.93,Plateau,Laterite,Irrigated,Mango+Lentil,2.3,Mixed,Agroforestry,Banana+Pea,291,37169,101617
24.2,83.86,Plateau,Laterite,Rainfed,Potato,1.9,Perennial,Fruits,Mango,326,40043,92881
23.94,84.44,Plain,Red Soil,Rainfed,Onion,4.9,Long-term,Cereals,Sorghum,161,17361,56880
23.12,85.49,Plain,Red Soil,Rainfed,Timber+Paddy,2.6,Mixed,Agroforestry,Maize+Mustard,225,74108,193392
24.31,84.42,Plain,Red Soil,Irrigated,Brinjal,3.9,Long-term,Oilseeds,Groundnut,124,8705,30935
24.38,83.72,Plateau,Laterite,Canal,Pigeon Pea,1.3,Mixed,Agroforestry,Banana+Pea,346,76411,197242
23.09,84.89,Plain,Alfisol,Tube-well,Sugarcane,0.6,Short-term,Cereals,Paddy,105,16064,40291
23.42,85.61,Plain,Alfisol,Irrigated,Tomato,2.4,Long-term,Cash Crops,Cotton,174,82485,234468
24.21,85.49,Hilly,Inceptisol,Irrigated,Onion,3.5,Perennial,Fruits,Banana,236,31903,75523
24.12,83.94,Plateau,Laterite,Rainfed,Ladyfinger,2.8,Long-term,Oilseeds,Soybean,127,10444,31663
23.28,85.18,Plain,Red Soil,Irrigated,Maize+Mustard,4.5,Perennial,Fruits,Mango,185,45375,111070
23.31,84.05,Hilly,Inceptisol,Rainfed,Black Gram,2.5,Long-term,Cash Crops,Jute,155,29168,116259
23.56,84.05,Hilly,Laterite,Rainfed,Jackfruit,1.9,Perennial,Cash Crops,Tobacco,259,56051,154861
23.73,85.69,Hilly,Laterite,Irrigated,Sugarcane,4.6,Perennial,Cash Crops,Cotton,281,87426,325875
23.93,84.12,Plateau,Entisol,Rainfed,Pea,2.3,Short-term,Pulses,Pigeon Pea,94,7147,23403
23.55,84.16,Plain,Alfisol,Irrigated,Sorghum,1.7,Short-term,Oilseeds,Sesame,104,23817,84453
23.69,83.5,Plateau,Entisol,Canal,Soybean,0.9,Perennial,Cash Crops,Cotton,197,66408,241223
24.12,85.68,Hilly,Laterite,Rainfed,Millets,4.1,Short-term,Oilseeds,Mustard,108,18087,48296
23.06,85.48,Hilly,Laterite,Rainfed,Mango,4.2,Long-term,Oilseeds,Sesame,123,18042,62589
23.38,85.07,Hilly,Laterite,Canal,Barley,0.6,Mixed,Agroforestry,Banana+Pea,200,32909,96059
24.07,85.38,Hilly,Inceptisol,Irrigated,Barley,2.1,Long-term,Cereals,Wheat,139,13779,49914
24.34,83.88,Plain,Alfisol,Rainfed,Sesame,3.9,Short-term,Cereals,Sorghum,95,11833,46191
23.77,84.65,Hilly,Laterite,Rainfed,Banana,4.8,Perennial,Fruits,Guava,212,13851,54750
23.8,84.38,Hilly,Inceptisol,Irrigated,Jute,2.2,Mixed,Agroforestry,Maize+Mustard,323,19607,44721
23.16,83.73,Hilly,Inceptisol,Irrigated,Cabbage,4.4,Mixed,Agroforestry,Timber+Paddy,231,19398,45038
23.67,84.72,Plain,Red Soil,Rainfed,Cotton,2.3,Perennial,Fruits,Banana,194,49379,146301
23.8,85.8,Plateau,Entisol,Rainfed,Sorghum,1.3,Mixed,Agroforestry,Rice+Lentil,212,52275,118487
23.36,83.6,Hilly,Inceptisol,Canal,Sesame,0.5,Long-term,Vegetables,Potato,125,22035,55603
23.4,84.23,Plain,Alfisol,Irrigated,Mango+Lentil,2.0,Long-term,Vegetables,Cauliflower,148,21968,61426
23.57,84.02,Hilly,Laterite,Tube-well,Ladyfinger,2.2,Long-term,Cash Crops,Sugarcane,176,86254,277888
23.03,84.1,Plateau,Laterite,Irrigated,Timber+Paddy,4.8,Long-term,Vegetables,Potato,124,16579,63869
23.48,85.77,Plateau,Entisol,Tube-well,Cabbage,1.4,Short-term,Pulses,Pea,116,19841,58501
23.32,84.67,Hilly,Laterite,Rainfed,Sugarcane,2.2,Perennial,Fruits,Papaya,309,25788,102631
23.49,84.67,Plateau,Laterite,Irrigated,Banana+Pea,0.6,Long-term,Vegetables,Tomato,125,28559,80683
23.18,85.4,Plain,Red Soil,Rainfed,Mustard,3.9,Perennial,Cash Crops,Tobacco,214,41875,131356
24.34,83.89,Hilly,Inceptisol,Irrigated,Litchi,4.6,Short-term,Pulses,Black Gram,83,19920,40087
23.89,84.72,Plateau,Laterite,Rainfed,Pea,1.6,Mixed,Agroforestry,Mango+Lentil,225,32365,101861
24.02,84.57,Plateau,Entisol,Rainfed,Cauliflower,2.4,Perennial,Cash Crops,Tobacco,209,96387,272716
24.18,84.99,Hilly,Inceptisol,Canal,Potato,1.0,Short-term,Cereals,Rice,103,12534,26903
23.75,86.0,Plateau,Laterite,Canal,Gram,2.6,Short-term,Vegetables,Onion,95,8876,28519
23.13,85.42,Plain,Alfisol,Rainfed,Jackfruit,1.1,Perennial,Cash Crops,Coffee,238,87166,234994
23.81,84.49,Plateau,Laterite,Irrigated,Litchi,2.9,Long-term,Cereals,Wheat,167,15584,35069
23.88,85.57,Plain,Red Soil,Rainfed,Cotton,3.8,Perennial,Cash Crops,Tea,216,22090,71032
24.12,83.93,Plain,Alfisol,Rainfed,Brinjal,3.0,Mixed,Agroforestry,Banana+Pea,259,48823,129653
23.65,83.58,Plain,Alfisol,Canal,Onion,1.6,Long-term,Cereals,Barley,151,17746,38839
23.19,84.01,Hilly,Laterite,Rainfed,Paddy,2.1,Short-term,Pulses,Black Gram,85,12507,40341
23.43,84.35,Plain,Red Soil,Tube-well,Niger,3.4,Perennial,Cash Crops,Tea,306,37747,90503
23.54,84.78,Plain,Red Soil,Rainfed,Paddy,3.2,Short-term,Vegetables,Ladyfinger,102,8142,27791
23.97,85.04,Plain,Red Soil,Irrigated,Gram,1.1,Perennial,Cash Crops,Coffee,282,55249,186116
23.86,85.78,Plain,Alfisol,Irrigated,Mustard,4.3,Short-term,Pulses,Gram,95,14133,54457
23.53,84.77,Hilly,Inceptisol,Rainfed,Rice,2.6,Long-term,Oilseeds,Sunflower,124,19414,75746
24.48,84.75,Hilly,Inceptisol,Rainfed,Green Gram,1.2,Perennial,Fruits,Papaya,242,19198,66162
23.91,83.63,Plain,Red Soil,Canal,Maize,1.1,Long-term,Fruits,Jackfruit,152,11797,29568
23.36,83.59,Plateau,Entisol,Irrigated,Banana,4.8,Perennial,Cash Crops,Cotton,231,90148,288465
23.15,84.88,Plateau,Entisol,Rainfed,Tobacco,1.8,Long-term,Cereals,Sorghum,133,9953,26957
23.23,84.6,Plateau,Entisol,Irrigated,Soybean,4.6,Short-term,Pulses,Gram,80,10496,38268
23.37,85.6,Plain,Alfisol,Rainfed,Tea,2.3,Long-term,Cereals,Millets,165,5102,19503
23.24,83.9,Plateau,Laterite,Rainfed,Maize,2.2,Short-term,Vegetables,Potato,116,28096,86309
23.28,83.56,Plain,Alfisol,Rainfed,Sorghum,3.7,Perennial,Cash Crops,Cotton,195,90953,197400
23.43,84.62,Plain,Alfisol,Rainfed,Barley,0.5,Mixed,Agroforestry,Timber+Paddy,242,73263,186800
23.26,84.09,Plain,Alfisol,Canal,Ladyfinger,2.0,Short-term,Cereals,Maize,93,17780,70485
24.35,83.62,Plateau,Entisol,Irrigated,Onion,1.9,Perennial,Cash Crops,Tea,275,71035,251933
23.12,85.31,Plain,Red Soil,Tube-well,Pea,4.4,Short-term,Oilseeds,Sesame,94,29604,86768
23.79,83.78,Plain,Red Soil,Irrigated,Gram,2.9,Perennial,Fruits,Guava,190,39550,131332
23.62,85.02,Plain,Alfisol,Tube-well,Black Gram,2.1,Perennial,Fruits,Jackfruit,315,47693,179919
24.47,84.2,Plateau,Laterite,Irrigated,Maize,1.7,Short-term,Vegetables,Onion,103,25060,96120
23.17,83.93,Hilly,Laterite,Irrigated,Mango,3.2,Short-term,Pulses,Green Gram,97,13992,37317
23.6,84.45,Plain,Red Soil,Tube-well,Brinjal,1.2,Short-term,Pulses,Pigeon Pea,115,8052,18135
24.45,85.5,Hilly,Laterite,Irrigated,Maize+Mustard,1.6,Perennial,Fruits,Banana,294,15322,31699
24.3,84.48,Hilly,Inceptisol,Rainfed,Sugarcane,1.8,Perennial,Fruits,Guava,188,23833,65800
24.23,85.38,Hilly,Laterite,Irrigated,Mustard,3.2,Long-term,Vegetables,Brinjal,127,11012,41836
23.39,83.81,Plain,Red Soil,Tube-well,Brinjal,2.2,Long-term,Oilseeds,Groundnut,126,29639,108244
23.26,85.43,Plateau,Entisol,Irrigated,Litchi,2.8,Perennial,Fruits,Litchi,273,36199,86235
24.0,84.09,Plain,Alfisol,Irrigated,Green Gram,3.4,Long-term,Cereals,Sorghum,159,15978,57060
24.39,85.19,Hilly,Inceptisol,Irrigated,Black Gram,4.8,Perennial,Fruits,Jackfruit,273,10063,32278
23.84,84.91,Plain,Alfisol,Tube-well,Jute,3.9,Perennial,Fruits,Jackfruit,337,24959,82787
23.86,85.82,Plain,Red Soil,Rainfed,Sesame,2.3,Short-term,Cereals,Barley,112,16083,48222
23.42,84.47,Plain,Alfisol,Irrigated,Potato,3.9,Perennial,Fruits,Papaya,283,37462,131606
24.15,83.67,Hilly,Laterite,Rainfed,Timber+Paddy,4.8,Short-term,Cereals,Barley,104,5404,13681
23.28,83.55,Plain,Red Soil,Irrigated,Rice,2.7,Short-term,Vegetables,Cauliflower,76,18274,55399
23.49,85.57,Plateau,Entisol,Irrigated,Tobacco,2.3,Short-term,Cereals,Paddy,91,8959,31812
23.64,84.81,Plain,Alfisol,Rainfed,Mango+Lentil,0.9,Perennial,Cash Crops,Sugarcane,244,79807,212134
23.76,85.44,Hilly,Laterite,Rainfed,Timber+Paddy,4.5,Short-term,Pulses,Pea,80,5679,18864
23.36,84.09,Plateau,Laterite,Irrigated,Lentil,1.6,Short-term,Vegetables,Onion,111,28132,104974
23.17,84.36,Hilly,Inceptisol,Rainfed,Brinjal,0.8,Mixed,Agroforestry,Rice+Lentil,361,15533,49268
23.92,83.58,Plateau,Entisol,Rainfed,Mustard,2.9,Long-term,Cereals,Paddy,127,11694,28394
23.43,85.9,Hilly,Inceptisol,Canal,Pigeon Pea,4.3,Mixed,Agroforestry,Maize+Mustard,239,45087,180072
23.87,85.17,Plain,Red Soil,Rainfed,Paddy,2.3,Perennial,Cash Crops,Tea,304,86681,328238
23.23,85.83,Plateau,Laterite,Rainfed,Litchi,4.0,Perennial,Fruits,Guava,233,20047,52250
23.72,84.16,Plain,Alfisol,Tube-well,Cauliflower,4.3,Perennial,Cash Crops,Tea,197,68444,223746
23.8,85.03,Hilly,Laterite,Rainfed,Ladyfinger,2.5,Long-term,Cereals,Barley,174,18593,61189
23.08,85.2,Plateau,Entisol,Rainfed,Guava,3.2,Perennial,Cash Crops,Cotton,266,49768,134140
23.5,84.29,Plain,Red Soil,Irrigated,Cotton,2.9,Long-term,Cereals,Rice,166,19728,72058
23.2,85.62,Plain,Red Soil,Irrigated,Tobacco,4.7,Short-term,Pulses,Black Gram,118,14962,58363
23.1,85.87,Hilly,Inceptisol,Tube-well,Barley,3.8,Short-term,Cereals,Rice,100,13226,45040
24.48,85.71,Plateau,Entisol,Tube-well,Barley,4.7,Short-term,Cereals,Paddy,101,12919,38332
23.48,85.35,Plateau,Entisol,Irrigated,Niger,1.5,Perennial,Fruits,Litchi,258,19521,77555
24.21,84.19,Hilly,Laterite,Rainfed,Tobacco,1.9,Long-term,Fruits,Jackfruit,160,38880,140154
23.38,84.2,Hilly,Laterite,Rainfed,Banana,0.8,Mixed,Agroforestry,Mango+Lentil,246,50318,150743
24.02,85.91,Plateau,Entisol,Rainfed,Ladyfinger,2.7,Short-term,Pulses,Pigeon Pea,97,18459,69492
24.14,83.53,Plain,Red Soil,Rainfed,Timber+Paddy,4.4,Perennial,Cash Crops,Cotton,232,43593,106070
23.89,85.29,Plain,Alfisol,Irrigated,Brinjal,2.0,Short-term,Oilseeds,Sunflower,115,21582,79076
23.71,85.27,Plateau,Laterite,Irrigated,Guava,1.1,Short-term,Vegetables,Potato,106,16846,52880
23.62,85.06,Plateau,Entisol,Rainfed,Maize,0.8,Perennial,Fruits,Guava,233,37290,146319
23.52,85.98,Plateau,Laterite,Canal,Banana,2.5,Perennial,Cash Crops,Tobacco,180,23505,88488
24.39,84.28,Hilly,Laterite,Rainfed,Sugarcane,1.2,Long-term,Cash Crops,Jute,177,29498,106496
24.25,84.35,Plain,Red Soil,Rainfed,Timber+Paddy,2.1,Short-term,Pulses,Green Gram,99,10819,38832
24.45,83.7,Hilly,Laterite,Irrigated,Maize,4.2,Perennial,Fruits,Jackfruit,248,30930,75353
23.19,84.61,Plain,Alfisol,Rainfed,Barley,2.2,Short-term,Vegetables,Ladyfinger,84,8202,16805
24.1,84.15,Plain,Red Soil,Rainfed,Niger,3.2,Short-term,Vegetables,Brinjal,80,17081,34340
24.41,84.36,Plateau,Entisol,Rainfed,Timber+Paddy,2.8,Short-term,Pulses,Pigeon Pea,97,15702,58862
23.27,85.59,Plain,Alfisol,Rainfed,Rice,3.7,Long-term,Cereals,Rice,123,10021,30278
23.1,85.84,Plateau,Entisol,Irrigated,Tobacco,1.2,Long-term,Cereals,Sorghum,148,16610,64562
24.11,83.96,Hilly,Inceptisol,Tube-well,Lentil,4.6,Long-term,Cereals,Paddy,160,12988,38572
23.86,84.43,Hilly,Laterite,Rainfed,Barley,3.4,Short-term,Vegetables,Tomato,112,27171,108120
24.26,85.82,Plain,Alfisol,Rainfed,Timber+Paddy,1.7,Short-term,Pulses,Lentil,96,17503,39814
23.21,83.65,Plain,Red Soil,Irrigated,Cotton,1.1,Perennial,Cash Crops,Sugarcane,255,85499,206124
24.19,83.73,Plain,Red Soil,Tube-well,Coffee,1.2,Mixed,Agroforestry,Banana+Pea,194,35600,137142
23.3,83.91,Plateau,Laterite,Rainfed,Sugarcane,4.0,Perennial,Fruits,Litchi,215,42995,170094
23.25,84.99,Plateau,Laterite,Rainfed,Onion,3.1,Short-term,Pulses,Lentil,97,11800,39313
23.25,83.88,Hilly,Inceptisol,Irrigated,Timber+Paddy,2.2,Short-term,Pulses,Black Gram,108,18245,37591
24.22,85.92,Plain,Red Soil,Irrigated,Papaya,2.0,Long-term,Vegetables,Potato,130,23491,60675
24.0,84.62,Plateau,Entisol,Rainfed,Onion,4.4,Long-term,Vegetables,Tomato,121,18872,44881
23.78,84.75,Plain,Red Soil,Irrigated,Lentil,4.4,Mixed,Agroforestry,Mango+Lentil,315,29859,111986
23.54,84.12,Plain,Red Soil,Rainfed,Maize,3.1,Short-term,Pulses,Black Gram,106,16079,56140
24.32,84.68,Hilly,Inceptisol,Irrigated,Soybean,2.9,Perennial,Fruits,Mango,352,18981,72030
23.59,85.15,Plateau,Laterite,Irrigated,Sorghum,4.2,Long-term,Vegetables,Cabbage,140,23629,83682
24.22,85.38,Plain,Red Soil,Canal,Tobacco,3.9,Long-term,Vegetables,Cabbage,140,26507,55856
23.66,85.38,Plain,Red Soil,Rainfed,Tomato,2.3,Short-term,Pulses,Black Gram,80,11373,37166
23.57,84.94,Plateau,Laterite,Rainfed,Brinjal,0.9,Short-term,Pulses,Black Gram,102,8072,28390
23.69,85.76,Plain,Red Soil,Rainfed,Coffee,4.0,Long-term,Cereals,Sorghum,121,16463,50516
23.45,85.54,Plain,Alfisol,Canal,Gram,1.3,Short-term,Pulses,Green Gram,103,9847,20042
24.12,85.39,Hilly,Laterite,Rainfed,Coffee,0.6,Short-term,Vegetables,Ladyfinger,83,19261,58900
23.75,83.64,Plateau,Laterite,Rainfed,Sugarcane,4.3,Short-term,Cereals,Paddy,92,6117,21508
23.35,83.52,Hilly,Inceptisol,Rainfed,Sugarcane,3.1,Short-term,Vegetables,Ladyfinger,87,9517,29121
24.35,84.03,Plateau,Laterite,Irrigated,Paddy,4.5,Long-term,Vegetables,Potato,145,28648,109271
23.58,85.16,Hilly,Inceptisol,Rainfed,Cabbage,2.7,Long-term,Cereals,Rice,134,17285,61038
23.82,84.53,Plain,Red Soil,Rainfed,Barley,4.7,Long-term,Cereals,Rice,179,15543,37344
24.36,84.51,Plateau,Laterite,Rainfed,Soybean,2.1,Mixed,Agroforestry,Timber+Paddy,293,15785,39713
23.94,85.71,Hilly,Inceptisol,Canal,Potato,3.8,Long-term,Fruits,Papaya,151,23635,58252
23.18,85.74,Plain,Red Soil,Irrigated,Onion,1.9,Short-term,Pulses,Black Gram,118,8528,20615
24.41,85.77,Hilly,Laterite,Irrigated,Sunflower,0.5,Long-term,Cereals,Paddy,170,7937,30808
23.94,84.28,Plain,Alfisol,Canal,Paddy,2.2,Long-term,Fruits,Papaya,171,31775,87591
23.5,85.23,Plain,Alfisol,Tube-well,Niger,3.8,Short-term,Vegetables,Onion,105,18517,72226
23.21,84.18,Plain,Red Soil,Rainfed,Paddy,1.2,Long-term,Cereals,Wheat,144,19280,69313
24.19,83.98,Hilly,Inceptisol,Tube-well,Maize+Mustard,2.8,Long-term,Cereals,Barley,159,8459,18066
23.93,83.96,Plateau,Laterite,Rainfed,Cauliflower,1.5,Long-term,Oilseeds,Soybean,124,23672,86742
23.8,84.36,Hilly,Inceptisol,Rainfed,Pigeon Pea,0.8,Short-term,Oilseeds,Sunflower,108,21388,62467
24.34,84.57,Plateau,Laterite,Canal,Mango+Lentil,3.3,Short-term,Oilseeds,Soybean,97,21554,48696
24.18,85.58,Plain,Alfisol,Rainfed,Rice,4.8,Short-term,Vegetables,Tomato,98,17316,62866
23.23,83.8,Plain,Alfisol,Rainfed,Jackfruit,1.9,Long-term,Oilseeds,Sesame,123,23698,72723
23.47,85.34,Plain,Alfisol,Rainfed,Maize+Mustard,3.1,Short-term,Pulses,Black Gram,93,14884,48108
23.37,84.83,Plain,Alfisol,Irrigated,Wheat,4.8,Perennial,Fruits,Banana,269,41755,97253
24.12,84.22,Plain,Alfisol,Rainfed,Soybean,3.4,Short-term,Oilseeds,Mustard,119,25166,75862
23.05,84.73,Plateau,Entisol,Irrigated,Potato,3.5,Short-term,Cereals,Sorghum,102,5719,13088
23.85,84.25,Plateau,Entisol,Canal,Cauliflower,1.3,Perennial,Cash Crops,Tobacco,296,67032,167847
24.14,84.99,Plateau,Entisol,Irrigated,Sunflower,2.7,Short-term,Oilseeds,Sesame,107,18775,57054
24.32,84.58,Plain,Alfisol,Rainfed,Lentil,2.2,Short-term,Vegetables,Cabbage,80,23547,74297
23.51,83.91,Plateau,Laterite,Tube-well,Jute,2.6,Perennial,Fruits,Banana,259,10900,25547
24.23,83.79,Plain,Alfisol,Rainfed,Tomato,4.1,Long-term,Cereals,Millets,121,13518,27109
23.17,84.87,Plain,Red Soil,Rainfed,Niger,2.6,Short-term,Oilseeds,Soybean,99,29012,66511
24.27,85.76,Plateau,Entisol,Rainfed,Sesame,0.8,Short-term,Pulses,Green Gram,97,13776,34069
23.19,84.36,Hilly,Laterite,Irrigated,Tomato,4.6,Short-term,Cereals,Millets,93,6634,18273
23.6,85.33,Plain,Red Soil,Rainfed,Guava,3.0,Perennial,Cash Crops,Coffee,277,71996,148582
24.2,85.15,Hilly,Inceptisol,Rainfed,Maize+Mustard,4.7,Perennial,Fruits,Mango,220,32716,98862
23.22,85.83,Plain,Alfisol,Rainfed,Rice,3.1,Short-term,Vegetables,Brinjal,85,29145,91726
23.34,85.55,Plateau,Laterite,Rainfed,Cauliflower,0.8,Perennial,Fruits,Jackfruit,186,10160,30910
24.08,84.92,Hilly,Laterite,Irrigated,Cauliflower,3.0,Perennial,Cash Crops,Coffee,318,42894,145707
24.08,85.14,Plateau,Entisol,Canal,Niger,3.1,Short-term,Oilseeds,Sesame,103,10918,35215
23.96,85.75,Plain,Alfisol,Irrigated,Guava,1.5,Perennial,Cash Crops,Tea,202,73984,199331
24.04,84.5,Plain,Alfisol,Rainfed,Ladyfinger,2.6,Long-term,Cash Crops,Tobacco,172,90063,199225
23.81,84.32,Hilly,Laterite,Rainfed,Timber+Paddy,2.6,Short-term,Pulses,Lentil,89,12107,39745
23.38,83.53,Hilly,Inceptisol,Tube-well,Tobacco,3.3,Perennial,Cash Crops,Coffee,362,78016,216923
23.52,85.57,Plain,Alfisol,Rainfed,Papaya,1.7,Mixed,Agroforestry,Banana+Pea,240,30993,115835
23.27,85.5,Plateau,Entisol,Canal,Green Gram,3.1,Mixed,Agroforestry,Maize+Mustard,182,60335,159698
24.36,83.76,Plateau,Entisol,Rainfed,Sorghum,1.6,Short-term,Pulses,Lentil,99,15102,36313
23.88,84.94,Plateau,Entisol,Tube-well,Sunflower,2.5,Short-term,Pulses,Pigeon Pea,97,18669,47213
23.6,84.66,Plateau,Laterite,Rainfed,Sugarcane,1.1,Perennial,Cash Crops,Cotton,334,53193,206477
23.69,83.8,Plateau,Laterite,Rainfed,Barley,0.7,Long-term,Cereals,Rice,130,5514,14463
24.42,85.95,Hilly,Inceptisol,Irrigated,Banana,1.9,Short-term,Oilseeds,Niger,108,18569,62404
23.23,84.04,Plateau,Entisol,Irrigated,Cauliflower,1.7,Perennial,Fruits,Jackfruit,350,34928,118766
23.88,83.67,Plain,Red Soil,Rainfed,Sunflower,2.3,Perennial,Cash Crops,Tobacco,249,67865,173912
23.76,84.99,Plain,Alfisol,Irrigated,Rice+Lentil,4.8,Perennial,Cash Crops,Tobacco,188,85749,237022
23.92,85.35,Plain,Red Soil,Irrigated,Maize+Mustard,2.9,Perennial,Fruits,Litchi,275,38481,128900
23.03,83.58,Hilly,Inceptisol,Rainfed,Pigeon Pea,3.0,Long-term,Fruits,Mango,171,32244,95089
24.31,85.15,Plain,Red Soil,Rainfed,Black Gram,4.7,Long-term,Cash Crops,Coffee,166,99426,376236
24.4,84.83,Plateau,Laterite,Rainfed,Green Gram,4.6,Perennial,Fruits,Guava,216,26121,90206
23.85,83.76,Plain,Alfisol,Rainfed,Gram,4.5,Long-term,Cereals,Millets,176,14979,40140
24.04,83.93,Plain,Red Soil,Irrigated,Rice,0.9,Perennial,Cash Crops,Coffee,221,26345,93554
24.38,84.92,Hilly,Inceptisol,Rainfed,Lentil,3.4,Short-term,Oilseeds,Sunflower,118,14300,52332
24.06,84.24,Plain,Red Soil,Rainfed,Banana,4.1,Perennial,Fruits,Mango,311,15599,56650
23.23,85.85,Plain,Alfisol,Rainfed,Wheat,4.3,Perennial,Cash Crops,Coffee,312,73271,218718
23.86,85.55,Plain,Alfisol,Irrigated,Mustard,3.1,Short-term,Cereals,Millets,95,7544,20147
23.91,85.96,Hilly,Inceptisol,Rainfed,Green Gram,0.6,Perennial,Cash Crops,Sugarcane,190,72680,164152
23.64,84.15,Hilly,Laterite,Rainfed,Wheat,4.9,Perennial,Fruits,Jackfruit,258,12334,25435
24.1,85.92,Plateau,Entisol,Rainfed,Sorghum,2.6,Perennial,Fruits,Mango,362,39570,143837
24.4,84.58,Plateau,Entisol,Tube-well,Black Gram,2.3,Short-term,Pulses,Black Gram,85,9883,26851
24.39,84.37,Hilly,Inceptisol,Rainfed,Pea,2.3,Long-term,Fruits,Mango,172,30558,119977
23.68,83.63,Plain,Red Soil,Irrigated,Maize,2.4,Mixed,Agroforestry,Timber+Paddy,297,51929,150447
23.17,83.63,Plain,Alfisol,Rainfed,Sorghum,1.6,Long-term,Oilseeds,Groundnut,128,18794,42687
24.48,85.23,Plateau,Laterite,Rainfed,Millets,2.0,Short-term,Vegetables,Onion,117,8411,30620
24.26,84.64,Plain,Red Soil,Irrigated,Brinjal,4.9,Long-term,Cereals,Millets,166,19788,47925
23.19,84.07,Plain,Red Soil,Rainfed,Barley,2.2,Short-term,Cereals,Barley,103,10706,33093
24.38,85.03,Plateau,Entisol,Tube-well,Maize,2.9,Perennial,Fruits,Banana,228,23549,56919
24.3,84.13,Hilly,Inceptisol,Tube-well,Pea,4.3,Perennial,Fruits,Banana,264,49719,160584
23.78,84.94,Plain,Red Soil,Irrigated,Banana+Pea,2.9,Perennial,Cash Crops,Sugarcane,292,94783,200337
23.89,84.4,Plain,Alfisol,Irrigated,Niger,2.0,Perennial,Fruits,Jackfruit,344,44096,100428
23.6,85.56,Plateau,Entisol,Rainfed,Mustard,2.9,Short-term,Cereals,Wheat,90,5166,13586
23.08,85.55,Plateau,Laterite,Rainfed,Potato,1.0,Perennial,Fruits,Banana,243,40364,160972
23.5,84.69,Plateau,Laterite,Tube-well,Banana+Pea,1.1,Short-term,Pulses,Pigeon Pea,88,16455,36322
24.2,84.38,Hilly,Inceptisol,Irrigated,Banana,3.6,Short-term,Oilseeds,Soybean,101,18379,43207
23.01,84.41,Hilly,Laterite,Irrigated,Potato,4.6,Long-term,Vegetables,Cauliflower,142,8359,23168
23.5,85.51,Plateau,Entisol,Rainfed,Tea,3.8,Perennial,Fruits,Banana,232,24852,56771
23.6,84.32,Plateau,Laterite,Rainfed,Cauliflower,0.8,Perennial,Cash Crops,Cotton,287,44272,92307
23.81,84.02,Plain,Alfisol,Tube-well,Tobacco,2.3,Short-term,Cereals,Rice,110,15165,31208
24.38,83.71,Plateau,Entisol,Rainfed,Sunflower,0.5,Short-term,Cereals,Maize,111,7884,26967
23.52,84.67,Plain,Red Soil,Rainfed,Cabbage,2.8,Short-term,Vegetables,Potato,90,19336,66410
23.52,84.71,Plain,Alfisol,Rainfed,Niger,1.4,Perennial,Cash Crops,Tea,295,54037,186508
24.11,85.6,Hilly,Inceptisol,Canal,Pea,4.4,Mixed,Agroforestry,Maize+Mustard,223,33141,90442
23.68,84.05,Hilly,Laterite,Rainfed,Pigeon Pea,1.0,Short-term,Vegetables,Cabbage,99,27225,92934
23.34,84.45,Plateau,Entisol,Canal,Tobacco,0.5,Perennial,Fruits,Papaya,270,36295,130186
23.68,85.52,Plain,Alfisol,Rainfed,Wheat,2.5,Perennial,Fruits,Mango,358,42609,160505
23.21,85.56,Hilly,Inceptisol,Canal,Sugarcane,1.2,Short-term,Pulses,Gram,83,6928,20122
23.26,84.46,Plateau,Laterite,Irrigated,Banana+Pea,3.8,Perennial,Cash Crops,Coffee,292,86538,215958
23.75,84.65,Plateau,Laterite,Rainfed,Litchi,4.6,Mixed,Agroforestry,Timber+Paddy,348,70352,161225
23.63,84.26,Plain,Red Soil,Irrigated,Jute,0.7,Perennial,Fruits,Mango,205,38410,114026
24.37,85.83,Plain,Red Soil,Rainfed,Coffee,2.3,Short-term,Vegetables,Cauliflower,101,14992,52693
23.54,83.8,Hilly,Laterite,Rainfed,Tea,5.0,Long-term,Fruits,Banana,160,34713,113184
23.87,85.83,Plain,Alfisol,Canal,Brinjal,3.8,Perennial,Cash Crops,Jute,230,32374,115733
23.95,85.21,Plateau,Entisol,Rainfed,Tea,4.8,Perennial,Fruits,Guava,357,25563,94319
23.02,84.83,Plateau,Entisol,Rainfed,Maize+Mustard,1.2,Perennial,Fruits,Papaya,301,32820,67848
24.0,83.58,Plain,Red Soil,Rainfed,Rice+Lentil,1.5,Short-term,Pulses,Black Gram,98,15395,53460
23.27,84.69,Plain,Alfisol,Rainfed,Ladyfinger,1.2,Short-term,Cereals,Maize,117,7609,21396
24.44,84.52,Plain,Red Soil,Canal,Onion,1.9,Short-term,Vegetables,Tomato,93,28158,70323
23.22,83.9,Plateau,Entisol,Rainfed,Sunflower,3.8,Perennial,Fruits,Mango,216,26175,58323
23.62,85.14,Plain,Red Soil,Tube-well,Soybean,1.2,Short-term,Pulses,Gram,104,12483,32629
23.13,85.93,Hilly,Inceptisol,Tube-well,Coffee,2.9,Perennial,Fruits,Jackfruit,263,45055,98988
24.5,84.91,Hilly,Inceptisol,Rainfed,Sorghum,1.7,Short-term,Pulses,Black Gram,99,9835,22204
23.75,85.29,Hilly,Laterite,Rainfed,Cabbage,4.2,Perennial,Fruits,Papaya,273,43390,115180
23.89,83.67,Plain,Alfisol,Canal,Sunflower,0.5,Short-term,Pulses,Pigeon Pea,108,13495,40589
23.1,84.54,Plain,Alfisol,Rainfed,Cabbage,1.5,Short-term,Oilseeds,Niger,116,10694,42076
24.12,83.79,Plateau,Laterite,Rainfed,Sunflower,3.2,Mixed,Agroforestry,Banana+Pea,186,71541,173878
23.31,85.03,Plateau,Entisol,Rainfed,Mustard,0.9,Short-term,Pulses,Green Gram,93,13017,29844
24.35,85.85,Plateau,Entisol,Irrigated,Mustard,2.6,Long-term,Cereals,Maize,128,8188,25883
23.31,85.15,Plain,Red Soil,Irrigated,Sunflower,2.5,Mixed,Agroforestry,Banana+Pea,239,75599,165165
23.29,83.69,Plain,Red Soil,Rainfed,Gram,4.3,Short-term,Cereals,Rice,105,18213,50498
23.05,84.39,Hilly,Laterite,Rainfed,Cotton,3.3,Short-term,Pulses,Lentil,119,11443,27728
23.71,84.88,Plain,Red Soil,Tube-well,Ladyfinger,3.4,Perennial,Cash Crops,Jute,337,50993,167782
23.85,84.51,Plateau,Laterite,Irrigated,Guava,4.8,Mixed,Agroforestry,Timber+Paddy,294,39843,117565
23.1,85.58,Hilly,Inceptisol,Irrigated,Cabbage,4.9,Short-term,Pulses,Green Gram,95,13963,53447
24.16,85.54,Plain,Red Soil,Irrigated,Groundnut,3.4,Long-term,Oilseeds,Niger,127,23939,92992
23.68,85.03,Plateau,Laterite,Rainfed,Guava,2.8,Short-term,Pulses,Lentil,90,11118,33589
23.79,84.43,Plateau,Entisol,Irrigated,Groundnut,3.2,Short-term,Cereals,Barley,115,11019,27697
23.66,84.14,Plain,Alfisol,Rainfed,Tobacco,2.2,Short-term,Pulses,Lentil,95,15619,48958
23.6,83.76,Hilly,Inceptisol,Rainfed,Cauliflower,4.9,Mixed,Agroforestry,Banana+Pea,200,70910,194452
23.84,84.39,Plain,Alfisol,Irrigated,Tea,3.7,Short-term,Pulses,Black Gram,92,7446,26823
23.23,84.53,Plain,Alfisol,Rainfed,Jute,1.8,Short-term,Oilseeds,Sunflower,92,20390,59539
23.27,85.19,Plain,Red Soil,Tube-well,Millets,0.8,Short-term,Oilseeds,Mustard,101,23428,53992
24.29,85.15,Hilly,Inceptisol,Rainfed,Sorghum,0.7,Long-term,Cash Crops,Sugarcane,174,82396,217030
24.42,83.68,Plateau,Laterite,Tube-well,Sesame,1.4,Short-term,Pulses,Lentil,89,9951,23904
23.56,84.49,Hilly,Inceptisol,Tube-well,Millets,1.5,Perennial,Fruits,Jackfruit,346,14375,29435
23.41,83.95,Plain,Red Soil,Rainfed,Ladyfinger,2.4,Long-term,Cereals,Sorghum,162,16929,35891
23.97,83.89,Hilly,Inceptisol,Irrigated,Coffee,1.5,Long-term,Vegetables,Onion,125,8645,21411
23.61,85.57,Plain,Red Soil,Rainfed,Mango,3.3,Mixed,Agroforestry,Rice+Lentil,235,54204,133620
23.04,83.6,Plateau,Laterite,Tube-well,Mango+Lentil,1.5,Perennial,Cash Crops,Coffee,335,86404,211490
23.23,84.55,Hilly,Laterite,Rainfed,Pigeon Pea,1.3,Short-term,Pulses,Green Gram,81,11355,24613
24.07,83.92,Plain,Red Soil,Irrigated,Tobacco,2.6,Short-term,Cereals,Sorghum,103,9614,37547
23.99,85.7,Plain,Red Soil,Rainfed,Groundnut,4.5,Short-term,Pulses,Pea,80,13478,38466
23.04,84.89,Plateau,Laterite,Rainfed,Niger,2.6,Long-term,Vegetables,Cabbage,127,14455,36514
23.33,84.08,Plain,Red Soil,Rainfed,Banana+Pea,2.4,Long-term,Cereals,Millets,132,10193,30162
23.35,84.76,Plateau,Laterite,Rainfed,Soybean,3.1,Short-term,Vegetables,Brinjal,85,26640,78978
24.01,85.33,Plain,Red Soil,Irrigated,Ladyfinger,1.7,Short-term,Vegetables,Potato,116,8270,24794
23.03,85.9,Plain,Red Soil,Irrigated,Mango+Lentil,2.1,Long-term,Vegetables,Brinjal,132,15203,57410
23.16,84.05,Hilly,Inceptisol,Irrigated,Litchi,1.5,Perennial,Fruits,Jackfruit,345,32983,124602
24.2,85.72,Plateau,Laterite,Rainfed,Niger,3.1,Perennial,Cash Crops,Tobacco,273,49917,120538
23.27,85.84,Plateau,Laterite,Rainfed,Cauliflower,3.6,Short-term,Cereals,Wheat,113,10472,28150
23.98,85.79,Plain,Alfisol,Rainfed,Lentil,3.5,Long-term,Cereals,Sorghum,168,7620,17776
23.36,85.09,Plain,Red Soil,Canal,Brinjal,1.6,Long-term,Cereals,Rice,159,18587,38369
23.15,85.07,Plain,Red Soil,Tube-well,Sorghum,4.0,Short-term,Vegetables,Cauliflower,84,28009,96654
23.36,84.51,Hilly,Inceptisol,Rainfed,Pea,1.7,Short-term,Vegetables,Cabbage,70,15564,34765
24.08,85.38,Hilly,Inceptisol,Rainfed,Lentil,1.2,Short-term,Pulses,Pea,108,10379,33326
24.28,84.83,Plateau,Laterite,Rainfed,Niger,2.1,Long-term,Vegetables,Brinjal,133,16828,50847
24.25,85.19,Plateau,Entisol,Irrigated,Soybean,3.2,Short-term,Vegetables,Cauliflower,77,15508,45898
23.6,84.57,Plain,Red Soil,Irrigated,Cotton,1.1,Short-term,Vegetables,Potato,116,11496,34772
24.0,85.33,Hilly,Laterite,Irrigated,Timber+Paddy,3.4,Perennial,Cash Crops,Coffee,260,99958,241390
23.31,85.56,Plateau,Laterite,Rainfed,Niger,4.4,Short-term,Vegetables,Cauliflower,110,23251,73576
23.44,83.87,Plateau,Entisol,Irrigated,Potato,1.8,Mixed,Agroforestry,Banana+Pea,315,27164,56796
24.34,85.58,Plain,Red Soil,Irrigated,Cotton,2.5,Long-term,Fruits,Mango,154,12027,47609
23.02,84.85,Plain,Red Soil,Rainfed,Sunflower,1.5,Long-term,Cereals,Sorghum,143,8989,18508
23.13,85.61,Hilly,Inceptisol,Irrigated,Sesame,2.1,Perennial,Fruits,Papaya,217,14757,37386
23.31,84.58,Plain,Red Soil,Rainfed,Sunflower,0.6,Short-term,Oilseeds,Sunflower,118,17958,69751
23.04,84.45,Plain,Red Soil,Rainfed,Wheat,4.8,Long-term,Cash Crops,Tea,158,86247,314651
23.27,85.79,Plain,Red Soil,Canal,Rice,2.4,Mixed,Agroforestry,Banana+Pea,265,73852,255997
23.87,84.13,Hilly,Laterite,Rainfed,Banana+Pea,4.0,Long-term,Cereals,Sorghum,125,7177,15191
23.63,85.61,Plain,Red Soil,Canal,Pea,1.1,Short-term,Pulses,Pea,86,16091,42150
24.34,84.71,Plain,Red Soil,Irrigated,Coffee,4.2,Long-term,Cereals,Millets,130,6650,16248
24.23,84.79,Plain,Alfisol,Rainfed,Barley,4.4,Long-term,Cereals,Millets,171,17606,48548
23.51,84.27,Plateau,Laterite,Irrigated,Black Gram,3.7,Short-term,Cereals,Millets,104,19020,65320
23.39,84.93,Plateau,Laterite,Irrigated,Tea,4.6,Perennial,Fruits,Litchi,204,26746,55748
23.57,84.31,Hilly,Inceptisol,Rainfed,Litchi,1.3,Long-term,Cereals,Rice,126,14327,33012
23.89,83.6,Hilly,Laterite,Rainfed,Tobacco,2.6,Short-term,Vegetables,Potato,70,22483,62225
23.4,84.18,Plateau,Laterite,Rainfed,Lentil,3.3,Mixed,Agroforestry,Timber+Paddy,191,63789,235226
23.94,83.52,Plain,Alfisol,Rainfed,Ladyfinger,3.2,Perennial,Cash Crops,Sugarcane,280,61588,199923
23.61,85.95,Plain,Alfisol,Rainfed,Soybean,4.4,Long-term,Cash Crops,Coffee,162,46300,139692
23.83,85.91,Plain,Alfisol,Rainfed,Groundnut,1.5,Long-term,Cereals,Wheat,122,17165,54641
23.65,84.49,Plain,Alfisol,Rainfed,Green Gram,1.3,Perennial,Fruits,Banana,281,48245,146650
23.44,85.32,Plain,Alfisol,Tube-well,Onion,1.6,Short-term,Oilseeds,Sunflower,114,21568,68035
24.42,84.36,Plateau,Entisol,Rainfed,Guava,4.5,Mixed,Agroforestry,Mango+Lentil,285,33069,114616
24.15,85.18,Hilly,Inceptisol,Irrigated,Paddy,4.7,Perennial,Cash Crops,Sugarcane,336,85091,210008
23.21,85.51,Hilly,Laterite,Irrigated,Sorghum,3.1,Perennial,Cash Crops,Sugarcane,197,25906,80919
24.3,85.87,Plateau,Laterite,Irrigated,Banana+Pea,2.8,Perennial,Fruits,Jackfruit,199,19153,69985
23.73,84.5,Plain,Red Soil,Rainfed,Maize+Mustard,3.2,Perennial,Fruits,Mango,296,33770,87152
24.34,85.46,Plain,Alfisol,Tube-well,Tobacco,3.3,Short-term,Vegetables,Brinjal,103,28783,73014
24.2,84.16,Hilly,Laterite,Irrigated,Guava,1.3,Mixed,Agroforestry,Banana+Pea,341,36401,94341
23.64,85.98,Hilly,Inceptisol,Canal,Pea,3.6,Short-term,Oilseeds,Mustard,101,17131,65641
23.03,83.56,Plain,Red Soil,Rainfed,Guava,2.5,Mixed,Agroforestry,Mango+Lentil,344,54635,214537
23.4,85.01,Hilly,Laterite,Rainfed,Rice+Lentil,2.8,Short-term,Oilseeds,Sunflower,91,11991,33277
23.81,85.15,Hilly,Laterite,Irrigated,Paddy,0.6,Short-term,Vegetables,Brinjal,71,11032,33069
23.95,85.22,Hilly,Laterite,Rainfed,Tea,3.9,Perennial,Cash Crops,Coffee,351,45836,178486
23.39,83.8,Hilly,Inceptisol,Rainfed,Jute,4.3,Short-term,Oilseeds,Mustard,106,15859,31817
23.21,85.85,Plain,Alfisol,Rainfed,Cauliflower,3.3,Short-term,Vegetables,Tomato,107,14786,30265
24.25,83.95,Plain,Red Soil,Irrigated,Rice+Lentil,3.9,Short-term,Pulses,Lentil,102,8709,34832
24.48,85.06,Hilly,Inceptisol,Tube-well,Tea,2.9,Short-term,Oilseeds,Sunflower,109,22846,63695
23.79,84.06,Plain,Alfisol,Rainfed,Tomato,3.3,Short-term,Oilseeds,Mustard,105,26900,66180
23.26,84.27,Plateau,Laterite,Canal,Jackfruit,2.3,Short-term,Vegetables,Brinjal,93,29988,79396
23.41,84.87,Hilly,Inceptisol,Irrigated,Rice+Lentil,4.1,Mixed,Agroforestry,Banana+Pea,346,76579,272035
23.03,84.54,Plain,Alfisol,Rainfed,Ladyfinger,2.6,Perennial,Fruits,Guava,243,25748,54839
24.37,83.9,Plateau,Entisol,Tube-well,Ladyfinger,3.6,Short-term,Oilseeds,Sunflower,97,17727,44608
23.18,83.93,Hilly,Inceptisol,Canal,Tea,3.3,Long-term,Oilseeds,Sunflower,123,12541,47846
23.86,84.55,Plain,Red Soil,Irrigated,Banana+Pea,3.7,Long-term,Fruits,Papaya,173,11067,39399
23.41,85.39,Plateau,Laterite,Rainfed,Jute,4.0,Perennial,Cash Crops,Sugarcane,306,72791,199291
23.83,85.74,Plateau,Entisol,Irrigated,Banana+Pea,2.8,Perennial,Fruits,Guava,354,45584,163115
23.98,83.71,Hilly,Laterite,Rainfed,Jute,4.2,Short-term,Oilseeds,Soybean,113,15204,49307
24.24,84.48,Plain,Red Soil,Rainfed,Black Gram,2.7,Perennial,Cash Crops,Tea,362,69410,196672
23.31,83.75,Hilly,Laterite,Rainfed,Sugarcane,4.8,Long-term,Oilseeds,Niger,125,12720,39885
23.02,83.54,Plateau,Entisol,Canal,Tea,3.9,Mixed,Agroforestry,Timber+Paddy,324,60797,130692
23.21,85.15,Plain,Alfisol,Canal,Mustard,1.3,Short-term,Vegetables,Ladyfinger,101,21227,47360
24.35,85.01,Plain,Red Soil,Rainfed,Sugarcane,4.2,Long-term,Oilseeds,Mustard,129,29739,93362
24.31,83.91,Plateau,Laterite,Rainfed,Cauliflower,3.0,Short-term,Cereals,Maize,92,15982,45176
23.9,84.08,Plain,Alfisol,Canal,Soybean,4.9,Mixed,Agroforestry,Banana+Pea,214,71436,271806
23.9,83.56,Plateau,Laterite,Rainfed,Litchi,3.7,Short-term,Cereals,Sorghum,104,15836,42028
24.0,85.59,Hilly,Inceptisol,Irrigated,Sunflower,0.9,Short-term,Pulses,Pigeon Pea,97,7491,19804
23.26,85.94,Hilly,Laterite,Rainfed,Black Gram,2.3,Mixed,Agroforestry,Rice+Lentil,272,26560,60131
24.37,83.84,Plain,Alfisol,Rainfed,Cabbage,2.8,Perennial,Fruits,Banana,352,22682,90667
23.63,84.08,Plateau,Entisol,Tube-well,Brinjal,4.3,Short-term,Pulses,Pigeon Pea,95,19106,38567
23.57,85.67,Plain,Alfisol,Rainfed,Ladyfinger,3.8,Long-term,Cereals,Rice,174,15102,57056
23.78,85.82,Hilly,Inceptisol,Rainfed,Mustard,2.2,Mixed,Agroforestry,Banana+Pea,342,61618,206010
23.07,84.55,Hilly,Laterite,Rainfed,Black Gram,3.4,Short-term,Cereals,Maize,90,11363,29430
23.25,83.63,Plateau,Entisol,Tube-well,Sorghum,3.1,Long-term,Cereals,Sorghum,160,14252,37077
24.11,83.6,Plateau,Laterite,Canal,Green Gram,1.1,Mixed,Agroforestry,Banana+Pea,352,67287,248412
23.12,84.93,Hilly,Inceptisol,Rainfed,Sesame,1.6,Mixed,Agroforestry,Rice+Lentil,302,54442,152373
23.9,84.48,Plain,Alfisol,Rainfed,Banana+Pea,2.0,Perennial,Cash Crops,Jute,316,89720,252154
23.37,83.57,Plateau,Laterite,Irrigated,Banana,1.4,Long-term,Cereals,Paddy,172,18884,43058
23.58,84.96,Hilly,Laterite,Rainfed,Tobacco,1.2,Mixed,Agroforestry,Banana+Pea,184,43882,153328
23.43,83.53,Plain,Red Soil,Irrigated,Mango+Lentil,0.8,Perennial,Cash Crops,Tea,218,27934,85713
23.53,85.47,Plain,Alfisol,Rainfed,Niger,4.4,Perennial,Fruits,Banana,265,30398,90857
24.08,84.27,Plateau,Entisol,Rainfed,Banana+Pea,1.8,Long-term,Fruits,Guava,166,29091,68115
23.45,83.6,Plain,Red Soil,Irrigated,Tobacco,1.8,Short-term,Pulses,Green Gram,101,17519,42854
23.85,84.97,Hilly,Inceptisol,Rainfed,Maize,1.4,Long-term,Cereals,Barley,159,13496,39125
23.71,84.49,Hilly,Laterite,Canal,Niger,2.6,Long-term,Cereals,Wheat,171,11485,32147
24.0,85.93,Plain,Alfisol,Rainfed,Tomato,2.8,Perennial,Cash Crops,Coffee,198,32493,70323
24.41,84.86,Hilly,Inceptisol,Rainfed,Onion,1.4,Short-term,Pulses,Pigeon Pea,102,14537,37496
24.1,84.19,Plain,Alfisol,Tube-well,Pigeon Pea,3.2,Mixed,Agroforestry,Banana+Pea,294,42349,111605
23.32,85.27,Hilly,Laterite,Rainfed,Sunflower,3.8,Perennial,Cash Crops,Tea,326,93425,345178
23.05,84.18,Hilly,Inceptisol,Irrigated,Jute,2.2,Short-term,Cereals,Maize,115,12570,46627
23.39,85.76,Hilly,Laterite,Rainfed,Mustard,3.1,Short-term,Pulses,Black Gram,89,13509,41735
23.89,84.44,Plateau,Laterite,Irrigated,Rice+Lentil,2.8,Perennial,Cash Crops,Sugarcane,288,48994,160427
23.08,84.87,Plateau,Entisol,Irrigated,Niger,1.4,Short-term,Vegetables,Cabbage,108,23519,67618
23.74,83.63,Plateau,Laterite,Rainfed,Maize,3.8,Long-term,Vegetables,Cabbage,134,21622,80728
23.9,84.57,Plain,Red Soil,Canal,Cotton,4.1,Perennial,Fruits,Mango,312,16494,47227
23.5,85.58,Plain,Alfisol,Irrigated,Mango+Lentil,3.4,Short-term,Oilseeds,Sunflower,117,20546,65571
24.16,85.51,Hilly,Laterite,Rainfed,Cabbage,2.0,Perennial,Cash Crops,Tea,335,37259,103163
23.16,84.06,Plateau,Laterite,Irrigated,Tobacco,4.7,Long-term,Oilseeds,Niger,120,11516,43281
23.11,84.07,Plateau,Entisol,Irrigated,Mango,2.5,Perennial,Fruits,Mango,297,35594,111189
24.09,85.54,Plateau,Entisol,Rainfed,Potato,1.7,Perennial,Fruits,Papaya,209,26958,71758
23.74,85.83,Plain,Alfisol,Rainfed,Mango+Lentil,2.3,Short-term,Vegetables,Brinjal,108,11427,30652
24.03,83.74,Hilly,Laterite,Rainfed,Litchi,3.6,Long-term,Cereals,Maize,126,15707,43157
23.65,84.63,Hilly,Laterite,Rainfed,Mango,4.3,Mixed,Agroforestry,Rice+Lentil,328,71057,255473
23.37,84.34,Plain,Alfisol,Irrigated,Coffee,2.1,Short-term,Pulses,Gram,102,9458,36948
24.23,85.68,Plain,Red Soil,Rainfed,Wheat,1.5,Mixed,Agroforestry,Rice+Lentil,314,55952,147013
24.2,83.71,Plateau,Entisol,Tube-well,Lentil,3.3,Mixed,Agroforestry,Mango+Lentil,241,45792,151234
24.04,84.03,Plain,Alfisol,Rainfed,Niger,4.6,Perennial,Cash Crops,Tea,254,31819,75829
23.41,85.38,Plain,Alfisol,Rainfed,Timber+Paddy,1.3,Short-term,Vegetables,Potato,117,25668,60098
23.89,83.63,Plain,Red Soil,Irrigated,Tea,4.1,Perennial,Fruits,Mango,307,21333,73318
23.54,84.73,Plateau,Laterite,Irrigated,Pea,2.6,Mixed,Agroforestry,Rice+Lentil,320,52807,194573
23.14,84.61,Hilly,Inceptisol,Irrigated,Maize+Mustard,4.1,Short-term,Pulses,Black Gram,109,9626,35754
24.38,84.34,Hilly,Inceptisol,Rainfed,Rice+Lentil,2.8,Short-term,Pulses,Black Gram,91,19201,55209
23.21,84.49,Plateau,Laterite,Rainfed,Paddy,2.2,Long-term,Vegetables,Cabbage,135,9280,31801
24.43,84.82,Plain,Alfisol,Rainfed,Sorghum,3.6,Long-term,Vegetables,Brinjal,128,11014,32801
23.67,83.9,Hilly,Laterite,Tube-well,Soybean,4.6,Short-term,Pulses,Black Gram,104,15441,56437
23.28,84.93,Plain,Alfisol,Rainfed,Black Gram,1.9,Perennial,Cash Crops,Sugarcane,346,64588,221789
23.81,85.51,Plain,Alfisol,Canal,Millets,2.6,Perennial,Cash Crops,Tea,294,66158,186114
24.31,85.4,Plateau,Laterite,Irrigated,Lentil,1.5,Short-term,Vegetables,Cauliflower,71,23313,86904
24.1,83.88,Plateau,Laterite,Rainfed,Jute,1.3,Mixed,Agroforestry,Banana+Pea,231,38802,83667
24.21,83.87,Plain,Red Soil,Irrigated,Gram,4.0,Perennial,Cash Crops,Jute,222,46507,100675
23.99,84.17,Plain,Red Soil,Canal,Paddy,1.4,Long-term,Cash Crops,Cotton,166,55313,147614
24.04,84.4,Hilly,Laterite,Canal,Sorghum,4.1,Short-term,Vegetables,Cabbage,90,28302,90958
24.27,84.52,Plain,Alfisol,Rainfed,Green Gram,2.4,Short-term,Pulses,Gram,89,18427,66600
23.37,85.2,Plain,Alfisol,Rainfed,Niger,5.0,Short-term,Pulses,Gram,104,15812,50914
23.73,83.64,Plain,Red Soil,Rainfed,Paddy,1.4,Short-term,Cereals,Maize,102,10056,26094
23.33,83.59,Plain,Red Soil,Rainfed,Pea,0.9,Long-term,Cereals,Millets,174,13015,50708
24.48,84.48,Plateau,Entisol,Irrigated,Onion,0.8,Mixed,Agroforestry,Maize+Mustard,227,32120,90181
24.42,85.24,Plain,Alfisol,Canal,Jute,4.3,Long-term,Cereals,Millets,136,5227,17119
23.06,83.98,Plain,Red Soil,Rainfed,Onion,2.5,Long-term,Cereals,Barley,150,12993,40661
24.06,85.1,Hilly,Laterite,Irrigated,Papaya,0.5,Short-term,Vegetables,Brinjal,98,27087,94684
24.39,84.15,Plateau,Entisol,Irrigated,Black Gram,4.4,Mixed,Agroforestry,Mango+Lentil,330,24373,60194
23.27,85.72,Plain,Red Soil,Rainfed,Maize+Mustard,4.4,Perennial,Cash Crops,Jute,216,85047,330194
23.85,85.74,Plain,Alfisol,Rainfed,Black Gram,4.1,Perennial,Fruits,Banana,250,21467,51133
24.37,84.24,Plain,Alfisol,Irrigated,Millets,1.6,Short-term,Vegetables,Potato,104,22943,59503
23.05,84.07,Plateau,Laterite,Canal,Pea,2.2,Long-term,Cereals,Wheat,179,11069,33701
24.05,84.53,Hilly,Inceptisol,Irrigated,Wheat,3.9,Long-term,Cereals,Millets,138,14089,41817
23.45,84.1,Plateau,Entisol,Rainfed,Onion,2.7,Perennial,Cash Crops,Tobacco,286,80356,171822
24.39,85.18,Plateau,Entisol,Rainfed,Paddy,1.2,Short-term,Cereals,Millets,116,9744,26819
24.46,85.57,Plateau,Laterite,Rainfed,Maize+Mustard,1.6,Perennial,Fruits,Guava,356,34419,70365
24.42,85.18,Hilly,Inceptisol,Irrigated,Brinjal,4.9,Perennial,Fruits,Banana,259,23085,61375
23.71,85.56,Hilly,Laterite,Irrigated,Pigeon Pea,1.2,Short-term,Oilseeds,Soybean,92,28634,100234
24.29,84.49,Plain,Alfisol,Rainfed,Tea,3.8,Short-term,Pulses,Pea,119,8964,32537
24.27,83.89,Plateau,Entisol,Canal,Brinjal,2.7,Long-term,Oilseeds,Groundnut,128,21330,77820
23.48,85.34,Plain,Alfisol,Irrigated,Banana+Pea,3.9,Mixed,Agroforestry,Rice+Lentil,309,43965,98814
24.24,84.4,Plain,Alfisol,Irrigated,Paddy,3.5,Perennial,Cash Crops,Cotton,185,96227,223517
23.06,85.18,Hilly,Inceptisol,Tube-well,Mango,2.5,Perennial,Fruits,Litchi,234,46536,123156
23.89,84.18,Plain,Red Soil,Rainfed,Green Gram,2.1,Short-term,Oilseeds,Niger,117,24306,69226
23.35,83.7,Hilly,Laterite,Tube-well,Sunflower,3.9,Short-term,Pulses,Pea,109,19113,68634
23.18,85.98,Hilly,Inceptisol,Rainfed,Jackfruit,2.0,Long-term,Vegetables,Cauliflower,145,24410,64646
23.12,83.89,Hilly,Laterite,Rainfed,Ladyfinger,4.0,Perennial,Fruits,Banana,314,16588,64119
24.04,85.97,Plateau,Laterite,Canal,Cabbage,3.6,Mixed,Agroforestry,Banana+Pea,310,37151,137498
23.51,85.94,Plain,Alfisol,Tube-well,Green Gram,3.1,Short-term,Oilseeds,Mustard,99,21536,45772
24.09,85.48,Hilly,Laterite,Irrigated,Black Gram,2.2,Short-term,Oilseeds,Soybean,101,28161,101835
23.1,85.15,Hilly,Laterite,Irrigated,Paddy,1.4,Perennial,Fruits,Mango,277,42947,159426
23.47,84.94,Hilly,Laterite,Irrigated,Rice,3.7,Short-term,Pulses,Green Gram,104,11720,40745
23.81,85.67,Plateau,Laterite,Canal,Sugarcane,0.9,Perennial,Fruits,Mango,301,23727,77421
24.19,84.22,Plain,Alfisol,Rainfed,Mustard,4.9,Perennial,Fruits,Banana,309,22924,55063
23.48,84.67,Hilly,Laterite,Canal,Banana+Pea,4.9,Perennial,Fruits,Papaya,228,30009,91930
23.94,85.05,Plain,Alfisol,Rainfed,Mango+Lentil,1.1,Short-term,Cereals,Rice,92,9534,33703
24.33,84.53,Plateau,Entisol,Rainfed,Sunflower,1.0,Short-term,Cereals,Rice,119,6006,16740
23.92,84.57,Plain,Red Soil,Rainfed,Sorghum,2.4,Short-term,Oilseeds,Sesame,102,20311,41159
23.35,84.33,Plateau,Entisol,Irrigated,Rice+Lentil,4.8,Short-term,Pulses,Gram,98,5539,18124
23.04,84.91,Plain,Red Soil,Tube-well,Rice,2.3,Perennial,Fruits,Jackfruit,277,40398,142656
24.31,85.63,Plain,Alfisol,Irrigated,Mango+Lentil,2.1,Short-term,Vegetables,Cauliflower,98,8051,24536
23.03,84.0,Hilly,Laterite,Tube-well,Cauliflower,3.7,Mixed,Agroforestry,Timber+Paddy,364,23096,88992
24.31,85.84,Plateau,Laterite,Rainfed,Cotton,1.3,Short-term,Cereals,Paddy,115,13484,27684
23.79,85.22,Hilly,Inceptisol,Irrigated,Cotton,2.1,Short-term,Vegetables,Tomato,101,28956,68582
24.41,85.56,Plateau,Laterite,Canal,Cauliflower,1.8,Perennial,Cash Crops,Jute,210,60747,181243
24.2,84.89,Hilly,Laterite,Irrigated,Soybean,3.2,Short-term,Vegetables,Cauliflower,119,20631,63196
24.5,85.45,Hilly,Laterite,Irrigated,Sunflower,1.2,Mixed,Agroforestry,Mango+Lentil,362,26725,65520
23.53,83.54,Plain,Red Soil,Irrigated,Green Gram,3.0,Perennial,Cash Crops,Coffee,324,80436,310111
24.15,85.55,Plateau,Entisol,Canal,Paddy,4.4,Short-term,Vegetables,Tomato,70,13583,39279
23.6,83.6,Plain,Alfisol,Canal,Lentil,2.8,Short-term,Pulses,Lentil,88,7925,19934
23.72,85.72,Plateau,Entisol,Rainfed,Jute,3.6,Perennial,Cash Crops,Coffee,201,86547,328452
23.94,85.98,Plateau,Laterite,Canal,Brinjal,0.8,Long-term,Cash Crops,Jute,162,46719,141888
24.31,84.24,Plateau,Entisol,Rainfed,Rice+Lentil,2.5,Perennial,Fruits,Mango,330,16276,60103
24.48,84.03,Hilly,Laterite,Rainfed,Brinjal,0.9,Long-term,Cereals,Barley,145,17292,67708
24.15,85.41,Hilly,Laterite,Canal,Ladyfinger,3.2,Mixed,Agroforestry,Timber+Paddy,341,65748,203646
23.63,84.13,Plateau,Laterite,Rainfed,Rice,1.8,Long-term,Cereals,Millets,158,5062,11703
23.63,85.66,Plain,Alfisol,Canal,Mustard,1.8,Mixed,Agroforestry,Timber+Paddy,192,55618,180897
24.11,83.76,Hilly,Inceptisol,Rainfed,Jackfruit,0.8,Short-term,Pulses,Gram,88,14272,54975
23.36,83.81,Plain,Alfisol,Rainfed,Pea,1.9,Long-term,Cereals,Sorghum,152,12633,41278
23.17,85.95,Hilly,Inceptisol,Rainfed,Rice,2.8,Perennial,Fruits,Papaya,258,31497,66366
23.53,85.18,Plain,Red Soil,Rainfed,Barley,3.1,Long-term,Vegetables,Onion,146,27160,88280
23.43,85.62,Plain,Alfisol,Irrigated,Maize,0.8,Perennial,Cash Crops,Sugarcane,350,21883,60417
23.44,84.31,Plain,Alfisol,Rainfed,Mango,3.4,Perennial,Fruits,Jackfruit,222,16562,40137
23.35,85.19,Hilly,Inceptisol,Rainfed,Cabbage,2.7,Long-term,Oilseeds,Mustard,124,25433,69083
23.06,84.99,Hilly,Inceptisol,Rainfed,Sesame,2.9,Perennial,Fruits,Jackfruit,265,29359,63873
23.03,85.01,Plain,Red Soil,Rainfed,Groundnut,4.2,Short-term,Oilseeds,Niger,90,22136,52233
24.48,85.21,Hilly,Inceptisol,Irrigated,Wheat,2.0,Short-term,Oilseeds,Groundnut,101,16258,45818
23.64,84.94,Plain,Alfisol,Rainfed,Green Gram,1.3,Short-term,Pulses,Gram,84,12791,32352
23.58,84.57,Hilly,Inceptisol,Irrigated,Groundnut,3.0,Perennial,Cash Crops,Jute,219,81387,268243
24.02,84.19,Hilly,Laterite,Tube-well,Gram,4.8,Short-term,Oilseeds,Groundnut,115,13807,33870
23.33,85.42,Hilly,Inceptisol,Irrigated,Banana+Pea,2.8,Mixed,Agroforestry,Banana+Pea,316,26908,78251
24.42,84.07,Plateau,Entisol,Canal,Gram,4.2,Perennial,Fruits,Litchi,252,44922,130354
24.18,85.23,Plain,Alfisol,Rainfed,Pea,3.9,Short-term,Vegetables,Potato,114,17190,66454
23.13,84.08,Plateau,Laterite,Rainfed,Sugarcane,2.8,Short-term,Pulses,Green Gram,112,10803,41384
23.63,85.06,Hilly,Laterite,Canal,Litchi,3.4,Short-term,Pulses,Pigeon Pea,80,19469,76862
24.32,85.37,Hilly,Inceptisol,Irrigated,Black Gram,2.3,Perennial,Fruits,Papaya,332,47580,103810
24.42,84.05,Hilly,Inceptisol,Irrigated,Lentil,2.9,Short-term,Oilseeds,Niger,114,24590,77072
23.7,83.65,Plain,Red Soil,Irrigated,Coffee,2.8,Perennial,Fruits,Banana,310,21788,67421
23.92,83.83,Hilly,Laterite,Rainfed,Lentil,3.7,Perennial,Fruits,Banana,297,20987,54534
23.25,85.01,Hilly,Laterite,Rainfed,Sesame,2.3,Short-term,Oilseeds,Soybean,113,25433,57689
24.49,85.62,Plain,Red Soil,Irrigated,Guava,0.9,Perennial,Fruits,Jackfruit,314,48741,162603
23.35,83.61,Plain,Red Soil,Irrigated,Jackfruit,4.0,Short-term,Oilseeds,Sunflower,111,29691,99886
24.41,85.34,Plain,Alfisol,Rainfed,Maize+Mustard,3.6,Short-term,Oilseeds,Soybean,92,29013,93539
23.97,84.35,Plateau,Entisol,Canal,Brinjal,4.8,Perennial,Fruits,Mango,226,16473,43568
23.91,84.7,Hilly,Inceptisol,Rainfed,Pigeon Pea,2.4,Long-term,Cereals,Rice,174,10296,39197
23.77,85.82,Plain,Alfisol,Rainfed,Tomato,0.9,Long-term,Cash Crops,Cotton,170,35345,71087
23.35,84.33,Plain,Red Soil,Canal,Niger,1.0,Short-term,Pulses,Gram,88,8473,26946
23.26,84.66,Hilly,Laterite,Irrigated,Tea,4.0,Perennial,Cash Crops,Sugarcane,331,58159,214844
23.33,83.53,Plateau,Laterite,Irrigated,Ladyfinger,0.8,Long-term,Oilseeds,Mustard,128,28988,94744
23.28,83.7,Plain,Red Soil,Rainfed,Pea,4.6,Long-term,Cereals,Wheat,137,10364,26121
24.17,84.15,Plain,Red Soil,Rainfed,Cauliflower,1.8,Mixed,Agroforestry,Timber+Paddy,190,21295,83738
23.53,83.57,Plateau,Entisol,Irrigated,Green Gram,4.5,Long-term,Vegetables,Onion,146,23456,65140
23.09,85.08,Plain,Alfisol,Rainfed,Cotton,4.0,Long-term,Oilseeds,Sunflower,121,27406,55892
24.45,84.57,Plain,Alfisol,Canal,Papaya,4.4,Short-term,Oilseeds,Niger,112,23930,63147
24.33,84.87,Plateau,Entisol,Tube-well,Tea,1.5,Perennial,Cash Crops,Cotton,295,88422,255724
24.39,83.94,Hilly,Inceptisol,Canal,Paddy,3.2,Short-term,Oilseeds,Sunflower,90,15293,33592
24.49,84.24,Plain,Red Soil,Rainfed,Guava,0.9,Long-term,Cereals,Paddy,126,15581,35305
23.26,85.16,Plain,Red Soil,Irrigated,Sunflower,1.4,Short-term,Vegetables,Cabbage,83,25602,91990
23.59,85.91,Plain,Red Soil,Rainfed,Green Gram,1.9,Long-term,Cereals,Barley,154,19105,71115
24.14,83.63,Plain,Red Soil,Rainfed,Cauliflower,3.8,Short-term,Oilseeds,Sesame,95,29290,72473
24.04,85.73,Plateau,Laterite,Rainfed,Litchi,0.6,Short-term,Oilseeds,Mustard,97,8058,16886
23.23,84.94,Hilly,Inceptisol,Rainfed,Mango,4.6,Perennial,Fruits,Litchi,244,49780,104412
24.22,84.91,Plateau,Entisol,Tube-well,Potato,0.8,Long-term,Vegetables,Brinjal,135,9982,34780
23.34,84.75,Plateau,Entisol,Rainfed,Rice,2.2,Long-term,Fruits,Banana,155,18209,48576
23.34,83.67,Hilly,Laterite,Rainfed,Soybean,0.9,Long-term,Fruits,Papaya,174,29651,117784
23.81,83.72,Plain,Red Soil,Tube-well,Maize,4.0,Perennial,Fruits,Papaya,200,22705,72317
23.89,85.0,Hilly,Laterite,Rainfed,Millets,1.1,Short-term,Cereals,Barley,119,7268,24784
23.87,84.35,Plateau,Laterite,Irrigated,Mustard,4.5,Perennial,Fruits,Banana,213,17461,61920
23.14,85.79,Plateau,Entisol,Rainfed,Tobacco,2.9,Perennial,Cash Crops,Jute,319,39133,101625
24.32,84.52,Plain,Red Soil,Rainfed,Sugarcane,4.8,Short-term,Pulses,Gram,110,16179,35933
23.4,83.86,Hilly,Inceptisol,Tube-well,Tobacco,1.8,Mixed,Agroforestry,Rice+Lentil,292,41439,154705
23.19,85.29,Hilly,Laterite,Rainfed,Gram,2.5,Long-term,Cereals,Sorghum,159,5937,22146
24.33,84.23,Plateau,Entisol,Irrigated,Ladyfinger,3.6,Long-term,Vegetables,Cauliflower,132,13816,45232
24.43,84.81,Plain,Red Soil,Rainfed,Soybean,4.2,Long-term,Cereals,Sorghum,177,18829,62624
24.29,85.24,Hilly,Laterite,Rainfed,Mustard,2.4,Long-term,Cereals,Barley,150,15703,58959
24.21,85.75,Plateau,Entisol,Rainfed,Tomato,4.5,Short-term,Oilseeds,Groundnut,109,29049,71112
23.98,85.48,Hilly,Inceptisol,Rainfed,Niger,1.0,Long-term,Vegetables,Potato,123,28782,93961
23.83,85.19,Hilly,Laterite,Rainfed,Sugarcane,3.7,Mixed,Agroforestry,Timber+Paddy,189,62210,171598
23.13,85.2,Plain,Alfisol,Irrigated,Tea,2.1,Mixed,Agroforestry,Rice+Lentil,219,51043,168598
23.61,85.86,Plain,Red Soil,Rainfed,Cauliflower,1.0,Mixed,Agroforestry,Mango+Lentil,295,19069,53742
23.56,84.24,Plain,Red Soil,Rainfed,Pea,2.2,Perennial,Fruits,Papaya,195,10345,25632
23.39,83.5,Plateau,Entisol,Rainfed,Cotton,4.5,Mixed,Agroforestry,Banana+Pea,232,24363,52496
24.09,84.18,Plain,Red Soil,Tube-well,Tea,4.9,Perennial,Fruits,Banana,364,18048,64818
23.74,84.04,Hilly,Laterite,Tube-well,Tea,2.3,Short-term,Cereals,Sorghum,99,5450,20454
23.12,85.15,Hilly,Inceptisol,Irrigated,Groundnut,4.5,Mixed,Agroforestry,Rice+Lentil,208,51772,180197
23.33,85.08,Plain,Red Soil,Canal,Soybean,2.8,Mixed,Agroforestry,Banana+Pea,217,28015,60764
24.02,84.98,Hilly,Laterite,Rainfed,Sesame,3.7,Short-term,Pulses,Pea,105,14659,51617
23.11,83.54,Plateau,Laterite,Rainfed,Paddy,0.7,Long-term,Vegetables,Onion,140,26114,58871
24.28,85.32,Plateau,Laterite,Irrigated,Cabbage,3.0,Perennial,Cash Crops,Tobacco,266,20203,56124
23.74,84.31,Hilly,Inceptisol,Irrigated,Jackfruit,0.8,Perennial,Fruits,Guava,306,18298,56791
23.72,85.16,Hilly,Inceptisol,Rainfed,Banana+Pea,1.7,Perennial,Cash Crops,Cotton,321,27825,86888
23.89,84.89,Plain,Alfisol,Rainfed,Niger,3.1,Mixed,Agroforestry,Rice+Lentil,224,42151,127629
24.24,84.36,Plateau,Laterite,Tube-well,Maize+Mustard,4.1,Perennial,Fruits,Papaya,302,11672,23745
23.52,83.84,Plain,Alfisol,Canal,Rice,3.0,Short-term,Oilseeds,Soybean,115,22665,89742
24.02,83.74,Plateau,Entisol,Rainfed,Jute,4.7,Long-term,Cereals,Maize,121,5087,17320
23.85,85.58,Plain,Alfisol,Irrigated,Barley,4.1,Perennial,Cash Crops,Cotton,301,57018,166722
23.4,85.8,Plateau,Laterite,Rainfed,Black Gram,1.2,Short-term,Vegetables,Cabbage,108,16513,35764
24.32,85.12,Plateau,Entisol,Rainfed,Black Gram,2.3,Long-term,Cereals,Wheat,134,7559,29540
24.2,83.76,Plateau,Entisol,Rainfed,Potato,3.5,Short-term,Cereals,Maize,102,19047,42814
23.99,84.51,Plain,Red Soil,Rainfed,Niger,4.7,Perennial,Cash Crops,Tea,246,59293,200205
24.28,85.32,Hilly,Laterite,Rainfed,Lentil,4.9,Perennial,Cash Crops,Jute,309,77373,178195
24.3,85.45,Hilly,Laterite,Canal,Banana+Pea,3.9,Short-term,Pulses,Black Gram,102,8819,34856
24.06,83.8,Plateau,Laterite,Rainfed,Tea,3.1,Perennial,Fruits,Jackfruit,320,34317,121568
24.26,83.5,Plain,Red Soil,Irrigated,Timber+Paddy,3.9,Mixed,Agroforestry,Rice+Lentil,210,74312,266780
24.05,85.28,Plateau,Laterite,Rainfed,Jackfruit,1.7,Long-term,Cereals,Barley,130,17531,65140
24.02,84.39,Plateau,Entisol,Rainfed,Jute,1.8,Short-term,Vegetables,Cauliflower,88,10262,22938
23.93,84.14,Plain,Alfisol,Canal,Litchi,3.4,Short-term,Pulses,Gram,117,10240,34533
24.13,83.53,Plateau,Laterite,Irrigated,Jackfruit,4.4,Short-term,Oilseeds,Soybean,92,12993,51334
23.24,84.85,Hilly,Laterite,Tube-well,Coffee,4.9,Long-term,Fruits,Jackfruit,169,23515,88795
24.32,85.63,Hilly,Inceptisol,Tube-well,Jackfruit,2.0,Perennial,Fruits,Jackfruit,185,17341,58966
24.31,85.89,Plain,Red Soil,Rainfed,Banana+Pea,4.1,Long-term,Oilseeds,Mustard,126,19156,54275
23.04,84.91,Hilly,Laterite,Rainfed,Coffee,4.3,Perennial,Cash Crops,Tea,337,35779,89984
24.24,84.79,Plateau,Entisol,Canal,Rice+Lentil,3.3,Perennial,Fruits,Papaya,237,16395,38764
23.19,83.71,Hilly,Laterite,Tube-well,Tobacco,2.1,Mixed,Agroforestry,Banana+Pea,344,57811,199650
23.5,84.87,Hilly,Laterite,Irrigated,Guava,3.3,Short-term,Oilseeds,Soybean,118,17550,68358
24.12,84.45,Hilly,Inceptisol,Irrigated,Jackfruit,3.1,Perennial,Fruits,Banana,361,29755,73194
23.24,85.02,Plateau,Entisol,Irrigated,Wheat,3.2,Perennial,Fruits,Mango,355,41863,112055
24.23,84.47,Plain,Alfisol,Rainfed,Pigeon Pea,3.3,Short-term,Oilseeds,Niger,100,20021,66567
24.25,84.1,Plateau,Entisol,Irrigated,Tomato,4.3,Perennial,Fruits,Banana,305,11676,31142
23.76,83.74,Hilly,Inceptisol,Canal,Coffee,1.3,Short-term,Oilseeds,Mustard,113,8602,19141
23.01,84.29,Plain,Red Soil,Irrigated,Lentil,2.2,Short-term,Pulses,Lentil,108,17871,36809
23.43,83.74,Plain,Red Soil,Rainfed,Tobacco,3.1,Short-term,Pulses,Black Gram,112,10863,22105
23.93,83.94,Hilly,Laterite,Rainfed,Niger,1.8,Perennial,Fruits,Mango,260,30131,65458
24.47,85.97,Plateau,Laterite,Rainfed,Maize+Mustard,4.9,Short-term,Cereals,Barley,114,18881,68355
23.95,84.61,Plain,Red Soil,Rainfed,Paddy,1.7,Short-term,Vegetables,Tomato,103,13259,51368
23.39,84.83,Plateau,Entisol,Tube-well,Barley,2.6,Short-term,Pulses,Lentil,109,16300,35522
23.95,85.68,Plain,Red Soil,Rainfed,Timber+Paddy,4.4,Long-term,Cereals,Sorghum,156,10552,35657
23.81,85.99,Hilly,Laterite,Rainfed,Cauliflower,0.9,Mixed,Agroforestry,Timber+Paddy,326,24559,81370
24.17,84.96,Plateau,Laterite,Rainfed,Mango+Lentil,4.2,Long-term,Cereals,Millets,169,16103,42411
23.16,85.53,Plateau,Laterite,Irrigated,Paddy,3.1,Mixed,Agroforestry,Mango+Lentil,240,52892,205148
24.14,84.32,Plain,Red Soil,Irrigated,Pigeon Pea,0.6,Short-term,Vegetables,Tomato,80,27049,90036
23.81,84.26,Hilly,Inceptisol,Rainfed,Lentil,4.6,Long-term,Cereals,Paddy,173,9106,21633
24.44,84.51,Plain,Red Soil,Rainfed,Guava,0.7,Short-term,Oilseeds,Sesame,92,17990,48758
23.51,85.18,Hilly,Laterite,Rainfed,Mango+Lentil,2.8,Perennial,Fruits,Litchi,302,36798,142940
23.95,85.21,Plateau,Laterite,Irrigated,Maize,0.7,Long-term,Fruits,Jackfruit,162,33337,96264
24.4,84.29,Plateau,Laterite,Rainfed,Cabbage,0.8,Perennial,Cash Crops,Sugarcane,223,49297,126460
23.15,83.83,Plain,Red Soil,Tube-well,Maize+Mustard,4.5,Perennial,Cash Crops,Tea,280,45938,168355
24.41,85.08,Plateau,Laterite,Rainfed,Tomato,3.9,Long-term,Oilseeds,Soybean,120,22063,81831
24.03,83.82,Hilly,Inceptisol,Rainfed,Jackfruit,1.4,Perennial,Fruits,Litchi,361,39954,146181
23.1,84.95,Plain,Red Soil,Irrigated,Paddy,3.3,Perennial,Fruits,Guava,213,22321,77209
23.45,85.23,Hilly,Inceptisol,Rainfed,Paddy,4.1,Perennial,Cash Crops,Jute,330,21986,77086
24.06,85.25,Hilly,Inceptisol,Irrigated,Tomato,4.5,Short-term,Pulses,Pea,96,13045,48272
23.1,85.38,Hilly,Laterite,Rainfed,Onion,2.6,Perennial,Cash Crops,Coffee,315,66887,145017
23.87,85.68,Hilly,Laterite,Irrigated,Jute,4.5,Perennial,Fruits,Litchi,291,27754,89363
23.52,84.75,Hilly,Laterite,Irrigated,Cauliflower,2.8,Short-term,Vegetables,Tomato,104,18452,50732
23.93,85.33,Plain,Alfisol,Tube-well,Maize+Mustard,3.6,Mixed,Agroforestry,Rice+Lentil,346,15894,33053
23.07,85.05,Plateau,Laterite,Rainfed,Green Gram,4.9,Short-term,Oilseeds,Sesame,102,16505,51100
24.31,83.97,Hilly,Laterite,Rainfed,Rice+Lentil,1.6,Mixed,Agroforestry,Maize+Mustard,181,28374,102864
24.46,83.56,Plain,Red Soil,Rainfed,Sorghum,1.3,Perennial,Cash Crops,Cotton,229,97338,383026
24.45,84.21,Plateau,Entisol,Tube-well,Black Gram,2.0,Mixed,Agroforestry,Rice+Lentil,243,35064,80783
24.12,84.61,Plateau,Entisol,Tube-well,Sunflower,1.2,Long-term,Cereals,Maize,159,8997,31025
23.2,85.04,Plateau,Laterite,Rainfed,Rice,1.8,Mixed,Agroforestry,Mango+Lentil,227,70133,187949
24.14,85.62,Plain,Alfisol,Rainfed,Sunflower,3.8,Long-term,Cereals,Millets,169,15582,58502
23.04,83.99,Plain,Red Soil,Rainfed,Wheat,2.6,Perennial,Cash Crops,Jute,363,85446,214531
23.03,83.81,Hilly,Inceptisol,Rainfed,Millets,2.2,Mixed,Agroforestry,Rice+Lentil,258,71009,210770
23.49,85.91,Plain,Red Soil,Rainfed,Pigeon Pea,2.2,Short-term,Vegetables,Onion,91,21603,71089
23.73,83.77,Plateau,Entisol,Rainfed,Banana+Pea,1.4,Perennial,Fruits,Banana,309,39581,116555
24.16,84.7,Plain,Red Soil,Irrigated,Sesame,2.5,Perennial,Cash Crops,Coffee,183,23448,66524
24.02,84.96,Plain,Red Soil,Tube-well,Maize+Mustard,3.3,Mixed,Agroforestry,Mango+Lentil,362,35010,135166
23.67,84.85,Hilly,Inceptisol,Tube-well,Onion,1.1,Perennial,Cash Crops,Tea,226,66687,199082
23.41,83.72,Plain,Alfisol,Rainfed,Rice+Lentil,4.9,Mixed,Agroforestry,Maize+Mustard,352,21263,63278
24.5,83.64,Plateau,Entisol,Irrigated,Banana,2.5,Perennial,Cash Crops,Cotton,294,80267,247407
23.64,83.76,Hilly,Inceptisol,Canal,Groundnut,4.8,Mixed,Agroforestry,Banana+Pea,242,15260,50256
23.68,84.96,Plain,Alfisol,Rainfed,Black Gram,1.1,Short-term,Cereals,Sorghum,111,15332,50054
23.25,84.86,Plain,Red Soil,Irrigated,Mango+Lentil,4.0,Short-term,Oilseeds,Sunflower,94,8166,21258
24.19,84.08,Hilly,Laterite,Rainfed,Papaya,3.3,Long-term,Vegetables,Ladyfinger,132,16009,36025
24.04,85.09,Plain,Alfisol,Rainfed,Brinjal,4.2,Long-term,Cereals,Barley,168,14723,57550
23.33,85.55,Hilly,Laterite,Rainfed,Potato,3.2,Mixed,Agroforestry,Mango+Lentil,235,19744,64169
23.12,83.6,Hilly,Laterite,Rainfed,Groundnut,4.8,Perennial,Fruits,Jackfruit,341,43770,133897
24.02,84.75,Plateau,Entisol,Irrigated,Mango+Lentil,3.3,Mixed,Agroforestry,Maize+Mustard,302,15084,49547
23.98,85.22,Plateau,Laterite,Rainfed,Ladyfinger,4.0,Long-term,Cash Crops,Coffee,176,58551,155565
23.41,84.13,Plateau,Laterite,Rainfed,Coffee,4.4,Perennial,Cash Crops,Cotton,331,43068,120923
24.43,84.27,Plateau,Entisol,Rainfed,Cabbage,3.7,Short-term,Pulses,Pigeon Pea,88,13340,38449
23.23,85.03,Plain,Alfisol,Canal,Pea,2.9,Short-term,Pulses,Pigeon Pea,83,15110,35089
23.65,85.74,Plain,Red Soil,Rainfed,Paddy,1.7,Short-term,Pulses,Pigeon Pea,95,10669,23830
24.42,85.52,Plain,Alfisol,Irrigated,Lentil,4.3,Long-term,Cereals,Millets,172,16697,45698
23.63,84.96,Plateau,Laterite,Irrigated,Onion,2.7,Long-term,Cereals,Sorghum,133,13774,31898
23.96,85.33,Plateau,Entisol,Rainfed,Soybean,3.3,Short-term,Oilseeds,Mustard,110,16511,53721
23.6,84.41,Plateau,Entisol,Rainfed,Green Gram,0.9,Long-term,Oilseeds,Niger,121,8714,32517
23.41,85.1,Plain,Alfisol,Irrigated,Timber+Paddy,2.7,Long-term,Cereals,Sorghum,134,12346,32730
24.48,84.67,Plateau,Entisol,Rainfed,Ladyfinger,3.6,Perennial,Fruits,Mango,317,27511,109610
23.61,83.97,Hilly,Laterite,Rainfed,Potato,3.1,Short-term,Oilseeds,Sunflower,104,13300,45163
24.34,85.25,Plain,Alfisol,Irrigated,Brinjal,2.5,Mixed,Agroforestry,Mango+Lentil,282,61314,207355
23.34,84.89,Hilly,Inceptisol,Rainfed,Banana,1.5,Perennial,Fruits,Litchi,320,12724,27983
23.32,84.4,Plain,Red Soil,Rainfed,Tobacco,1.9,Perennial,Fruits,Litchi,306,34240,69681
23.05,85.78,Hilly,Laterite,Rainfed,Black Gram,3.7,Short-term,Vegetables,Potato,74,18551,57708
23.98,83.55,Plain,Red Soil,Rainfed,Cauliflower,1.5,Short-term,Cereals,Rice,106,13688,37584
23.55,84.29,Hilly,Laterite,Irrigated,Green Gram,3.3,Long-term,Cereals,Rice,144,12925,27010
24.3,83.64,Hilly,Inceptisol,Irrigated,Maize+Mustard,3.2,Short-term,Oilseeds,Mustard,93,26632,74109
23.71,85.42,Plateau,Laterite,Irrigated,Wheat,4.9,Mixed,Agroforestry,Banana+Pea,257,52077,145232
24.45,85.26,Hilly,Inceptisol,Irrigated,Rice+Lentil,0.8,Long-term,Cereals,Barley,157,9937,39172
23.28,84.33,Hilly,Laterite,Rainfed,Black Gram,1.0,Perennial,Fruits,Mango,328,11455,36941
24.3,85.19,Plateau,Entisol,Rainfed,Rice+Lentil,2.8,Short-term,Cereals,Wheat,99,12026,39490
24.16,84.49,Plateau,Laterite,Rainfed,Mustard,2.9,Mixed,Agroforestry,Mango+Lentil,347,56077,112521
24.16,85.39,Plain,Alfisol,Rainfed,Guava,0.7,Short-term,Pulses,Gram,116,11291,44951
24.27,84.64,Hilly,Inceptisol,Tube-well,Mango+Lentil,4.2,Long-term,Cash Crops,Cotton,165,53668,189448
24.14,84.53,Plain,Red Soil,Canal,Banana+Pea,2.7,Short-term,Oilseeds,Soybean,110,13180,41668
23.94,85.84,Plain,Alfisol,Rainfed,Niger,2.1,Mixed,Agroforestry,Mango+Lentil,354,48025,146423
23.2,84.13,Hilly,Inceptisol,Rainfed,Litchi,1.9,Long-term,Fruits,Papaya,164,40920,117033
23.05,83.8,Plateau,Entisol,Rainfed,Banana+Pea,4.4,Short-term,Oilseeds,Sunflower,117,27543,88251
24.38,84.96,Plain,Alfisol,Rainfed,Banana+Pea,1.4,Long-term,Cash Crops,Jute,176,76852,170648
23.92,85.92,Plateau,Laterite,Rainfed,Onion,1.2,Perennial,Cash Crops,Coffee,349,48715,151681
24.19,84.44,Plateau,Entisol,Irrigated,Sorghum,1.5,Long-term,Vegetables,Cabbage,130,17897,57576
23.72,83.66,Plateau,Entisol,Canal,Green Gram,3.3,Long-term,Cereals,Rice,125,9406,31977
23.18,84.35,Plain,Red Soil,Irrigated,Tea,4.1,Long-term,Cereals,Wheat,127,8522,22695
23.19,84.76,Plateau,Laterite,Rainfed,Timber+Paddy,2.0,Short-term,Oilseeds,Sesame,106,12565,46420
24.03,83.9,Plain,Red Soil,Rainfed,Coffee,1.3,Short-term,Oilseeds,Sesame,91,27062,83616
23.65,85.15,Hilly,Inceptisol,Irrigated,Maize,1.4,Perennial,Cash Crops,Cotton,354,86377,314393
23.3,85.99,Plain,Alfisol,Canal,Groundnut,3.3,Mixed,Agroforestry,Banana+Pea,363,62674,205763
23.74,84.63,Plain,Red Soil,Canal,Ladyfinger,1.6,Short-term,Oilseeds,Niger,91,23989,61244
23.1,84.39,Plateau,Entisol,Tube-well,Maize+Mustard,4.4,Long-term,Cereals,Paddy,122,5256,10639
23.87,84.5,Hilly,Laterite,Irrigated,Rice+Lentil,1.0,Mixed,Agroforestry,Timber+Paddy,324,29392,73701
23.4,83.79,Plain,Alfisol,Irrigated,Niger,0.6,Short-term,Vegetables,Brinjal,116,10205,28923
24.2,85.71,Plain,Red Soil,Rainfed,Soybean,0.9,Long-term,Fruits,Banana,177,21305,74332
23.47,84.54,Hilly,Inceptisol,Irrigated,Jackfruit,4.3,Perennial,Cash Crops,Coffee,283,98437,370422
23.68,84.47,Plain,Red Soil,Rainfed,Potato,3.4,Perennial,Cash Crops,Coffee,187,84963,197547
23.02,85.15,Plateau,Entisol,Rainfed,Rice,4.8,Short-term,Pulses,Pigeon Pea,92,13310,42841
23.11,84.61,Plain,Red Soil,Irrigated,Millets,2.0,Short-term,Pulses,Pigeon Pea,104,11302,28986
23.59,85.12,Plain,Alfisol,Rainfed,Mango,1.5,Long-term,Vegetables,Ladyfinger,130,29180,74225
23.72,83.65,Plain,Alfisol,Rainfed,Brinjal,3.0,Short-term,Pulses,Pigeon Pea,101,8047,29586
23.9,85.53,Hilly,Inceptisol,Rainfed,Litchi,2.9,Perennial,Fruits,Papaya,220,21857,80732
23.44,85.85,Plain,Red Soil,Rainfed,Black Gram,3.2,Short-term,Vegetables,Cabbage,116,15391,33228
24.04,85.12,Plain,Alfisol,Rainfed,Potato,2.1,Long-term,Fruits,Guava,159,32679,110245
24.29,85.89,Plateau,Entisol,Rainfed,Wheat,0.5,Short-term,Vegetables,Tomato,103,24936,63706
24.17,83.88,Hilly,Inceptisol,Rainfed,Barley,0.7,Short-term,Pulses,Gram,109,10108,24482
23.06,84.69,Plain,Red Soil,Rainfed,Lentil,3.5,Short-term,Pulses,Lentil,88,19088,41632
23.72,85.0,Hilly,Inceptisol,Tube-well,Tomato,2.9,Mixed,Agroforestry,Timber+Paddy,238,55887,140551
23.16,84.95,Plateau,Laterite,Rainfed,Sesame,4.2,Short-term,Oilseeds,Sesame,105,21208,62376
23.36,84.5,Plain,Alfisol,Rainfed,Cabbage,1.9,Mixed,Agroforestry,Mango+Lentil,208,26727,100143
24.48,84.35,Plain,Red Soil,Irrigated,Gram,4.2,Perennial,Cash Crops,Coffee,258,33021,110043
23.21,83.82,Plateau,Laterite,Canal,Cotton,2.4,Perennial,Fruits,Guava,206,20501,56741
23.75,84.48,Hilly,Inceptisol,Irrigated,Lentil,0.9,Perennial,Cash Crops,Coffee,281,22804,83951
23.93,83.91,Hilly,Laterite,Rainfed,Paddy,4.9,Mixed,Agroforestry,Timber+Paddy,216,62686,180929
24.05,85.34,Plain,Red Soil,Irrigated,Guava,2.8,Perennial,Fruits,Papaya,356,41586,140181
23.84,84.02,Plain,Alfisol,Irrigated,Sesame,3.3,Long-term,Cash Crops,Jute,160,99625,392974
23.01,83.65,Hilly,Laterite,Irrigated,Mango,3.5,Long-term,Cereals,Barley,123,10612,37018
23.49,84.88,Plain,Red Soil,Irrigated,Groundnut,2.1,Perennial,Fruits,Banana,309,31515,92649
23.78,84.99,Hilly,Laterite,Canal,Potato,3.9,Perennial,Fruits,Litchi,331,15344,31893
23.13,85.68,Hilly,Laterite,Canal,Barley,4.4,Long-term,Cereals,Maize,136,15357,54617
23.53,84.94,Plain,Alfisol,Irrigated,Papaya,2.2,Short-term,Vegetables,Onion,107,25647,71914
23.05,84.36,Plateau,Laterite,Rainfed,Coffee,3.5,Short-term,Vegetables,Onion,71,8860,34948
23.12,85.51,Plateau,Laterite,Irrigated,Banana+Pea,3.9,Long-term,Oilseeds,Sesame,123,24520,71171
23.6,84.85,Plateau,Entisol,Canal,Cabbage,1.4,Mixed,Agroforestry,Rice+Lentil,334,41796,92937
23.2,83.7,Plain,Alfisol,Rainfed,Mustard,2.0,Mixed,Agroforestry,Mango+Lentil,236,42486,107556
23.85,84.91,Plain,Red Soil,Tube-well,Niger,1.0,Short-term,Oilseeds,Niger,103,12378,35801
24.03,85.77,Hilly,Inceptisol,Rainfed,Jute,3.2,Short-term,Oilseeds,Sesame,93,18041,44269
24.2,84.49,Plain,Alfisol,Rainfed,Cauliflower,4.1,Long-term,Cereals,Rice,129,8726,17711
23.3,84.24,Plateau,Entisol,Canal,Timber+Paddy,3.2,Short-term,Pulses,Pigeon Pea,97,14704,43162
23.25,83.86,Plain,Alfisol,Rainfed,Millets,1.3,Short-term,Oilseeds,Niger,118,15796,36159
23.16,83.88,Hilly,Inceptisol,Rainfed,Maize,3.0,Short-term,Vegetables,Cauliflower,108,9255,24972
23.95,84.58,Plain,Alfisol,Rainfed,Cotton,4.3,Long-term,Cereals,Maize,130,7648,30238
24.06,84.99,Hilly,Inceptisol,Rainfed,Wheat,1.9,Mixed,Agroforestry,Timber+Paddy,281,73924,150780
23.05,83.7,Plain,Alfisol,Rainfed,Soybean,4.2,Mixed,Agroforestry,Mango+Lentil,244,75981,279403
24.4,85.85,Hilly,Inceptisol,Rainfed,Coffee,4.0,Short-term,Pulses,Lentil,94,5018,12605
23.08,85.39,Plain,Red Soil,Rainfed,Soybean,0.6,Short-term,Oilseeds,Sunflower,105,9103,23515
23.81,84.97,Plateau,Laterite,Tube-well,Jackfruit,1.6,Long-term,Vegetables,Cabbage,128,14408,40951
24.06,85.57,Plain,Red Soil,Tube-well,Potato,2.9,Short-term,Pulses,Black Gram,97,15604,55764
24.31,83.7,Plateau,Laterite,Rainfed,Sunflower,3.7,Mixed,Agroforestry,Banana+Pea,209,25031,59757
24.07,84.69,Plateau,Laterite,Irrigated,Cotton,4.5,Short-term,Oilseeds,Groundnut,108,8841,18327
24.2,85.08,Plain,Alfisol,Rainfed,Jackfruit,3.4,Long-term,Fruits,Mango,156,41749,119967
23.51,85.57,Plateau,Entisol,Rainfed,Brinjal,2.2,Long-term,Cereals,Barley,127,17715,70754
24.22,85.46,Plain,Red Soil,Rainfed,Jute,1.3,Short-term,Oilseeds,Sunflower,94,17858,39517
23.12,84.19,Plateau,Laterite,Tube-well,Coffee,3.9,Short-term,Pulses,Green Gram,91,17071,51807
24.34,85.85,Hilly,Inceptisol,Tube-well,Banana+Pea,1.4,Long-term,Cereals,Barley,169,13187,52158
23.82,83.81,Plain,Red Soil,Rainfed,Mango+Lentil,3.6,Mixed,Agroforestry,Timber+Paddy,343,69915,182016
24.23,85.69,Plain,Alfisol,Rainfed,Coffee,1.3,Perennial,Fruits,Banana,240,38093,150811
23.68,85.93,Plain,Red Soil,Rainfed,Sugarcane,0.9,Mixed,Agroforestry,Mango+Lentil,228,70663,242992
23.97,83.94,Plateau,Entisol,Irrigated,Onion,1.6,Short-term,Vegetables,Onion,116,26396,103044
23.79,85.31,Plain,Red Soil,Irrigated,Coffee,1.8,Mixed,Agroforestry,Timber+Paddy,220,44340,170285
24.1,83.6,Hilly,Inceptisol,Rainfed,Maize+Mustard,3.4,Short-term,Oilseeds,Sesame,110,28971,63979
23.12,84.51,Hilly,Laterite,Irrigated,Potato,1.2,Short-term,Vegetables,Cauliflower,72,8996,27619
23.09,84.79,Plateau,Laterite,Rainfed,Tobacco,4.7,Short-term,Pulses,Lentil,113,7318,28339
23.37,84.95,Plain,Alfisol,Tube-well,Maize+Mustard,3.0,Long-term,Oilseeds,Sunflower,126,8899,34644
23.24,85.84,Hilly,Inceptisol,Irrigated,Cotton,2.7,Long-term,Cereals,Millets,126,5715,16760
24.31,85.18,Hilly,Laterite,Rainfed,Niger,2.5,Short-term,Pulses,Pigeon Pea,107,14180,54764
23.33,84.7,Plateau,Laterite,Irrigated,Mango,3.0,Long-term,Vegetables,Cauliflower,144,25137,98515
24.46,85.52,Plain,Alfisol,Canal,Lentil,0.6,Mixed,Agroforestry,Maize+Mustard,330,31819,90115
23.51,85.88,Plain,Alfisol,Rainfed,Barley,5.0,Short-term,Vegetables,Brinjal,80,12929,40654
23.27,83.56,Plain,Alfisol,Rainfed,Barley,3.0,Short-term,Cereals,Rice,104,19647,45107
24.18,85.96,Plateau,Laterite,Tube-well,Onion,0.7,Mixed,Agroforestry,Banana+Pea,232,35437,78034
23.99,83.72,Plain,Red Soil,Rainfed,Ladyfinger,3.2,Short-term,Pulses,Black Gram,99,10083,28657
23.75,85.54,Hilly,Inceptisol,Rainfed,Niger,2.5,Perennial,Fruits,Litchi,329,23680,66665
23.83,84.2,Plain,Red Soil,Rainfed,Guava,0.6,Perennial,Cash Crops,Coffee,329,37189,81973
24.08,83.83,Plateau,Laterite,Canal,Tea,4.7,Perennial,Fruits,Papaya,279,47740,97867
23.34,84.6,Plateau,Entisol,Irrigated,Groundnut,0.5,Short-term,Oilseeds,Sesame,115,13282,40433
24.49,85.11,Hilly,Laterite,Tube-well,Paddy,3.1,Long-term,Vegetables,Tomato,148,16630,51165
24.46,84.45,Plain,Alfisol,Irrigated,Sesame,4.8,Short-term,Oilseeds,Sesame,94,13310,32810
23.98,83.64,Plain,Alfisol,Rainfed,Potato,1.6,Mixed,Agroforestry,Mango+Lentil,186,46604,162665
23.3,85.0,Plain,Red Soil,Irrigated,Litchi,1.6,Short-term,Vegetables,Brinjal,81,10076,34114
24.02,85.76,Plain,Red Soil,Irrigated,Rice,0.5,Perennial,Fruits,Jackfruit,234,46425,142764
23.11,84.46,Hilly,Inceptisol,Rainfed,Maize,0.8,Mixed,Agroforestry,Rice+Lentil,260,51862,159470
23.05,84.04,Hilly,Inceptisol,Rainfed,Litchi,0.7,Short-term,Cereals,Maize,107,12241,41942
23.39,84.61,Plateau,Entisol,Rainfed,Onion,4.2,Long-term,Cereals,Paddy,161,5673,11894
23.69,83.62,Plain,Red Soil,Irrigated,Gram,4.3,Long-term,Cereals,Rice,138,5895,14359
24.3,85.55,Hilly,Inceptisol,Canal,Rice,3.8,Short-term,Pulses,Gram,115,9865,39387
24.09,85.57,Hilly,Inceptisol,Irrigated,Paddy,2.1,Long-term,Cereals,Maize,142,17434,52774
24.11,84.97,Hilly,Inceptisol,Tube-well,Paddy,4.2,Short-term,Pulses,Green Gram,104,6649,15618
23.64,84.38,Plain,Alfisol,Rainfed,Gram,2.9,Short-term,Pulses,Black Gram,90,17298,42187
23.52,85.5,Hilly,Laterite,Tube-well,Niger,1.9,Long-term,Cereals,Millets,176,10489,24489
23.56,84.89,Hilly,Laterite,Canal,Sunflower,2.5,Long-term,Fruits,Jackfruit,166,41660,93690
24.48,85.56,Plateau,Entisol,Rainfed,Pigeon Pea,0.8,Short-term,Cereals,Sorghum,109,14714,32838
23.06,85.08,Plateau,Laterite,Tube-well,Mango+Lentil,4.8,Perennial,Fruits,Mango,282,21159,76812
24.3,85.46,Plain,Red Soil,Rainfed,Pigeon Pea,3.3,Mixed,Agroforestry,Maize+Mustard,287,50416,198203
23.87,85.0,Plain,Red Soil,Canal,Tobacco,3.8,Short-term,Cereals,Millets,107,16537,34007
23.66,84.54,Hilly,Inceptisol,Canal,Mango+Lentil,3.5,Long-term,Cereals,Maize,138,11030,29176
24.09,85.89,Hilly,Laterite,Irrigated,Wheat,3.5,Long-term,Vegetables,Potato,137,19106,45090
23.73,84.85,Plain,Red Soil,Irrigated,Sorghum,0.6,Long-term,Cereals,Sorghum,165,6385,24954
24.31,85.01,Plateau,Entisol,Rainfed,Banana,2.9,Long-term,Cereals,Sorghum,126,14563,53433
24.35,84.05,Plateau,Entisol,Irrigated,Sugarcane,4.2,Short-term,Oilseeds,Niger,98,15693,42780
23.63,85.06,Plateau,Laterite,Rainfed,Pigeon Pea,0.7,Perennial,Fruits,Banana,276,25205,55038
23.42,84.93,Plain,Red Soil,Irrigated,Maize,4.8,Long-term,Cereals,Paddy,169,16239,59764
23.89,83.96,Plateau,Entisol,Irrigated,Maize+Mustard,2.4,Perennial,Fruits,Banana,335,20058,66640
24.37,83.65,Plateau,Entisol,Tube-well,Barley,1.8,Perennial,Cash Crops,Coffee,194,80321,282127
23.32,85.01,Hilly,Inceptisol,Rainfed,Potato,2.9,Long-term,Cereals,Wheat,163,19907,52735
23.93,85.41,Hilly,Inceptisol,Canal,Cabbage,4.1,Short-term,Oilseeds,Groundnut,100,15074,59478
23.95,84.81,Plateau,Laterite,Tube-well,Coffee,2.6,Perennial,Cash Crops,Sugarcane,353,85037,287388
24.1,84.07,Hilly,Inceptisol,Irrigated,Pigeon Pea,3.4,Short-term,Vegetables,Cauliflower,101,24847,50691
23.2,85.17,Plain,Red Soil,Rainfed,Cabbage,2.7,Short-term,Pulses,Pigeon Pea,96,11384,35991
24.07,83.7,Hilly,Laterite,Rainfed,Mango+Lentil,3.3,Short-term,Vegetables,Ladyfinger,84,8864,27110
24.36,84.6,Hilly,Laterite,Rainfed,Green Gram,1.1,Long-term,Cereals,Wheat,160,14056,55264
23.27,83.91,Plain,Alfisol,Irrigated,Maize,0.7,Short-term,Vegetables,Tomato,85,15542,35513
23.36,83.96,Plateau,Entisol,Irrigated,Green Gram,1.1,Short-term,Oilseeds,Groundnut,119,26605,67661
24.46,84.01,Hilly,Laterite,Tube-well,Banana,1.8,Mixed,Agroforestry,Rice+Lentil,278,37169,133464
23.27,84.47,Hilly,Laterite,Rainfed,Pigeon Pea,1.6,Long-term,Vegetables,Ladyfinger,141,23762,63101
24.28,83.63,Plain,Red Soil,Rainfed,Pigeon Pea,3.3,Long-term,Vegetables,Ladyfinger,127,28045,103863
23.74,84.49,Hilly,Laterite,Irrigated,Potato,2.6,Short-term,Pulses,Green Gram,113,8515,20360
23.37,84.78,Plain,Red Soil,Canal,Potato,0.7,Short-term,Vegetables,Cabbage,82,19057,55859
24.31,84.71,Plain,Alfisol,Tube-well,Paddy,0.7,Long-term,Oilseeds,Sunflower,122,22594,87910
23.67,84.46,Hilly,Inceptisol,Canal,Sunflower,0.9,Long-term,Cereals,Maize,125,6701,23680
23.77,85.6,Hilly,Inceptisol,Rainfed,Mustard,2.1,Mixed,Agroforestry,Rice+Lentil,243,41983,123203
23.54,83.86,Hilly,Laterite,Irrigated,Sugarcane,0.5,Short-term,Oilseeds,Mustard,97,23797,89681
23.89,84.76,Plain,Red Soil,Canal,Pigeon Pea,2.7,Short-term,Vegetables,Tomato,105,17328,36681
23.25,83.66,Hilly,Inceptisol,Rainfed,Green Gram,2.1,Perennial,Fruits,Banana,336,30843,81162
23.59,83.68,Plain,Alfisol,Rainfed,Rice,3.0,Short-term,Vegetables,Onion,70,23842,48382
24.45,84.93,Plateau,Laterite,Rainfed,Cotton,3.7,Long-term,Vegetables,Ladyfinger,125,17152,54179
23.39,84.92,Hilly,Inceptisol,Rainfed,Lentil,1.6,Short-term,Pulses,Lentil,96,8316,23865
23.99,85.7,Hilly,Inceptisol,Irrigated,Green Gram,1.2,Long-term,Vegetables,Tomato,120,10039,39751
23.49,84.89,Plain,Alfisol,Rainfed,Coffee,1.8,Perennial,Fruits,Jackfruit,303,38436,85058
24.16,85.9,Plain,Red Soil,Rainfed,Guava,0.5,Long-term,Fruits,Papaya,173,28030,67415
23.2,83.62,Plateau,Laterite,Rainfed,Mango+Lentil,1.0,Short-term,Vegetables,Tomato,80,20954,49098
24.45,83.75,Plain,Alfisol,Irrigated,Coffee,3.9,Long-term,Cereals,Sorghum,127,17470,45687
23.68,83.61,Hilly,Laterite,Rainfed,Paddy,1.5,Perennial,Cash Crops,Cotton,272,64956,235929
23.35,83.96,Hilly,Inceptisol,Irrigated,Mustard,5.0,Long-term,Fruits,Mango,152,33557,111449
23.11,84.85,Plain,Alfisol,Rainfed,Millets,1.3,Perennial,Cash Crops,Coffee,185,77294,221217
23.25,85.11,Plateau,Laterite,Rainfed,Cotton,4.0,Long-term,Cereals,Rice,165,15552,50614
23.78,83.61,Hilly,Laterite,Rainfed,Groundnut,3.7,Long-term,Oilseeds,Sesame,122,18546,61503
23.51,85.86,Plain,Red Soil,Rainfed,Coffee,1.9,Perennial,Fruits,Guava,282,23336,84596
24.24,85.61,Plain,Alfisol,Rainfed,Tea,2.0,Long-term,Oilseeds,Groundnut,123,26229,55959
23.65,84.24,Plain,Alfisol,Rainfed,Millets,3.0,Perennial,Cash Crops,Jute,278,35905,73401
23.37,83.69,Plateau,Entisol,Canal,Gram,4.3,Short-term,Oilseeds,Mustard,115,12072,27716
23.93,83.92,Hilly,Laterite,Irrigated,Cauliflower,2.2,Long-term,Cereals,Wheat,127,14113,50468
24.06,83.82,Plain,Alfisol,Rainfed,Maize,0.8,Short-term,Oilseeds,Sunflower,113,23380,77795
23.25,83.81,Plain,Alfisol,Rainfed,Sorghum,2.2,Perennial,Cash Crops,Cotton,297,46117,160268
23.25,84.8,Hilly,Inceptisol,Tube-well,Jackfruit,1.4,Short-term,Pulses,Pigeon Pea,112,12317,43511
23.06,84.11,Hilly,Inceptisol,Irrigated,Rice,4.7,Perennial,Fruits,Mango,287,33179,114312
24.1,84.4,Hilly,Laterite,Rainfed,Cotton,3.6,Short-term,Vegetables,Ladyfinger,109,26481,84715
24.0,85.97,Plain,Red Soil,Irrigated,Lentil,0.7,Mixed,Agroforestry,Timber+Paddy,308,48066,149718
23.71,85.21,Plain,Red Soil,Irrigated,Black Gram,1.8,Perennial,Fruits,Jackfruit,253,26161,57379
24.27,85.87,Hilly,Inceptisol,Irrigated,Pea,0.7,Perennial,Cash Crops,Sugarcane,319,85180,172581
24.21,83.86,Plateau,Entisol,Rainfed,Pea,4.2,Short-term,Pulses,Pigeon Pea,107,7642,17204
23.88,84.46,Plain,Alfisol,Rainfed,Brinjal,4.6,Short-term,Vegetables,Cabbage,82,25658,64997
24.3,84.89,Hilly,Laterite,Rainfed,Millets,1.0,Short-term,Pulses,Black Gram,112,19861,44705
23.31,83.69,Hilly,Laterite,Tube-well,Cauliflower,2.5,Short-term,Pulses,Lentil,106,8618,27734
23.17,83.51,Hilly,Laterite,Irrigated,Cauliflower,4.7,Long-term,Vegetables,Ladyfinger,146,17704,48338
23.4,85.18,Plain,Red Soil,Rainfed,Potato,1.2,Long-term,Cereals,Paddy,148,10358,25223
23.09,85.1,Plateau,Laterite,Tube-well,Timber+Paddy,1.8,Short-term,Oilseeds,Niger,99,20902,57042
23.8,84.53,Hilly,Inceptisol,Tube-well,Litchi,1.9,Long-term,Cereals,Maize,179,16204,37924
24.4,84.72,Hilly,Laterite,Tube-well,Mango+Lentil,0.6,Perennial,Fruits,Jackfruit,317,45697,181823
23.06,84.54,Plain,Red Soil,Canal,Guava,0.7,Mixed,Agroforestry,Mango+Lentil,189,39297,153432
23.18,83.56,Plain,Red Soil,Tube-well,Cotton,4.8,Short-term,Oilseeds,Sunflower,102,15527,50750
23.68,84.34,Plain,Alfisol,Rainfed,Sesame,3.1,Long-term,Cash Crops,Sugarcane,165,41576,165273
24.4,83.94,Plateau,Laterite,Canal,Black Gram,1.9,Perennial,Fruits,Mango,182,46439,134256
23.47,83.75,Plain,Red Soil,Canal,Jute,2.2,Short-term,Oilseeds,Soybean,102,20022,58372
23.76,85.89,Hilly,Laterite,Rainfed,Paddy,3.7,Short-term,Pulses,Black Gram,89,16048,43207
23.06,85.0,Plain,Alfisol,Rainfed,Mango+Lentil,2.1,Short-term,Oilseeds,Groundnut,117,16823,61078
23.22,85.32,Hilly,Inceptisol,Tube-well,Maize+Mustard,1.5,Short-term,Pulses,Pea,109,6063,20047
24.48,84.29,Hilly,Laterite,Rainfed,Onion,1.0,Perennial,Fruits,Jackfruit,339,20985,45056
24.45,84.48,Plain,Red Soil,Canal,Millets,3.8,Short-term,Vegetables,Brinjal,72,27735,78934
23.01,84.09,Plain,Red Soil,Rainfed,Rice,1.3,Mixed,Agroforestry,Banana+Pea,227,57542,221251
24.43,83.74,Plain,Red Soil,Rainfed,Groundnut,0.8,Long-term,Cereals,Rice,165,15486,49667
23.96,83.95,Hilly,Inceptisol,Rainfed,Sorghum,2.4,Long-term,Cash Crops,Jute,167,62347,225795
24.3,85.49,Hilly,Laterite,Rainfed,Papaya,0.7,Long-term,Vegetables,Ladyfinger,138,28288,78956
23.68,85.19,Plain,Alfisol,Irrigated,Tobacco,4.8,Perennial,Cash Crops,Cotton,229,92853,188970
23.77,84.87,Hilly,Laterite,Irrigated,Banana,3.3,Short-term,Vegetables,Cabbage,91,24566,73943
23.73,84.69,Plain,Alfisol,Rainfed,Cabbage,1.2,Perennial,Cash Crops,Tobacco,328,79823,179502
24.0,85.81,Plain,Alfisol,Rainfed,Gram,1.3,Perennial,Fruits,Guava,272,45138,141063
23.21,83.68,Plain,Red Soil,Rainfed,Jackfruit,3.1,Short-term,Vegetables,Ladyfinger,113,28598,99737
23.04,84.2,Plateau,Entisol,Rainfed,Sugarcane,2.1,Perennial,Fruits,Guava,277,42223,115470
23.46,84.37,Plain,Red Soil,Irrigated,Green Gram,4.0,Short-term,Oilseeds,Niger,93,16524,58327
24.06,85.46,Plain,Alfisol,Rainfed,Mango,3.0,Long-term,Cereals,Maize,131,6252,21219
23.3,85.98,Plain,Alfisol,Rainfed,Sesame,2.5,Long-term,Cereals,Millets,168,7422,23071
24.01,84.1,Plain,Red Soil,Rainfed,Sesame,4.8,Long-term,Vegetables,Brinjal,129,14909,57887
24.45,85.69,Hilly,Laterite,Rainfed,Green Gram,2.3,Short-term,Pulses,Black Gram,113,12664,36076
23.14,85.58,Plain,Alfisol,Rainfed,Cabbage,2.3,Long-term,Cash Crops,Jute,151,69408,150814
24.01,84.06,Plain,Alfisol,Rainfed,Mustard,3.5,Perennial,Fruits,Guava,218,46111,174835
23.67,84.5,Hilly,Laterite,Canal,Pigeon Pea,4.1,Mixed,Agroforestry,Maize+Mustard,286,59560,229836
24.3,84.52,Plain,Red Soil,Tube-well,Rice+Lentil,3.3,Short-term,Oilseeds,Soybean,93,10674,31938
23.27,85.95,Plateau,Laterite,Canal,Cabbage,3.6,Mixed,Agroforestry,Rice+Lentil,210,22044,46151
24.04,83.95,Hilly,Inceptisol,Rainfed,Tea,2.2,Short-term,Pulses,Gram,95,18011,54227
24.26,85.5,Plain,Red Soil,Rainfed,Sunflower,2.7,Short-term,Pulses,Gram,110,15748,49465
24.42,84.34,Hilly,Laterite,Irrigated,Jackfruit,1.4,Mixed,Agroforestry,Timber+Paddy,345,79549,194404
24.02,85.33,Plain,Alfisol,Irrigated,Mustard,3.6,Short-term,Cereals,Sorghum,109,16874,66604
23.75,84.55,Hilly,Laterite,Tube-well,Timber+Paddy,1.5,Mixed,Agroforestry,Maize+Mustard,329,34694,77651
23.93,84.95,Hilly,Laterite,Rainfed,Papaya,0.5,Perennial,Cash Crops,Sugarcane,292,65306,240024
24.3,85.58,Plain,Red Soil,Rainfed,Millets,4.7,Long-term,Oilseeds,Groundnut,123,9953,24869
23.86,85.51,Hilly,Laterite,Irrigated,Sorghum,1.9,Short-term,Oilseeds,Mustard,119,19445,76649
23.05,85.67,Plateau,Entisol,Canal,Pigeon Pea,1.4,Short-term,Pulses,Pigeon Pea,103,5872,19698
24.4,83.65,Plateau,Laterite,Canal,Maize+Mustard,1.7,Short-term,Vegetables,Potato,92,20920,71824
24.03,85.23,Hilly,Laterite,Irrigated,Pea,2.0,Short-term,Pulses,Gram,109,18206,60677
24.01,83.85,Hilly,Laterite,Tube-well,Banana,2.6,Perennial,Cash Crops,Tea,274,29438,108774
23.32,84.54,Plain,Red Soil,Irrigated,Pigeon Pea,0.8,Short-term,Vegetables,Onion,112,12085,30287
23.99,84.87,Plain,Red Soil,Tube-well,Jute,0.7,Mixed,Agroforestry,Maize+Mustard,360,35694,134993
23.59,84.51,Hilly,Laterite,Tube-well,Soybean,1.8,Long-term,Oilseeds,Groundnut,126,10876,40162
23.98,84.8,Plain,Alfisol,Canal,Gram,1.8,Perennial,Fruits,Guava,271,42225,122887
23.16,85.99,Plateau,Entisol,Rainfed,Tomato,1.0,Perennial,Cash Crops,Sugarcane,317,62936,166135
23.99,83.84,Plain,Alfisol,Rainfed,Potato,2.3,Perennial,Cash Crops,Cotton,194,66972,153239
24.5,85.19,Plain,Red Soil,Irrigated,Rice,1.8,Short-term,Pulses,Black Gram,94,5773,13690
23.07,84.49,Plain,Red Soil,Rainfed,Papaya,0.6,Mixed,Agroforestry,Rice+Lentil,226,53748,168653
24.47,83.83,Plateau,Laterite,Canal,Cauliflower,4.5,Perennial,Fruits,Guava,181,21513,69477
23.61,83.9,Hilly,Inceptisol,Rainfed,Guava,4.5,Perennial,Cash Crops,Tea,315,60963,176660
24.31,85.87,Hilly,Laterite,Rainfed,Maize+Mustard,1.4,Long-term,Cereals,Barley,177,6897,27210
24.17,85.7,Plain,Alfisol,Irrigated,Jute,1.2,Short-term,Vegetables,Potato,110,26951,62032
23.85,85.77,Plateau,Laterite,Rainfed,Sugarcane,3.0,Perennial,Cash Crops,Tobacco,329,22559,59862
24.11,85.98,Plain,Red Soil,Rainfed,Tomato,3.3,Short-term,Vegetables,Cabbage,99,24996,63179
24.32,84.02,Plateau,Entisol,Rainfed,Groundnut,4.8,Perennial,Fruits,Mango,212,28006,72387
23.61,84.39,Hilly,Inceptisol,Irrigated,Lentil,2.2,Short-term,Oilseeds,Groundnut,105,11069,28624
23.49,85.17,Plain,Alfisol,Rainfed,Litchi,3.3,Perennial,Cash Crops,Coffee,278,57220,170694
24.0,84.71,Hilly,Inceptisol,Canal,Sunflower,4.5,Perennial,Cash Crops,Sugarcane,252,90773,339071
24.21,84.55,Hilly,Inceptisol,Rainfed,Litchi,2.5,Perennial,Cash Crops,Tea,256,61184,174554
24.14,84.39,Plain,Alfisol,Tube-well,Brinjal,1.1,Short-term,Oilseeds,Sunflower,98,24609,77199
24.2,84.98,Plateau,Laterite,Rainfed,Millets,2.2,Perennial,Fruits,Papaya,257,19003,65074
23.65,84.94,Hilly,Inceptisol,Rainfed,Guava,1.1,Long-term,Fruits,Mango,160,41404,104215
24.23,83.9,Plain,Red Soil,Rainfed,Paddy,0.6,Perennial,Cash Crops,Cotton,232,46403,104443
23.18,84.68,Plain,Red Soil,Rainfed,Maize+Mustard,3.9,Perennial,Fruits,Papaya,190,44139,96006
23.82,84.88,Hilly,Laterite,Irrigated,Timber+Paddy,1.6,Mixed,Agroforestry,Banana+Pea,232,78594,175652
23.01,84.93,Hilly,Laterite,Rainfed,Pigeon Pea,0.5,Mixed,Agroforestry,Banana+Pea,297,66887,221777
23.49,84.03,Hilly,Laterite,Rainfed,Cotton,4.4,Long-term,Cereals,Millets,171,10334,21821
23.55,85.36,Hilly,Inceptisol,Irrigated,Black Gram,2.5,Perennial,Fruits,Jackfruit,272,45847,111053
23.59,83.56,Hilly,Inceptisol,Rainfed,Mango,1.6,Long-term,Oilseeds,Groundnut,121,8980,24640
24.04,84.39,Plateau,Entisol,Rainfed,Black Gram,1.7,Long-term,Fruits,Mango,174,20787,75708
23.58,85.45,Hilly,Laterite,Irrigated,Green Gram,1.6,Short-term,Oilseeds,Sunflower,114,14187,36869
23.67,84.91,Plateau,Entisol,Tube-well,Gram,1.4,Perennial,Cash Crops,Coffee,320,77061,204195
23.36,84.15,Plain,Red Soil,Rainfed,Groundnut,4.3,Short-term,Oilseeds,Sesame,92,13529,30867
23.56,85.24,Plain,Red Soil,Rainfed,Papaya,1.3,Long-term,Cereals,Paddy,155,13731,50114
23.34,84.92,Plain,Red Soil,Tube-well,Jute,3.0,Short-term,Vegetables,Onion,113,25844,56375
23.11,85.49,Hilly,Laterite,Rainfed,Papaya,0.8,Perennial,Cash Crops,Tea,221,95821,382899
23.91,85.34,Plateau,Entisol,Tube-well,Litchi,4.8,Perennial,Fruits,Litchi,218,15291,39007
24.0,85.03,Plain,Alfisol,Rainfed,Green Gram,3.2,Long-term,Fruits,Papaya,162,29112,104698
23.93,84.72,Plain,Alfisol,Canal,Black Gram,4.6,Perennial,Fruits,Guava,181,46841,151886
23.7,83.83,Plateau,Entisol,Rainfed,Wheat,2.3,Mixed,Agroforestry,Timber+Paddy,223,53819,207418
23.57,84.15,Plain,Alfisol,Tube-well,Sugarcane,4.1,Perennial,Fruits,Mango,359,12430,32814
24.3,84.55,Hilly,Laterite,Rainfed,Gram,4.3,Short-term,Oilseeds,Soybean,111,25640,102089
23.78,85.0,Hilly,Inceptisol,Irrigated,Mango+Lentil,3.7,Long-term,Cereals,Millets,178,14875,52847
23.72,84.78,Plateau,Laterite,Rainfed,Maize+Mustard,0.9,Short-term,Oilseeds,Sesame,95,11013,37115
23.04,84.22,Plain,Red Soil,Rainfed,Mango+Lentil,0.6,Mixed,Agroforestry,Banana+Pea,364,69018,265234
23.51,83.52,Plain,Red Soil,Irrigated,Jackfruit,1.3,Short-term,Oilseeds,Sesame,104,9540,27794
23.57,84.74,Hilly,Inceptisol,Irrigated,Tobacco,1.0,Short-term,Vegetables,Onion,108,18690,47661
23.6,84.21,Plateau,Laterite,Tube-well,Banana,3.8,Long-term,Oilseeds,Niger,127,18756,62586
23.87,85.34,Hilly,Laterite,Rainfed,Soybean,3.0,Long-term,Oilseeds,Sesame,126,25048,99875
23.8,83.56,Plain,Alfisol,Canal,Brinjal,2.9,Perennial,Fruits,Guava,341,25171,92546
23.91,84.96,Hilly,Laterite,Rainfed,Cauliflower,1.6,Mixed,Agroforestry,Mango+Lentil,186,27983,81681
24.15,85.85,Plateau,Laterite,Tube-well,Green Gram,1.2,Short-term,Vegetables,Onion,115,20310,68398
24.22,83.94,Plateau,Laterite,Tube-well,Potato,1.4,Mixed,Agroforestry,Banana+Pea,188,58004,221788
24.08,84.68,Plateau,Entisol,Rainfed,Black Gram,2.3,Long-term,Vegetables,Tomato,139,8047,18008
24.43,83.73,Plain,Red Soil,Canal,Green Gram,3.8,Short-term,Pulses,Black Gram,86,15082,45554
23.03,85.06,Plain,Red Soil,Canal,Rice+Lentil,1.6,Perennial,Cash Crops,Jute,338,48635,125203
23.29,84.88,Hilly,Inceptisol,Rainfed,Brinjal,3.6,Perennial,Cash Crops,Sugarcane,287,41187,105327
23.01,84.52,Plateau,Entisol,Irrigated,Banana+Pea,2.7,Short-term,Oilseeds,Groundnut,97,12708,34892
23.97,84.8,Plain,Red Soil,Rainfed,Banana,4.5,Mixed,Agroforestry,Timber+Paddy,309,70767,161513
24.35,85.74,Plain,Alfisol,Canal,Mustard,1.5,Mixed,Agroforestry,Maize+Mustard,362,78257,160967
23.37,83.99,Plateau,Entisol,Rainfed,Sunflower,2.5,Perennial,Fruits,Jackfruit,219,36326,113357
24.39,83.56,Plain,Alfisol,Rainfed,Cauliflower,0.9,Short-term,Pulses,Green Gram,97,8429,17042
23.09,85.65,Plain,Alfisol,Rainfed,Cotton,2.0,Perennial,Cash Crops,Jute,355,71084,272127
24.4,84.94,Hilly,Inceptisol,Irrigated,Cabbage,2.8,Mixed,Agroforestry,Banana+Pea,352,26877,107087
23.53,85.73,Hilly,Inceptisol,Canal,Pea,3.8,Short-term,Oilseeds,Sunflower,108,19706,68355
23.15,84.99,Plateau,Entisol,Tube-well,Gram,1.4,Perennial,Fruits,Guava,262,44497,164139
23.73,85.53,Plain,Red Soil,Rainfed,Potato,1.5,Mixed,Agroforestry,Mango+Lentil,263,42228,93338
23.39,84.57,Hilly,Inceptisol,Rainfed,Coffee,3.3,Short-term,Oilseeds,Sesame,105,19253,58910
23.43,85.37,Hilly,Inceptisol,Irrigated,Paddy,2.2,Long-term,Oilseeds,Sunflower,128,15240,60919
23.46,85.78,Hilly,Inceptisol,Irrigated,Ladyfinger,2.7,Perennial,Fruits,Banana,202,20541,46509
24.2,84.93,Hilly,Laterite,Rainfed,Green Gram,4.3,Short-term,Vegetables,Cauliflower,74,24578,58189
23.81,83.95,Plain,Alfisol,Rainfed,Groundnut,2.7,Mixed,Agroforestry,Mango+Lentil,347,27776,78279
23.47,84.17,Plain,Alfisol,Irrigated,Guava,3.4,Short-term,Vegetables,Brinjal,71,13699,52419
23.92,84.0,Plain,Red Soil,Rainfed,Litchi,3.5,Long-term,Cereals,Wheat,174,6860,19281
24.07,84.12,Plain,Alfisol,Irrigated,Barley,4.1,Short-term,Oilseeds,Niger,104,23237,83609
23.41,84.27,Hilly,Laterite,Irrigated,Jackfruit,3.4,Mixed,Agroforestry,Timber+Paddy,353,45398,161079
23.62,84.89,Plateau,Laterite,Canal,Groundnut,0.8,Short-term,Cereals,Paddy,108,17908,62046
23.18,84.97,Plateau,Entisol,Irrigated,Lentil,2.0,Long-term,Fruits,Mango,151,38179,98492
23.27,84.57,Plateau,Laterite,Rainfed,Cabbage,5.0,Mixed,Agroforestry,Rice+Lentil,200,19350,72755
24.02,85.04,Plain,Alfisol,Canal,Maize+Mustard,1.4,Mixed,Agroforestry,Banana+Pea,208,21610,85238
23.27,83.7,Hilly,Inceptisol,Irrigated,Coffee,3.1,Perennial,Fruits,Jackfruit,239,37850,115351
23.79,83.72,Plain,Red Soil,Rainfed,Mustard,4.3,Short-term,Oilseeds,Sunflower,92,16044,40390
24.06,83.93,Plain,Red Soil,Irrigated,Groundnut,3.1,Long-term,Vegetables,Ladyfinger,132,9066,23102
23.16,84.8,Plain,Alfisol,Rainfed,Banana+Pea,2.2,Perennial,Fruits,Guava,187,33350,70814
23.85,84.03,Hilly,Inceptisol,Canal,Tomato,0.9,Short-term,Oilseeds,Groundnut,116,29245,110901
23.38,84.21,Plateau,Laterite,Rainfed,Soybean,2.1,Mixed,Agroforestry,Mango+Lentil,342,51183,114961
24.44,84.5,Plain,Alfisol,Irrigated,Ladyfinger,1.3,Mixed,Agroforestry,Mango+Lentil,235,61178,194056
23.73,85.53,Plain,Alfisol,Rainfed,Lentil,4.8,Long-term,Cereals,Sorghum,142,17518,55485
24.21,83.53,Plateau,Entisol,Rainfed,Rice,3.7,Short-term,Pulses,Green Gram,104,5334,19418
23.83,85.12,Plain,Red Soil,Tube-well,Jute,3.9,Short-term,Pulses,Gram,97,19110,61672
23.07,85.17,Plateau,Entisol,Canal,Tomato,2.5,Mixed,Agroforestry,Maize+Mustard,202,72253,219716
23.95,85.5,Plateau,Entisol,Rainfed,Millets,1.0,Mixed,Agroforestry,Mango+Lentil,180,40559,161998
24.43,85.83,Plateau,Entisol,Rainfed,Timber+Paddy,1.7,Short-term,Oilseeds,Niger,100,13051,43228
23.9,83.55,Hilly,Laterite,Rainfed,Pea,1.7,Short-term,Cereals,Sorghum,93,8608,25501
24.23,83.88,Hilly,Laterite,Irrigated,Sugarcane,2.7,Perennial,Fruits,Guava,248,12516,47654
24.33,85.72,Hilly,Laterite,Irrigated,Groundnut,2.6,Short-term,Vegetables,Cabbage,113,9479,36296
23.34,84.65,Hilly,Inceptisol,Irrigated,Tea,2.5,Mixed,Agroforestry,Maize+Mustard,234,73784,215651
23.32,84.91,Hilly,Laterite,Irrigated,Millets,2.7,Long-term,Vegetables,Cabbage,130,24207,48873
23.92,85.16,Plain,Alfisol,Canal,Niger,4.9,Perennial,Fruits,Litchi,263,24439,53593
23.62,85.2,Hilly,Laterite,Rainfed,Litchi,1.8,Short-term,Vegetables,Tomato,90,18626,64819
24.26,85.83,Hilly,Inceptisol,Rainfed,Wheat,3.3,Short-term,Pulses,Gram,114,13664,44570
24.35,85.99,Plateau,Laterite,Irrigated,Sesame,1.6,Perennial,Cash Crops,Sugarcane,272,23669,61720
23.53,85.3,Plateau,Entisol,Tube-well,Timber+Paddy,2.6,Perennial,Fruits,Papaya,318,19251,47450
23.36,84.22,Hilly,Inceptisol,Irrigated,Banana,1.4,Mixed,Agroforestry,Timber+Paddy,194,58341,203180
24.17,85.7,Plain,Red Soil,Irrigated,Sorghum,3.0,Perennial,Cash Crops,Tobacco,304,27408,71495
23.41,83.62,Plateau,Entisol,Irrigated,Rice,1.7,Perennial,Cash Crops,Coffee,352,72203,199023
24.23,84.08,Hilly,Laterite,Tube-well,Timber+Paddy,0.7,Long-term,Cash Crops,Coffee,158,26005,57880
23.64,85.74,Plateau,Laterite,Rainfed,Groundnut,4.2,Long-term,Cereals,Sorghum,159,19208,40677
24.0,84.14,Plateau,Entisol,Rainfed,Wheat,1.1,Short-term,Oilseeds,Niger,102,22508,69696
23.14,84.05,Plain,Alfisol,Tube-well,Tea,2.2,Mixed,Agroforestry,Maize+Mustard,309,23884,50806
23.94,83.85,Plateau,Laterite,Canal,Rice,2.6,Short-term,Pulses,Lentil,90,14681,45804
23.68,85.65,Plain,Red Soil,Rainfed,Rice+Lentil,2.4,Mixed,Agroforestry,Maize+Mustard,282,17580,61704
23.88,84.75,Plain,Red Soil,Rainfed,Brinjal,3.8,Mixed,Agroforestry,Maize+Mustard,216,26277,92945
23.25,85.19,Hilly,Inceptisol,Rainfed,Ladyfinger,3.2,Perennial,Fruits,Guava,284,11196,41485
24.11,84.1,Plain,Red Soil,Rainfed,Pigeon Pea,1.8,Long-term,Vegetables,Tomato,149,16416,56230
24.29,85.4,Plateau,Entisol,Tube-well,Timber+Paddy,0.7,Long-term,Oilseeds,Niger,121,28341,102700
23.33,85.4,Plain,Alfisol,Rainfed,Rice,4.0,Perennial,Cash Crops,Sugarcane,218,42043,137220
23.14,84.28,Plain,Red Soil,Canal,Pigeon Pea,2.1,Long-term,Cereals,Maize,120,10351,38083
23.04,84.53,Hilly,Laterite,Rainfed,Cauliflower,4.5,Long-term,Cereals,Millets,157,15196,31590
23.96,84.02,Plateau,Entisol,Irrigated,Pea,2.3,Short-term,Pulses,Black Gram,101,5576,14312
23.91,85.94,Plateau,Entisol,Rainfed,Mustard,3.7,Perennial,Cash Crops,Tobacco,254,68603,268271
23.82,85.11,Plateau,Entisol,Irrigated,Mustard,4.7,Perennial,Fruits,Papaya,212,40229,158016
23.35,85.84,Hilly,Inceptisol,Irrigated,Paddy,3.4,Long-term,Cereals,Barley,174,7467,24975
23.59,84.26,Plain,Red Soil,Irrigated,Brinjal,2.4,Long-term,Vegetables,Brinjal,125,16028,49001
23.89,85.45,Plain,Alfisol,Rainfed,Banana+Pea,3.1,Short-term,Pulses,Lentil,89,6292,16694
23.75,85.41,Plain,Red Soil,Rainfed,Cabbage,2.9,Short-term,Cereals,Maize,97,8781,19953
24.48,85.23,Hilly,Laterite,Rainfed,Tea,3.1,Long-term,Oilseeds,Soybean,125,21204,44660
23.2,85.91,Hilly,Laterite,Rainfed,Mango,1.2,Short-term,Vegetables,Cabbage,77,13229,51258
24.04,84.48,Hilly,Inceptisol,Irrigated,Wheat,3.6,Short-term,Pulses,Pigeon Pea,80,17042,45810
23.61,83.83,Plateau,Entisol,Irrigated,Rice+Lentil,1.2,Long-term,Vegetables,Cauliflower,124,9677,23218
23.64,85.18,Hilly,Laterite,Irrigated,Niger,0.6,Short-term,Pulses,Green Gram,88,6401,14408
24.08,85.32,Plain,Red Soil,Irrigated,Paddy,3.3,Perennial,Fruits,Banana,279,47355,147575
24.04,84.94,Plain,Red Soil,Rainfed,Black Gram,1.0,Short-term,Vegetables,Cauliflower,77,18169,70904
24.49,84.02,Plateau,Laterite,Rainfed,Maize,4.0,Long-term,Oilseeds,Sesame,122,18030,46812
23.19,84.76,Plateau,Entisol,Rainfed,Barley,4.4,Short-term,Vegetables,Cabbage,117,17855,46299
23.16,84.28,Plateau,Laterite,Canal,Gram,4.8,Short-term,Vegetables,Potato,101,26428,69498
24.09,84.57,Plain,Alfisol,Irrigated,Mustard,3.5,Long-term,Vegetables,Brinjal,126,18097,49401
23.87,85.11,Plateau,Entisol,Rainfed,Tea,2.7,Short-term,Cereals,Maize,93,17061,34919
23.41,85.36,Plain,Alfisol,Rainfed,Paddy,2.1,Short-term,Pulses,Black Gram,85,10911,25776
23.12,84.08,Plain,Alfisol,Canal,Paddy,2.7,Short-term,Vegetables,Tomato,97,16980,52400
23.13,84.51,Plateau,Laterite,Irrigated,Jackfruit,1.4,Perennial,Fruits,Papaya,278,49870,145168
24.34,84.17,Plain,Alfisol,Irrigated,Gram,2.1,Short-term,Vegetables,Potato,95,9447,35792
23.29,84.0,Hilly,Laterite,Rainfed,Black Gram,3.7,Short-term,Vegetables,Potato,78,9951,33729
23.49,85.46,Plain,Alfisol,Rainfed,Pea,1.5,Long-term,Cash Crops,Sugarcane,175,52641,128179
23.34,85.77,Hilly,Laterite,Tube-well,Mustard,1.7,Perennial,Fruits,Jackfruit,280,17714,36565
23.53,84.43,Plateau,Laterite,Irrigated,Lentil,3.9,Long-term,Oilseeds,Niger,122,12472,48894
23.1,85.38,Plain,Red Soil,Rainfed,Tobacco,1.3,Long-term,Oilseeds,Soybean,125,27853,87899
23.78,85.74,Hilly,Laterite,Canal,Guava,1.6,Perennial,Fruits,Guava,267,32948,104026
23.1,85.62,Plain,Red Soil,Irrigated,Barley,0.6,Perennial,Fruits,Papaya,233,41649,120534
24.2,83.96,Hilly,Inceptisol,Rainfed,Rice,3.7,Short-term,Oilseeds,Mustard,108,21063,62616
23.35,85.89,Plain,Red Soil,Rainfed,Rice,3.3,Short-term,Cereals,Rice,109,14765,36832
23.81,84.44,Plain,Alfisol,Rainfed,Tomato,3.6,Perennial,Fruits,Litchi,316,12302,43621
24.32,84.35,Plain,Red Soil,Rainfed,Pigeon Pea,1.5,Short-term,Pulses,Green Gram,99,5208,18874
23.98,83.66,Plain,Alfisol,Irrigated,Ladyfinger,3.6,Perennial,Fruits,Banana,239,23817,57413
23.8,84.72,Plateau,Entisol,Rainfed,Maize,3.2,Perennial,Fruits,Guava,286,40114,94758
23.49,83.77,Plain,Alfisol,Canal,Millets,2.1,Mixed,Agroforestry,Maize+Mustard,314,38809,123722
23.5,84.12,Plain,Red Soil,Tube-well,Banana+Pea,2.5,Short-term,Vegetables,Onion,110,26355,89916
24.0,84.29,Hilly,Inceptisol,Rainfed,Pigeon Pea,3.1,Long-term,Cereals,Barley,154,14083,44525
24.49,85.52,Plain,Red Soil,Rainfed,Gram,2.7,Perennial,Fruits,Jackfruit,344,38102,107513
23.99,85.69,Plateau,Laterite,Canal,Papaya,3.4,Short-term,Vegetables,Ladyfinger,82,11098,25582
23.84,84.26,Plateau,Entisol,Irrigated,Pea,1.3,Long-term,Cereals,Rice,126,6777,20957
24.1,85.65,Hilly,Inceptisol,Irrigated,Cotton,2.9,Short-term,Oilseeds,Mustard,96,29143,112298
23.7,85.64,Plateau,Laterite,Rainfed,Cauliflower,2.5,Long-term,Oilseeds,Niger,128,11162,25076
23.09,85.41,Hilly,Laterite,Rainfed,Sunflower,2.6,Perennial,Cash Crops,Cotton,219,97579,252155
23.84,83.87,Plain,Red Soil,Irrigated,Jackfruit,2.6,Long-term,Cash Crops,Jute,159,88189,298285
24.44,85.23,Hilly,Laterite,Tube-well,Pigeon Pea,4.5,Short-term,Oilseeds,Niger,98,26770,91499
23.26,85.86,Hilly,Laterite,Rainfed,Cotton,4.2,Long-term,Cash Crops,Tea,154,54029,181227
24.04,85.21,Hilly,Laterite,Tube-well,Cauliflower,3.3,Long-term,Cereals,Barley,172,8845,20574
23.3,84.33,Plateau,Entisol,Rainfed,Barley,3.7,Short-term,Pulses,Pea,84,15234,48971
23.8,84.75,Hilly,Laterite,Tube-well,Papaya,0.7,Long-term,Oilseeds,Sesame,127,8382,22349
23.15,85.11,Plateau,Laterite,Irrigated,Cotton,3.8,Short-term,Pulses,Lentil,95,14109,51879
23.68,84.78,Plateau,Entisol,Rainfed,Groundnut,2.7,Mixed,Agroforestry,Mango+Lentil,310,62883,181084
24.13,83.8,Hilly,Inceptisol,Irrigated,Onion,1.9,Mixed,Agroforestry,Mango+Lentil,231,41862,100036
23.52,84.28,Hilly,Inceptisol,Rainfed,Coffee,1.1,Mixed,Agroforestry,Banana+Pea,300,78685,210249
24.0,85.51,Plain,Red Soil,Rainfed,Gram,0.8,Short-term,Pulses,Pea,116,19858,56750
24.19,85.65,Plateau,Entisol,Rainfed,Papaya,0.7,Mixed,Agroforestry,Banana+Pea,268,23505,67508
24.39,83.84,Hilly,Inceptisol,Rainfed,Onion,1.2,Short-term,Pulses,Lentil,87,18366,43335
23.35,85.88,Plain,Red Soil,Rainfed,Timber+Paddy,0.6,Long-term,Cereals,Maize,159,18460,50479
23.6,84.32,Plain,Red Soil,Irrigated,Brinjal,3.8,Short-term,Cereals,Rice,116,17209,36147
23.23,85.16,Hilly,Laterite,Irrigated,Cotton,1.6,Short-term,Vegetables,Tomato,79,25502,85940
24.49,85.38,Plain,Red Soil,Rainfed,Maize,2.2,Perennial,Cash Crops,Coffee,218,83784,246364
24.39,85.53,Plain,Alfisol,Canal,Guava,4.2,Perennial,Fruits,Papaya,275,18896,57075
23.81,85.86,Hilly,Laterite,Irrigated,Cotton,1.0,Long-term,Oilseeds,Mustard,121,15674,62047
24.26,84.28,Plain,Alfisol,Tube-well,Jackfruit,4.3,Long-term,Cereals,Rice,178,9721,20508
23.78,85.65,Hilly,Laterite,Irrigated,Papaya,3.4,Short-term,Oilseeds,Groundnut,93,9918,29293
23.94,83.83,Plain,Alfisol,Rainfed,Lentil,2.0,Mixed,Agroforestry,Mango+Lentil,227,37594,148172
23.13,85.26,Plain,Red Soil,Rainfed,Wheat,1.0,Mixed,Agroforestry,Rice+Lentil,315,21374,69722
24.13,85.35,Hilly,Laterite,Irrigated,Rice+Lentil,0.9,Short-term,Cereals,Maize,106,5862,21071
23.19,85.19,Hilly,Laterite,Rainfed,Paddy,2.0,Perennial,Fruits,Banana,198,28760,77145
24.24,84.13,Plain,Alfisol,Rainfed,Barley,1.1,Mixed,Agroforestry,Maize+Mustard,248,32265,73260
24.17,85.68,Plain,Alfisol,Rainfed,Gram,1.7,Long-term,Cereals,Wheat,148,18211,55002
24.06,83.92,Hilly,Inceptisol,Rainfed,Jackfruit,0.7,Mixed,Agroforestry,Mango+Lentil,229,50931,171405
23.05,83.63,Plain,Red Soil,Rainfed,Sesame,3.2,Short-term,Vegetables,Cabbage,85,14219,43883
23.45,85.29,Plain,Alfisol,Rainfed,Tobacco,1.2,Short-term,Oilseeds,Groundnut,105,26459,67374
23.39,84.69,Plain,Red Soil,Rainfed,Sesame,3.9,Short-term,Pulses,Black Gram,100,15863,46951
23.54,85.62,Plateau,Laterite,Irrigated,Mango+Lentil,1.5,Long-term,Cereals,Paddy,120,18966,50005
23.13,84.46,Plateau,Laterite,Irrigated,Groundnut,4.1,Short-term,Oilseeds,Niger,111,14011,46842
24.41,83.92,Plateau,Entisol,Rainfed,Potato,1.4,Perennial,Fruits,Papaya,228,31494,69606
23.83,85.59,Plateau,Laterite,Rainfed,Pea,3.7,Short-term,Vegetables,Cabbage,99,9029,33186
23.46,84.87,Hilly,Inceptisol,Rainfed,Timber+Paddy,2.0,Short-term,Vegetables,Onion,91,17539,69151
23.6,83.97,Hilly,Laterite,Rainfed,Sorghum,3.1,Mixed,Agroforestry,Maize+Mustard,252,61014,213993
23.67,85.3,Hilly,Laterite,Rainfed,Gram,0.7,Short-term,Vegetables,Brinjal,117,19697,54816
23.9,84.78,Plain,Red Soil,Rainfed,Niger,2.7,Perennial,Fruits,Litchi,283,12037,33596
23.77,85.01,Hilly,Inceptisol,Irrigated,Maize+Mustard,1.2,Short-term,Vegetables,Ladyfinger,116,9149,34688
24.38,84.65,Plateau,Entisol,Irrigated,Maize+Mustard,2.7,Perennial,Fruits,Jackfruit,328,38115,97701
23.75,85.57,Hilly,Laterite,Rainfed,Lentil,1.1,Long-term,Oilseeds,Niger,125,12843,38119
24.49,85.57,Plain,Alfisol,Rainfed,Guava,2.5,Short-term,Pulses,Gram,104,17574,67941
24.28,85.27,Plain,Alfisol,Irrigated,Sunflower,1.0,Short-term,Vegetables,Potato,103,16523,64677
23.31,83.76,Hilly,Laterite,Canal,Maize+Mustard,1.5,Short-term,Oilseeds,Soybean,94,9852,27427
24.4,85.6,Hilly,Laterite,Irrigated,Soybean,3.2,Short-term,Oilseeds,Sunflower,116,18623,57214
23.17,85.18,Plateau,Entisol,Irrigated,Sorghum,4.9,Short-term,Pulses,Pea,111,15987,50252
24.23,85.24,Plain,Red Soil,Rainfed,Millets,2.5,Mixed,Agroforestry,Rice+Lentil,274,46739,146930
23.57,84.41,Plateau,Laterite,Rainfed,Groundnut,3.6,Long-term,Fruits,Banana,179,49177,133192
24.32,85.7,Hilly,Inceptisol,Canal,Ladyfinger,2.9,Long-term,Cereals,Paddy,134,18047,39578
24.3,85.31,Plateau,Entisol,Rainfed,Coffee,2.7,Perennial,Cash Crops,Cotton,329,67312,245237
24.21,83.78,Hilly,Laterite,Tube-well,Brinjal,0.8,Perennial,Fruits,Papaya,363,48559,179957
24.19,84.52,Hilly,Inceptisol,Irrigated,Green Gram,1.1,Short-term,Oilseeds,Groundnut,106,27103,66064
23.46,85.72,Hilly,Inceptisol,Irrigated,Sunflower,4.5,Short-term,Oilseeds,Sesame,114,17919,57765
23.12,83.62,Plateau,Laterite,Rainfed,Mango,2.3,Short-term,Vegetables,Cabbage,83,29545,103416
23.6,85.9,Plateau,Laterite,Irrigated,Cabbage,3.3,Short-term,Pulses,Gram,80,11252,33671
23.26,85.2,Plain,Red Soil,Rainfed,Coffee,2.9,Short-term,Oilseeds,Sesame,103,19678,54541
24.04,85.08,Plain,Red Soil,Rainfed,Niger,2.2,Short-term,Vegetables,Onion,83,19479,49850
23.52,84.18,Plateau,Entisol,Rainfed,Rice+Lentil,2.2,Short-term,Vegetables,Ladyfinger,100,29118,113177
24.46,84.12,Hilly,Inceptisol,Canal,Jute,3.0,Mixed,Agroforestry,Banana+Pea,256,50103,197597
23.96,85.86,Hilly,Laterite,Irrigated,Green Gram,1.1,Perennial,Cash Crops,Cotton,240,85324,276168
24.23,84.25,Hilly,Laterite,Rainfed,Mustard,2.2,Short-term,Cereals,Sorghum,107,6733,26073
23.2,85.44,Plain,Red Soil,Rainfed,Litchi,2.5,Long-term,Vegetables,Brinjal,127,26906,83249
24.29,84.48,Plateau,Laterite,Irrigated,Wheat,4.9,Short-term,Pulses,Pigeon Pea,92,18531,71350
24.38,83.85,Plateau,Entisol,Irrigated,Rice+Lentil,2.1,Mixed,Agroforestry,Maize+Mustard,294,16117,39534
23.73,83.53,Plain,Alfisol,Irrigated,Coffee,3.4,Perennial,Fruits,Guava,263,48909,182818
23.91,84.86,Plain,Red Soil,Irrigated,Mustard,1.1,Short-term,Oilseeds,Sunflower,90,19432,53135
24.15,85.94,Plateau,Laterite,Rainfed,Lentil,0.8,Mixed,Agroforestry,Maize+Mustard,325,41511,156068
23.26,84.42,Plain,Alfisol,Irrigated,Pea,4.4,Perennial,Cash Crops,Tea,239,75233,170477
23.75,84.39,Plateau,Entisol,Rainfed,Paddy,3.8,Short-term,Vegetables,Cauliflower,98,29763,111220
23.6,84.36,Plain,Alfisol,Tube-well,Banana,1.9,Short-term,Oilseeds,Niger,97,14996,48559
23.22,84.8,Hilly,Inceptisol,Irrigated,Onion,2.8,Short-term,Pulses,Pigeon Pea,84,10012,27858
23.55,84.6,Plateau,Laterite,Rainfed,Banana,1.1,Perennial,Cash Crops,Coffee,234,69031,150691
23.1,85.7,Hilly,Inceptisol,Rainfed,Wheat,3.7,Short-term,Pulses,Pigeon Pea,83,17964,37590
23.04,84.76,Hilly,Inceptisol,Canal,Sunflower,0.8,Mixed,Agroforestry,Mango+Lentil,227,23749,58295
23.2,84.77,Hilly,Inceptisol,Rainfed,Sorghum,3.9,Short-term,Oilseeds,Niger,93,9994,34854
24.44,83.85,Plain,Red Soil,Rainfed,Green Gram,3.0,Long-term,Cereals,Maize,131,15843,58357
23.82,85.96,Plain,Red Soil,Irrigated,Sesame,1.8,Short-term,Cereals,Maize,115,16849,35966
24.45,84.12,Plateau,Entisol,Rainfed,Maize,4.4,Perennial,Fruits,Guava,236,49066,183037
23.65,83.68,Plateau,Entisol,Irrigated,Coffee,4.9,Long-term,Cereals,Sorghum,145,19722,77201
23.47,85.16,Hilly,Laterite,Rainfed,Sugarcane,1.6,Perennial,Fruits,Jackfruit,208,35940,80302
23.76,84.99,Plain,Red Soil,Irrigated,Mango+Lentil,4.1,Long-term,Vegetables,Onion,138,18673,58034
23.66,84.54,Plain,Alfisol,Rainfed,Cauliflower,3.9,Long-term,Cereals,Rice,142,7903,27463
23.16,84.56,Plain,Red Soil,Rainfed,Gram,3.9,Long-term,Vegetables,Tomato,146,18275,38624
23.96,85.46,Hilly,Inceptisol,Canal,Jute,4.8,Short-term,Pulses,Lentil,88,9674,28442
23.32,83.99,Plateau,Laterite,Irrigated,Wheat,2.7,Short-term,Pulses,Green Gram,88,5122,11200
23.93,85.55,Hilly,Inceptisol,Rainfed,Sugarcane,3.5,Long-term,Cereals,Maize,171,5990,22492
23.98,85.12,Plateau,Entisol,Rainfed,Black Gram,4.2,Perennial,Cash Crops,Coffee,283,81336,191769
23.23,84.55,Plain,Red Soil,Irrigated,Cabbage,2.7,Long-term,Oilseeds,Niger,127,11580,42346
23.09,84.65,Plain,Alfisol,Irrigated,Green Gram,2.7,Long-term,Fruits,Mango,150,32479,128291
24.17,84.14,Plain,Red Soil,Tube-well,Pea,1.9,Mixed,Agroforestry,Mango+Lentil,226,34787,92111
23.69,85.38,Hilly,Laterite,Tube-well,Sunflower,4.0,Mixed,Agroforestry,Mango+Lentil,331,60542,124291
23.09,84.78,Plain,Red Soil,Irrigated,Banana+Pea,3.6,Short-term,Oilseeds,Mustard,115,27462,73946
24.49,84.3,Plateau,Entisol,Rainfed,Barley,2.5,Mixed,Agroforestry,Mango+Lentil,323,68454,236836
23.09,84.99,Plain,Alfisol,Rainfed,Lentil,2.4,Long-term,Cereals,Millets,177,14717,47300
24.04,85.99,Plateau,Entisol,Irrigated,Green Gram,0.8,Short-term,Oilseeds,Mustard,95,16990,38150
24.48,84.59,Hilly,Laterite,Rainfed,Brinjal,0.5,Short-term,Pulses,Gram,82,17410,69590
23.36,85.8,Plateau,Entisol,Rainfed,Guava,2.9,Mixed,Agroforestry,Maize+Mustard,279,34495,90615
23.21,84.36,Hilly,Inceptisol,Rainfed,Banana+Pea,2.4,Short-term,Pulses,Green Gram,104,5091,13614
23.18,83.64,Plateau,Entisol,Rainfed,Sorghum,4.1,Short-term,Pulses,Pea,96,8679,34344
23.45,84.01,Plain,Alfisol,Rainfed,Potato,2.9,Short-term,Vegetables,Brinjal,118,16198,38659
23.15,84.55,Plateau,Laterite,Rainfed,Banana+Pea,4.7,Short-term,Oilseeds,Niger,90,19954,69701
24.04,84.05,Plateau,Entisol,Irrigated,Lentil,1.4,Perennial,Cash Crops,Jute,332,23811,77990
23.09,83.5,Plain,Red Soil,Rainfed,Paddy,5.0,Long-term,Oilseeds,Niger,127,22218,73307
23.76,85.79,Plain,Red Soil,Rainfed,Groundnut,1.8,Short-term,Vegetables,Tomato,83,9401,28806
24.5,85.61,Hilly,Laterite,Rainfed,Brinjal,3.4,Short-term,Pulses,Green Gram,105,16624,39149
24.22,85.36,Plateau,Laterite,Irrigated,Brinjal,2.8,Perennial,Cash Crops,Cotton,312,68809,264163
23.92,83.92,Hilly,Inceptisol,Rainfed,Litchi,2.1,Short-term,Vegetables,Brinjal,78,18354,70751
23.46,83.8,Hilly,Inceptisol,Irrigated,Barley,1.1,Perennial,Fruits,Mango,198,13523,35753
23.94,83.67,Plain,Alfisol,Tube-well,Millets,1.1,Short-term,Oilseeds,Sunflower,105,9049,31479
23.79,85.31,Plain,Red Soil,Rainfed,Rice,3.7,Long-term,Fruits,Jackfruit,156,45753,103567
23.64,85.82,Plateau,Entisol,Rainfed,Banana,2.2,Short-term,Pulses,Gram,94,17805,69083
23.2,84.58,Plain,Red Soil,Rainfed,Sesame,4.8,Short-term,Cereals,Sorghum,104,7484,21964
24.33,83.8,Hilly,Inceptisol,Tube-well,Cauliflower,2.0,Short-term,Pulses,Black Gram,104,14161,47252
23.67,84.78,Plateau,Entisol,Irrigated,Green Gram,4.9,Long-term,Cash Crops,Coffee,159,29525,102127
23.29,84.37,Plain,Alfisol,Canal,Sugarcane,1.4,Perennial,Fruits,Litchi,181,13114,38633
23.55,84.44,Hilly,Laterite,Rainfed,Pea,1.0,Long-term,Cereals,Paddy,155,7041,27280
23.62,85.05,Plain,Alfisol,Tube-well,Paddy,1.9,Short-term,Oilseeds,Mustard,109,25073,80432
24.24,85.3,Hilly,Laterite,Rainfed,Coffee,4.5,Perennial,Fruits,Mango,269,48937,162919
24.1,83.78,Plain,Red Soil,Rainfed,Jackfruit,2.8,Long-term,Cereals,Sorghum,175,19649,51544
24.15,83.59,Plateau,Laterite,Canal,Cabbage,1.1,Perennial,Fruits,Jackfruit,349,45801,151729
23.02,85.99,Plain,Alfisol,Tube-well,Groundnut,1.4,Long-term,Cereals,Sorghum,175,17080,46136
23.62,84.08,Hilly,Inceptisol,Rainfed,Cauliflower,1.9,Long-term,Oilseeds,Mustard,128,17341,50978
23.72,83.63,Hilly,Laterite,Rainfed,Mustard,3.2,Perennial,Cash Crops,Cotton,288,20455,48553
23.03,83.97,Plain,Red Soil,Rainfed,Pigeon Pea,2.0,Short-term,Pulses,Black Gram,115,14193,44512
23.39,83.6,Plateau,Laterite,Rainfed,Niger,3.9,Long-term,Vegetables,Cabbage,145,8059,28791
24.14,84.48,Plain,Red Soil,Rainfed,Brinjal,3.3,Short-term,Vegetables,Cauliflower,72,18721,43128
23.21,85.51,Hilly,Laterite,Tube-well,Cotton,4.4,Short-term,Vegetables,Brinjal,77,27805,68498
23.8,84.35,Plain,Alfisol,Irrigated,Maize+Mustard,2.8,Perennial,Fruits,Jackfruit,306,13553,47162
23.32,84.61,Hilly,Inceptisol,Irrigated,Green Gram,2.0,Short-term,Cereals,Maize,113,14125,55413
23.02,85.19,Plain,Alfisol,Irrigated,Rice+Lentil,5.0,Long-term,Cereals,Millets,140,12446,37169
23.36,84.77,Hilly,Laterite,Irrigated,Banana,2.1,Perennial,Cash Crops,Cotton,227,25915,80525
24.46,85.65,Plain,Red Soil,Irrigated,Maize+Mustard,2.4,Mixed,Agroforestry,Timber+Paddy,258,45128,143506
24.2,85.67,Plateau,Entisol,Irrigated,Groundnut,4.1,Short-term,Pulses,Gram,95,17308,67523
24.44,83.52,Plain,Alfisol,Rainfed,Banana,0.9,Perennial,Fruits,Mango,355,25185,90423
23.73,85.45,Plateau,Laterite,Irrigated,Sorghum,2.2,Perennial,Fruits,Papaya,220,39837,115677
23.16,84.65,Plateau,Laterite,Irrigated,Banana,0.9,Short-term,Oilseeds,Sunflower,113,22346,76843
23.82,85.97,Plain,Red Soil,Canal,Black Gram,1.1,Short-term,Oilseeds,Sunflower,106,15548,37949
23.68,84.71,Hilly,Inceptisol,Tube-well,Groundnut,0.5,Perennial,Fruits,Jackfruit,271,34137,89805
24.27,85.97,Plain,Red Soil,Rainfed,Tea,0.5,Mixed,Agroforestry,Timber+Paddy,350,17001,48758
23.15,85.39,Plain,Red Soil,Irrigated,Tomato,2.2,Long-term,Vegetables,Ladyfinger,132,12188,38262
23.73,84.12,Plateau,Laterite,Rainfed,Ladyfinger,4.1,Short-term,Pulses,Green Gram,95,11180,35682
23.23,84.85,Hilly,Inceptisol,Irrigated,Ladyfinger,3.1,Long-term,Oilseeds,Soybean,129,14162,44247
23.49,85.98,Hilly,Laterite,Rainfed,Cabbage,3.4,Perennial,Cash Crops,Cotton,243,77483,193423
24.11,85.64,Plain,Alfisol,Rainfed,Lentil,2.8,Perennial,Fruits,Litchi,298,29676,82612
23.71,83.74,Plain,Red Soil,Rainfed,Barley,4.2,Short-term,Pulses,Pea,108,18870,51959
23.56,85.27,Plain,Red Soil,Irrigated,Sunflower,4.5,Short-term,Pulses,Gram,98,15379,52284
23.59,84.36,Plateau,Entisol,Rainfed,Cotton,4.3,Perennial,Fruits,Banana,303,45902,175311
23.69,83.52,Hilly,Laterite,Tube-well,Wheat,4.2,Short-term,Pulses,Green Gram,118,16414,36506
24.18,84.51,Plateau,Entisol,Rainfed,Paddy,1.3,Long-term,Fruits,Guava,165,14014,33135
24.34,84.09,Plain,Red Soil,Tube-well,Tea,3.2,Mixed,Agroforestry,Rice+Lentil,227,69479,261266
24.43,85.55,Plain,Alfisol,Irrigated,Green Gram,3.1,Short-term,Oilseeds,Sesame,114,15004,31250
24.18,84.34,Plain,Red Soil,Rainfed,Tomato,2.9,Long-term,Cereals,Barley,152,5540,17025
23.47,85.57,Plain,Alfisol,Rainfed,Guava,2.7,Perennial,Fruits,Papaya,243,13157,31031
24.03,83.5,Plain,Alfisol,Irrigated,Guava,0.9,Long-term,Cereals,Millets,157,16234,41980
23.66,84.27,Plateau,Laterite,Irrigated,Pigeon Pea,1.0,Short-term,Pulses,Pigeon Pea,88,18754,42717
23.38,84.1,Plateau,Entisol,Irrigated,Litchi,4.6,Short-term,Oilseeds,Groundnut,107,15645,37030
24.26,84.08,Hilly,Laterite,Rainfed,Maize,3.3,Long-term,Oilseeds,Niger,120,10665,27348
23.06,83.67,Hilly,Inceptisol,Rainfed,Wheat,1.7,Long-term,Fruits,Banana,165,40072,81170
24.35,83.97,Plain,Red Soil,Tube-well,Maize,1.8,Short-term,Pulses,Pigeon Pea,114,16505,59150
23.69,84.89,Plateau,Laterite,Rainfed,Soybean,3.2,Short-term,Oilseeds,Niger,108,8684,20636
23.96,84.23,Plain,Red Soil,Rainfed,Sunflower,2.3,Short-term,Pulses,Pea,98,6296,14117
23.99,84.54,Plateau,Laterite,Rainfed,Paddy,2.5,Short-term,Oilseeds,Mustard,102,23053,84663
24.34,84.44,Hilly,Inceptisol,Irrigated,Barley,0.8,Perennial,Fruits,Banana,197,33018,129112
23.96,85.69,Plain,Red Soil,Irrigated,Cotton,1.1,Perennial,Fruits,Banana,261,19997,45255
23.92,85.76,Plateau,Laterite,Rainfed,Sugarcane,2.3,Perennial,Fruits,Mango,315,30926,93714
23.1,84.73,Plain,Red Soil,Rainfed,Groundnut,3.6,Short-term,Oilseeds,Groundnut,115,17168,36725
23.78,84.33,Hilly,Laterite,Rainfed,Coffee,0.7,Perennial,Fruits,Jackfruit,303,21865,62666
23.23,83.77,Hilly,Laterite,Rainfed,Maize,2.0,Long-term,Cereals,Barley,164,7310,18361
24.11,85.88,Plain,Alfisol,Rainfed,Banana+Pea,3.6,Perennial,Cash Crops,Cotton,307,39139,125183
23.77,83.65,Hilly,Laterite,Tube-well,Potato,4.1,Mixed,Agroforestry,Banana+Pea,297,60272,122284
24.02,84.24,Hilly,Inceptisol,Rainfed,Mango+Lentil,1.4,Perennial,Fruits,Litchi,273,15291,50063
23.06,84.25,Plateau,Entisol,Rainfed,Gram,3.8,Perennial,Cash Crops,Tobacco,285,84535,194389
23.13,84.3,Plain,Red Soil,Canal,Cabbage,4.8,Mixed,Agroforestry,Rice+Lentil,264,45442,177730
24.07,83.91,Plateau,Laterite,Rainfed,Barley,4.6,Short-term,Pulses,Lentil,92,17137,49179
23.11,85.46,Plain,Alfisol,Irrigated,Sunflower,4.1,Perennial,Cash Crops,Sugarcane,348,37702,91909
23.11,83.81,Plain,Alfisol,Rainfed,Coffee,3.7,Mixed,Agroforestry,Maize+Mustard,323,79839,299248
23.02,85.09,Plain,Alfisol,Rainfed,Mustard,1.6,Mixed,Agroforestry,Rice+Lentil,217,16896,37703
24.43,83.81,Plain,Red Soil,Tube-well,Rice+Lentil,3.4,Short-term,Pulses,Black Gram,95,14582,33068
24.11,83.68,Plain,Alfisol,Irrigated,Mango+Lentil,3.4,Perennial,Fruits,Jackfruit,341,48238,102916
23.53,85.77,Plateau,Entisol,Rainfed,Banana,2.3,Short-term,Pulses,Gram,87,17730,56840
23.44,83.98,Plain,Red Soil,Irrigated,Litchi,2.7,Perennial,Fruits,Banana,319,47113,104375
23.52,85.55,Plain,Alfisol,Tube-well,Sunflower,3.6,Mixed,Agroforestry,Mango+Lentil,353,75143,233203
24.16,84.86,Plain,Red Soil,Rainfed,Jute,4.8,Perennial,Cash Crops,Sugarcane,181,22414,48684
23.99,83.69,Plateau,Entisol,Irrigated,Maize+Mustard,1.8,Short-term,Pulses,Pea,85,13624,39718
23.28,85.89,Plateau,Laterite,Tube-well,Cabbage,1.6,Perennial,Fruits,Jackfruit,180,29408,117332
23.26,84.12,Plain,Alfisol,Rainfed,Papaya,3.2,Long-term,Cereals,Rice,161,10824,33745
23.15,85.65,Plain,Red Soil,Irrigated,Pea,1.1,Mixed,Agroforestry,Banana+Pea,331,71666,181025
23.99,83.92,Plain,Red Soil,Irrigated,Sesame,3.1,Perennial,Fruits,Banana,186,12469,37406
24.15,85.63,Plain,Alfisol,Irrigated,Jute,0.9,Mixed,Agroforestry,Maize+Mustard,349,18165,47700
23.4,83.53,Plain,Red Soil,Rainfed,Groundnut,2.7,Long-term,Vegetables,Ladyfinger,148,17238,63418
23.03,84.78,Hilly,Inceptisol,Rainfed,Paddy,3.3,Short-term,Pulses,Pigeon Pea,97,11597,24601
23.12,85.42,Plain,Red Soil,Irrigated,Guava,0.8,Short-term,Pulses,Gram,103,12589,40693
24.45,85.84,Hilly,Laterite,Rainfed,Niger,1.4,Mixed,Agroforestry,Mango+Lentil,248,23127,73645
23.44,85.77,Plain,Red Soil,Rainfed,Brinjal,2.0,Short-term,Cereals,Barley,99,12307,49130
24.15,85.55,Plateau,Laterite,Rainfed,Gram,2.2,Mixed,Agroforestry,Timber+Paddy,330,28057,62117
23.94,85.72,Plateau,Laterite,Rainfed,Sunflower,3.5,Long-term,Cereals,Barley,126,17612,62787
23.57,84.0,Hilly,Laterite,Tube-well,Potato,2.9,Long-term,Vegetables,Ladyfinger,139,27164,76010
23.31,84.21,Plain,Red Soil,Rainfed,Ladyfinger,2.2,Short-term,Pulses,Pigeon Pea,84,8232,24058
23.18,84.22,Plain,Alfisol,Tube-well,Banana,2.5,Short-term,Oilseeds,Mustard,112,23874,52228
23.92,84.44,Hilly,Inceptisol,Rainfed,Rice+Lentil,0.6,Short-term,Vegetables,Tomato,117,17382,43344
24.16,84.48,Plateau,Laterite,Irrigated,Sugarcane,4.0,Long-term,Fruits,Papaya,171,33280,100822
23.97,84.86,Hilly,Laterite,Rainfed,Maize+Mustard,0.7,Long-term,Vegetables,Cauliflower,124,8820,29868
23.8,83.9,Plateau,Laterite,Irrigated,Niger,4.2,Perennial,Cash Crops,Cotton,208,40449,111364
23.06,85.23,Plateau,Entisol,Irrigated,Papaya,2.9,Long-term,Vegetables,Potato,131,20220,44405
24.45,83.92,Plain,Red Soil,Rainfed,Tomato,2.9,Mixed,Agroforestry,Banana+Pea,361,53768,134766
24.2,84.28,Hilly,Inceptisol,Tube-well,Tomato,3.7,Perennial,Cash Crops,Sugarcane,291,81544,291348
23.44,84.76,Plain,Red Soil,Rainfed,Pea,4.4,Mixed,Agroforestry,Timber+Paddy,308,62422,223854
24.47,85.49,Plain,Red Soil,Irrigated,Black Gram,4.7,Perennial,Fruits,Guava,192,14847,50408
23.9,85.35,Hilly,Laterite,Tube-well,Sugarcane,2.9,Perennial,Fruits,Jackfruit,191,40571,92755
23.87,85.11,Plain,Red Soil,Canal,Onion,1.2,Perennial,Fruits,Banana,258,32533,118771
24.12,83.89,Plateau,Laterite,Tube-well,Onion,4.5,Short-term,Oilseeds,Soybean,99,23448,60029
24.22,84.87,Plain,Alfisol,Rainfed,Sorghum,0.7,Mixed,Agroforestry,Banana+Pea,346,41634,164196
23.98,83.72,Hilly,Laterite,Rainfed,Sorghum,4.1,Long-term,Cereals,Rice,149,11879,38551
23.19,84.44,Hilly,Inceptisol,Rainfed,Lentil,3.6,Short-term,Oilseeds,Groundnut,116,24951,66406
23.51,84.53,Hilly,Inceptisol,Irrigated,Soybean,4.6,Long-term,Cereals,Sorghum,159,7734,26331
24.39,83.6,Plain,Red Soil,Irrigated,Ladyfinger,4.5,Short-term,Vegetables,Ladyfinger,76,8762,32593
23.34,84.18,Plateau,Laterite,Rainfed,Soybean,0.7,Short-term,Pulses,Gram,83,11989,32366
23.56,85.89,Hilly,Laterite,Irrigated,Ladyfinger,3.2,Perennial,Fruits,Litchi,240,38484,115626
23.65,85.88,Hilly,Inceptisol,Rainfed,Banana,1.1,Long-term,Cash Crops,Tobacco,150,75251,284119
23.66,84.38,Plain,Alfisol,Rainfed,Paddy,0.9,Short-term,Pulses,Green Gram,119,8662,33061
23.92,83.61,Hilly,Inceptisol,Irrigated,Jackfruit,2.5,Short-term,Pulses,Gram,88,13048,39203
24.41,83.95,Plateau,Laterite,Rainfed,Black Gram,0.9,Long-term,Cereals,Rice,162,12117,45217
23.36,84.48,Hilly,Inceptisol,Canal,Jute,3.8,Perennial,Fruits,Jackfruit,218,14483,52321
23.18,85.87,Plateau,Entisol,Rainfed,Jackfruit,4.9,Short-term,Pulses,Green Gram,92,10435,33225
23.3,83.85,Hilly,Inceptisol,Irrigated,Lentil,3.1,Perennial,Cash Crops,Cotton,301,91304,338546
24.33,85.41,Plain,Red Soil,Rainfed,Mustard,1.6,Short-term,Pulses,Pea,81,16969,41141
23.97,83.77,Plain,Alfisol,Rainfed,Green Gram,4.3,Perennial,Fruits,Banana,270,24374,63294
23.43,85.95,Plain,Alfisol,Irrigated,Sugarcane,4.3,Perennial,Cash Crops,Tobacco,321,29029,105603
24.22,84.45,Hilly,Laterite,Canal,Jackfruit,3.8,Short-term,Oilseeds,Soybean,111,28844,70342
24.29,85.44,Plateau,Laterite,Rainfed,Niger,3.3,Perennial,Cash Crops,Coffee,243,67859,157850
24.27,84.36,Plain,Red Soil,Rainfed,Guava,4.4,Short-term,Cereals,Sorghum,115,18349,48186
24.38,85.07,Hilly,Inceptisol,Irrigated,Groundnut,1.2,Mixed,Agroforestry,Banana+Pea,233,17071,59112
23.38,83.98,Hilly,Inceptisol,Rainfed,Black Gram,4.7,Long-term,Cereals,Paddy,122,18270,48389
24.13,83.87,Hilly,Inceptisol,Canal,Pea,4.8,Long-term,Cereals,Sorghum,153,11058,28746
23.69,85.85,Plain,Red Soil,Irrigated,Wheat,4.4,Long-term,Cereals,Rice,133,7393,27546
24.26,85.79,Plain,Alfisol,Rainfed,Sesame,1.6,Long-term,Vegetables,Brinjal,125,10050,23221
24.09,85.72,Plain,Red Soil,Rainfed,Green Gram,4.4,Perennial,Fruits,Guava,360,39644,115410
24.16,85.06,Plain,Red Soil,Irrigated,Papaya,2.7,Short-term,Oilseeds,Niger,99,20412,46345
23.98,85.52,Plain,Alfisol,Rainfed,Cauliflower,3.2,Long-term,Cereals,Wheat,155,8499,25621
23.27,83.67,Plain,Alfisol,Irrigated,Tobacco,4.3,Mixed,Agroforestry,Rice+Lentil,268,36080,118071
23.82,84.34,Hilly,Inceptisol,Rainfed,Black Gram,0.6,Perennial,Cash Crops,Tobacco,272,42857,114608
24.48,84.28,Plain,Red Soil,Irrigated,Papaya,2.1,Short-term,Pulses,Pea,112,11652,39356
24.41,85.09,Plateau,Laterite,Rainfed,Cabbage,4.2,Short-term,Oilseeds,Sesame,115,9436,29879
23.06,84.39,Plain,Alfisol,Canal,Tea,4.2,Perennial,Cash Crops,Tea,277,98649,376801
23.25,83.87,Plain,Red Soil,Rainfed,Rice,4.3,Short-term,Vegetables,Potato,95,25102,88168
23.2,84.99,Plain,Alfisol,Rainfed,Banana+Pea,1.3,Perennial,Cash Crops,Jute,354,72006,268594
24.09,85.54,Plain,Alfisol,Canal,Maize+Mustard,3.7,Short-term,Cereals,Wheat,110,19680,53461
24.23,84.46,Plateau,Entisol,Rainfed,Cotton,1.2,Mixed,Agroforestry,Rice+Lentil,333,43647,95515
23.32,83.83,Plain,Red Soil,Rainfed,Cotton,4.0,Short-term,Pulses,Green Gram,101,5230,17986
23.76,83.99,Plateau,Laterite,Rainfed,Sugarcane,1.6,Short-term,Pulses,Gram,115,10340,27569
24.26,84.09,Plateau,Entisol,Rainfed,Sorghum,3.8,Long-term,Cereals,Paddy,133,17762,70070
24.1,84.25,Hilly,Inceptisol,Tube-well,Tobacco,2.5,Long-term,Fruits,Litchi,156,11147,25141
23.81,85.11,Hilly,Laterite,Irrigated,Guava,4.9,Short-term,Vegetables,Cabbage,117,27454,88296
23.89,85.0,Hilly,Inceptisol,Rainfed,Tomato,3.1,Short-term,Vegetables,Brinjal,117,19052,64180
23.76,85.24,Plain,Red Soil,Irrigated,Ladyfinger,3.3,Short-term,Cereals,Millets,93,12418,42546
23.45,84.41,Hilly,Inceptisol,Irrigated,Soybean,2.2,Short-term,Pulses,Lentil,110,18982,71526
23.85,85.56,Plain,Red Soil,Tube-well,Paddy,3.8,Long-term,Cereals,Sorghum,138,12326,33334
24.03,84.01,Plain,Alfisol,Rainfed,Paddy,2.7,Long-term,Cereals,Barley,133,7172,25922
24.31,84.67,Hilly,Laterite,Irrigated,Papaya,0.6,Mixed,Agroforestry,Mango+Lentil,247,36083,126542
23.95,85.5,Hilly,Inceptisol,Irrigated,Brinjal,3.2,Short-term,Pulses,Black Gram,80,18771,38032
24.14,83.95,Plateau,Laterite,Rainfed,Cotton,4.2,Perennial,Fruits,Banana,323,42749,97133
23.24,83.77,Plain,Red Soil,Rainfed,Tomato,1.6,Mixed,Agroforestry,Rice+Lentil,329,45968,93586
23.69,85.71,Plateau,Laterite,Rainfed,Soybean,1.5,Long-term,Vegetables,Brinjal,122,10750,24379
23.01,84.36,Plain,Red Soil,Irrigated,Sugarcane,3.2,Perennial,Cash Crops,Tobacco,263,88368,278149
23.37,85.21,Plain,Alfisol,Rainfed,Sunflower,4.2,Perennial,Fruits,Litchi,261,41403,154100
24.09,83.56,Plain,Red Soil,Tube-well,Tomato,1.6,Short-term,Pulses,Lentil,92,12698,33507
24.49,85.23,Hilly,Laterite,Rainfed,Green Gram,4.7,Long-term,Cereals,Millets,121,8405,32545
23.15,84.29,Plain,Alfisol,Irrigated,Cauliflower,4.7,Mixed,Agroforestry,Timber+Paddy,280,68066,211643
23.6,83.64,Hilly,Laterite,Tube-well,Coffee,1.4,Short-term,Oilseeds,Soybean,108,15577,45003
24.2,85.02,Plateau,Entisol,Irrigated,Paddy,1.7,Long-term,Cereals,Paddy,172,14771,47545
23.31,84.1,Hilly,Laterite,Canal,Gram,3.7,Short-term,Oilseeds,Mustard,117,26724,62867
23.83,84.47,Hilly,Laterite,Canal,Brinjal,4.8,Long-term,Cereals,Wheat,163,10985,25130
24.1,83.7,Plateau,Laterite,Rainfed,Mustard,3.7,Short-term,Pulses,Lentil,80,12839,41330
23.92,83.87,Plateau,Laterite,Irrigated,Sorghum,2.5,Short-term,Vegetables,Tomato,82,14325,47852
23.28,84.24,Hilly,Laterite,Rainfed,Potato,1.3,Perennial,Fruits,Banana,355,20057,71917
23.53,83.72,Plain,Red Soil,Irrigated,Pea,2.6,Long-term,Fruits,Litchi,160,30087,61582
24.18,85.78,Plateau,Entisol,Rainfed,Cabbage,3.2,Short-term,Pulses,Lentil,92,13795,43433
23.83,83.52,Hilly,Inceptisol,Irrigated,Guava,2.0,Perennial,Fruits,Jackfruit,351,37330,112229
23.01,84.71,Plain,Red Soil,Irrigated,Guava,2.8,Short-term,Vegetables,Cabbage,90,19260,70870
24.14,83.81,Plain,Red Soil,Rainfed,Groundnut,1.1,Perennial,Cash Crops,Tobacco,275,20840,59405
23.05,84.27,Plateau,Entisol,Rainfed,Pigeon Pea,2.5,Short-term,Vegetables,Cauliflower,107,13559,33044
24.12,85.82,Plain,Alfisol,Tube-well,Cabbage,0.9,Perennial,Cash Crops,Tea,197,83803,277181
23.3,83.9,Plateau,Laterite,Rainfed,Papaya,0.7,Long-term,Vegetables,Brinjal,127,27640,90642
24.44,85.91,Plain,Red Soil,Rainfed,Onion,4.4,Short-term,Cereals,Maize,102,7086,17327
23.55,84.01,Plateau,Laterite,Rainfed,Mustard,1.4,Perennial,Fruits,Litchi,196,10978,32453
23.49,85.35,Plain,Red Soil,Tube-well,Mustard,3.1,Long-term,Vegetables,Onion,124,26983,89242
23.22,84.87,Hilly,Laterite,Tube-well,Wheat,1.2,Short-term,Cereals,Sorghum,113,6193,18301
23.46,85.71,Plateau,Laterite,Irrigated,Green Gram,1.7,Perennial,Cash Crops,Tobacco,266,62344,134252
24.31,84.88,Hilly,Inceptisol,Canal,Maize,2.1,Short-term,Pulses,Pea,101,8672,32137
24.49,84.84,Hilly,Laterite,Rainfed,Guava,1.1,Short-term,Pulses,Green Gram,117,9511,34443
23.55,83.99,Plain,Red Soil,Tube-well,Sesame,0.7,Perennial,Fruits,Papaya,361,23372,87460
23.67,83.92,Plain,Alfisol,Rainfed,Tea,4.4,Mixed,Agroforestry,Mango+Lentil,259,68475,258264
24.08,85.79,Plain,Alfisol,Rainfed,Potato,0.6,Mixed,Agroforestry,Maize+Mustard,233,45278,146799
24.33,84.32,Hilly,Inceptisol,Rainfed,Niger,0.8,Long-term,Fruits,Mango,172,43993,122002
23.89,84.43,Plain,Alfisol,Irrigated,Groundnut,4.1,Long-term,Oilseeds,Niger,124,27226,92918
23.59,85.4,Plain,Red Soil,Irrigated,Banana,1.8,Mixed,Agroforestry,Rice+Lentil,357,26783,99722
23.62,84.35,Hilly,Inceptisol,Rainfed,Sorghum,3.8,Short-term,Pulses,Pea,99,6517,23958
24.04,85.88,Hilly,Inceptisol,Tube-well,Soybean,1.2,Short-term,Oilseeds,Sesame,109,20055,60262
23.0,85.34,Plateau,Laterite,Rainfed,Rice,1.6,Mixed,Agroforestry,Rice+Lentil,273,57456,159599
23.93,84.99,Plain,Alfisol,Rainfed,Groundnut,3.1,Mixed,Agroforestry,Timber+Paddy,237,65495,223369
23.53,85.7,Plain,Alfisol,Rainfed,Tomato,4.9,Short-term,Vegetables,Cabbage,118,13916,46726
24.19,83.62,Plateau,Laterite,Irrigated,Sugarcane,0.8,Long-term,Cash Crops,Cotton,156,72812,205785
23.14,84.14,Plain,Red Soil,Canal,Sunflower,2.3,Long-term,Cereals,Barley,178,13830,35812
23.88,84.66,Plateau,Laterite,Rainfed,Barley,0.7,Mixed,Agroforestry,Rice+Lentil,183,37354,83374
23.72,84.07,Plateau,Laterite,Irrigated,Barley,1.4,Short-term,Vegetables,Ladyfinger,108,14679,45279
23.96,85.36,Plateau,Laterite,Rainfed,Rice+Lentil,4.6,Long-term,Fruits,Litchi,174,29998,63816
23.1,85.8,Plain,Red Soil,Irrigated,Green Gram,0.9,Long-term,Oilseeds,Sunflower,127,13502,49767
23.87,84.56,Plateau,Laterite,Tube-well,Tea,4.4,Perennial,Fruits,Banana,199,34923,103596
23.84,84.36,Plateau,Entisol,Rainfed,Guava,1.3,Perennial,Cash Crops,Tea,291,41983,89871
23.84,85.9,Hilly,Inceptisol,Canal,Sorghum,4.4,Long-term,Vegetables,Cauliflower,148,10234,35741
23.91,84.61,Plain,Red Soil,Irrigated,Brinjal,2.9,Short-term,Vegetables,Brinjal,109,20061,63940
24.01,84.72,Plain,Alfisol,Rainfed,Potato,4.5,Short-term,Vegetables,Tomato,114,21738,54326
24.21,84.38,Plain,Red Soil,Tube-well,Potato,1.2,Mixed,Agroforestry,Banana+Pea,344,54807,205451
23.4,85.77,Hilly,Inceptisol,Rainfed,Millets,3.9,Short-term,Oilseeds,Sunflower,117,14492,33328
24.24,84.92,Hilly,Laterite,Rainfed,Cauliflower,3.6,Short-term,Vegetables,Ladyfinger,114,25096,86615
23.75,85.41,Plain,Alfisol,Rainfed,Litchi,2.9,Mixed,Agroforestry,Rice+Lentil,277,54240,137140
23.12,85.53,Hilly,Laterite,Rainfed,Niger,4.1,Long-term,Cereals,Rice,154,10124,28898
23.09,84.35,Plain,Alfisol,Canal,Tobacco,3.4,Short-term,Vegetables,Onion,87,13412,50656
23.5,84.58,Hilly,Laterite,Irrigated,Black Gram,4.4,Perennial,Fruits,Guava,232,10026,32160
24.18,85.62,Plateau,Entisol,Tube-well,Mustard,2.2,Perennial,Cash Crops,Cotton,355,84538,189102
24.06,84.41,Plain,Alfisol,Rainfed,Black Gram,3.2,Mixed,Agroforestry,Mango+Lentil,270,61147,167711
24.18,85.48,Plain,Red Soil,Rainfed,Soybean,4.4,Long-term,Vegetables,Potato,132,10015,29937
23.78,85.85,Plain,Alfisol,Rainfed,Niger,1.5,Long-term,Vegetables,Ladyfinger,132,15084,55651
23.66,85.06,Hilly,Inceptisol,Irrigated,Banana,2.7,Perennial,Cash Crops,Tobacco,240,34248,93880
23.22,85.35,Plateau,Entisol,Tube-well,Maize+Mustard,4.8,Long-term,Cereals,Maize,146,9255,27852
23.49,85.51,Plateau,Entisol,Irrigated,Mango+Lentil,2.6,Long-term,Cereals,Paddy,144,13709,50880
23.65,85.61,Plain,Alfisol,Rainfed,Barley,1.6,Long-term,Cereals,Wheat,121,17707,63957
23.13,84.49,Plateau,Laterite,Canal,Barley,2.1,Long-term,Vegetables,Tomato,136,25081,61388
23.33,83.63,Plain,Red Soil,Irrigated,Millets,4.5,Short-term,Oilseeds,Mustard,106,22189,83678
23.9,84.5,Hilly,Inceptisol,Rainfed,Brinjal,4.8,Mixed,Agroforestry,Maize+Mustard,308,37016,144952
24.1,85.18,Plain,Red Soil,Canal,Maize,4.8,Mixed,Agroforestry,Rice+Lentil,183,31691,92456
24.5,84.63,Plateau,Entisol,Rainfed,Coffee,3.6,Perennial,Fruits,Litchi,255,41990,149819
24.4,85.37,Hilly,Laterite,Rainfed,Sugarcane,2.8,Mixed,Agroforestry,Timber+Paddy,266,44741,148571
23.96,84.39,Hilly,Inceptisol,Rainfed,Banana+Pea,1.3,Perennial,Fruits,Guava,286,15350,39709
23.63,85.09,Plateau,Entisol,Rainfed,Potato,1.1,Short-term,Pulses,Lentil,92,9133,27636
23.95,83.97,Plain,Alfisol,Rainfed,Tomato,0.8,Mixed,Agroforestry,Rice+Lentil,327,74879,196795
24.18,85.37,Plain,Alfisol,Rainfed,Rice,0.6,Short-term,Pulses,Black Gram,117,7963,24781
23.18,84.86,Plateau,Laterite,Rainfed,Rice+Lentil,4.5,Short-term,Cereals,Wheat,96,15838,38419
23.61,84.01,Plain,Red Soil,Irrigated,Sunflower,4.1,Perennial,Fruits,Litchi,256,44796,119194
24.26,84.23,Plain,Red Soil,Tube-well,Papaya,3.1,Long-term,Cereals,Sorghum,171,11085,28656
23.58,85.37,Hilly,Inceptisol,Irrigated,Gram,5.0,Short-term,Pulses,Pigeon Pea,87,19173,60820
23.86,84.71,Hilly,Laterite,Rainfed,Ladyfinger,4.8,Short-term,Vegetables,Potato,107,25164,54733
23.88,84.04,Plain,Red Soil,Rainfed,Banana,3.4,Short-term,Pulses,Pigeon Pea,112,8313,22922
23.28,85.92,Plain,Alfisol,Rainfed,Cotton,2.6,Long-term,Vegetables,Cauliflower,139,20036,59718
23.54,85.29,Plain,Alfisol,Rainfed,Ladyfinger,1.2,Perennial,Fruits,Litchi,220,46790,134740
23.5,85.89,Hilly,Inceptisol,Irrigated,Green Gram,2.8,Long-term,Oilseeds,Sunflower,129,20262,53731
23.04,84.57,Plateau,Laterite,Irrigated,Coffee,1.2,Short-term,Cereals,Sorghum,98,9966,20297
23.04,84.69,Plateau,Laterite,Irrigated,Green Gram,2.3,Short-term,Vegetables,Onion,86,16352,47800
24.25,85.74,Hilly,Inceptisol,Irrigated,Tobacco,4.7,Mixed,Agroforestry,Banana+Pea,212,46196,169974
23.41,84.81,Plain,Red Soil,Rainfed,Onion,2.0,Short-term,Oilseeds,Soybean,93,16273,50166
23.78,85.27,Plateau,Entisol,Rainfed,Brinjal,1.2,Perennial,Cash Crops,Tobacco,233,98572,304813
23.45,84.13,Hilly,Laterite,Irrigated,Cabbage,3.1,Perennial,Cash Crops,Coffee,283,53146,146169
24.41,84.62,Plain,Alfisol,Rainfed,Potato,3.2,Perennial,Fruits,Mango,299,27524,75167
23.39,83.81,Plateau,Laterite,Rainfed,Guava,1.4,Short-term,Cereals,Millets,111,10436,34035
23.64,84.01,Plateau,Laterite,Rainfed,Pigeon Pea,1.4,Short-term,Vegetables,Potato,73,27407,83223
24.31,83.5,Plateau,Laterite,Rainfed,Sorghum,5.0,Short-term,Vegetables,Tomato,90,29119,82913
24.26,83.6,Plateau,Entisol,Rainfed,Sugarcane,1.6,Long-term,Cereals,Paddy,161,7771,19711
23.28,85.94,Plain,Alfisol,Canal,Black Gram,4.3,Long-term,Vegetables,Potato,141,12019,44692
24.2,84.11,Plain,Alfisol,Canal,Lentil,2.6,Long-term,Cereals,Maize,136,17784,51986
23.69,85.16,Hilly,Laterite,Rainfed,Jackfruit,2.5,Mixed,Agroforestry,Mango+Lentil,336,59599,196898
23.72,85.6,Plain,Alfisol,Rainfed,Pigeon Pea,1.8,Long-term,Oilseeds,Sesame,126,23163,65886
23.2,84.88,Hilly,Laterite,Irrigated,Coffee,4.0,Perennial,Cash Crops,Cotton,229,65969,199060
23.12,83.88,Plateau,Entisol,Rainfed,Cauliflower,4.5,Long-term,Cereals,Paddy,136,8658,18268
24.09,85.32,Plateau,Entisol,Rainfed,Paddy,1.7,Perennial,Fruits,Jackfruit,205,22521,55948
23.74,85.0,Hilly,Laterite,Rainfed,Gram,0.9,Long-term,Cereals,Maize,144,19472,70219
23.66,85.33,Plateau,Laterite,Rainfed,Sugarcane,1.1,Mixed,Agroforestry,Banana+Pea,235,26951,68593
24.09,85.42,Plateau,Entisol,Irrigated,Onion,4.1,Long-term,Cereals,Maize,134,16326,63173
24.15,85.94,Hilly,Inceptisol,Canal,Rice,2.5,Mixed,Agroforestry,Banana+Pea,219,26922,62635
23.24,84.93,Plain,Red Soil,Rainfed,Maize,1.1,Short-term,Vegetables,Tomato,82,13626,52388
23.92,84.35,Plain,Red Soil,Rainfed,Maize+Mustard,2.0,Long-term,Oilseeds,Groundnut,126,27195,105152
23.2,85.12,Plain,Alfisol,Rainfed,Banana,2.8,Mixed,Agroforestry,Mango+Lentil,318,64200,244474
24.13,83.67,Plain,Red Soil,Rainfed,Banana+Pea,4.3,Mixed,Agroforestry,Mango+Lentil,347,75911,244028
23.99,85.74,Plain,Alfisol,Tube-well,Sugarcane,3.4,Short-term,Oilseeds,Niger,113,15997,43678
24.43,83.8,Plain,Alfisol,Irrigated,Rice,1.3,Long-term,Cereals,Millets,120,17333,65174
23.1,84.32,Hilly,Inceptisol,Irrigated,Tobacco,1.2,Perennial,Cash Crops,Sugarcane,289,71574,205574
23.09,85.54,Plateau,Laterite,Irrigated,Mango,2.4,Perennial,Fruits,Jackfruit,266,19781,74321
23.42,84.99,Plain,Alfisol,Canal,Tobacco,0.8,Long-term,Fruits,Mango,165,12263,29780
23.39,84.48,Plateau,Entisol,Canal,Jute,3.9,Short-term,Oilseeds,Sunflower,117,25217,98659
23.37,84.68,Hilly,Laterite,Rainfed,Pea,2.3,Short-term,Vegetables,Onion,72,20672,76630
24.36,85.64,Plain,Red Soil,Rainfed,Black Gram,2.0,Short-term,Vegetables,Onion,101,17296,52017
23.37,84.35,Plateau,Laterite,Irrigated,Pea,2.8,Long-term,Cereals,Sorghum,124,6383,22849
23.41,85.67,Hilly,Inceptisol,Rainfed,Cotton,3.7,Mixed,Agroforestry,Banana+Pea,321,23868,77069
24.14,83.72,Plain,Red Soil,Tube-well,Cauliflower,3.1,Short-term,Vegetables,Cauliflower,73,18545,37447
23.67,85.44,Plateau,Laterite,Irrigated,Banana,4.1,Perennial,Fruits,Litchi,312,26802,73943
24.17,85.62,Plain,Alfisol,Tube-well,Cabbage,3.3,Short-term,Pulses,Pea,97,18789,47155
23.1,83.95,Hilly,Inceptisol,Rainfed,Groundnut,4.0,Short-term,Pulses,Black Gram,108,5614,11477
23.73,84.58,Plain,Alfisol,Canal,Green Gram,3.6,Perennial,Cash Crops,Coffee,209,91405,254317
23.05,83.91,Plateau,Entisol,Rainfed,Tea,1.4,Mixed,Agroforestry,Rice+Lentil,185,40941,138539
23.09,85.27,Hilly,Laterite,Tube-well,Tea,0.7,Long-term,Vegetables,Potato,143,17000,52588
24.36,84.84,Hilly,Inceptisol,Rainfed,Banana+Pea,4.6,Mixed,Agroforestry,Maize+Mustard,213,35063,81976
23.21,85.09,Plain,Red Soil,Irrigated,Brinjal,4.8,Short-term,Cereals,Maize,109,16936,61728
23.8,83.99,Hilly,Inceptisol,Irrigated,Mustard,3.8,Short-term,Vegetables,Onion,73,23519,90944
23.62,84.03,Plateau,Entisol,Rainfed,Jackfruit,3.8,Perennial,Cash Crops,Tea,210,87621,206079
23.52,83.6,Hilly,Laterite,Rainfed,Maize,1.7,Perennial,Cash Crops,Sugarcane,230,42084,121626
24.35,84.31,Hilly,Laterite,Tube-well,Mango,2.9,Long-term,Oilseeds,Soybean,124,22793,78074
23.03,84.9,Hilly,Laterite,Rainfed,Niger,5.0,Perennial,Fruits,Litchi,294,28757,104102
24.0,85.64,Plateau,Entisol,Irrigated,Cabbage,4.4,Short-term,Oilseeds,Groundnut,94,22118,80978
24.45,85.17,Hilly,Inceptisol,Rainfed,Rice,1.9,Short-term,Vegetables,Cauliflower,101,22583,65471
23.84,84.59,Plateau,Laterite,Canal,Barley,1.9,Long-term,Cereals,Millets,159,19538,42845
24.41,85.88,Plateau,Laterite,Irrigated,Sugarcane,2.7,Long-term,Oilseeds,Groundnut,125,8683,18420
23.08,85.3,Hilly,Inceptisol,Rainfed,Niger,2.3,Short-term,Pulses,Pigeon Pea,85,5348,11718
23.63,85.83,Plain,Red Soil,Rainfed,Tea,2.2,Short-term,Pulses,Green Gram,88,5522,13552
23.39,84.82,Hilly,Laterite,Irrigated,Millets,3.3,Long-term,Cash Crops,Tobacco,167,21268,43712
24.1,84.15,Plateau,Entisol,Rainfed,Soybean,0.6,Long-term,Cereals,Sorghum,163,16961,40690
24.47,83.63,Plain,Red Soil,Rainfed,Tea,3.9,Mixed,Agroforestry,Banana+Pea,245,22626,73655
23.38,85.32,Hilly,Inceptisol,Irrigated,Sugarcane,3.8,Long-term,Cereals,Maize,155,17399,43201
23.98,83.8,Plateau,Entisol,Rainfed,Cauliflower,4.2,Long-term,Cereals,Sorghum,120,7619,29434
23.3,84.26,Plain,Alfisol,Rainfed,Mango,4.3,Short-term,Vegetables,Cauliflower,99,8910,24986
23.85,84.83,Hilly,Laterite,Irrigated,Pigeon Pea,3.0,Short-term,Vegetables,Potato,89,18033,63290
23.7,84.91,Plain,Red Soil,Rainfed,Brinjal,4.0,Short-term,Oilseeds,Niger,109,28672,70754
24.46,85.0,Plain,Red Soil,Rainfed,Sugarcane,2.7,Mixed,Agroforestry,Rice+Lentil,286,47279,122486
23.91,83.92,Plateau,Laterite,Rainfed,Mango+Lentil,4.8,Long-term,Fruits,Guava,160,30829,84501
23.52,84.45,Plain,Alfisol,Irrigated,Papaya,1.4,Long-term,Fruits,Mango,174,41632,120779
23.17,85.04,Plain,Alfisol,Irrigated,Litchi,4.6,Short-term,Oilseeds,Groundnut,100,22089,75341
23.23,85.92,Plateau,Laterite,Irrigated,Rice,1.7,Perennial,Cash Crops,Coffee,357,81246,245167
23.34,85.32,Plain,Red Soil,Rainfed,Cotton,1.0,Short-term,Vegetables,Tomato,74,23656,66117
23.38,85.81,Plateau,Laterite,Rainfed,Sesame,2.5,Mixed,Agroforestry,Mango+Lentil,247,71168,180655
24.28,85.41,Plateau,Laterite,Rainfed,Sesame,3.3,Mixed,Agroforestry,Maize+Mustard,345,76030,213486
23.84,84.98,Plain,Alfisol,Rainfed,Millets,1.5,Long-term,Cereals,Rice,179,16861,65035
23.79,83.98,Plain,Red Soil,Tube-well,Maize+Mustard,3.0,Perennial,Cash Crops,Tobacco,241,49908,167373
23.17,85.17,Plateau,Entisol,Rainfed,Rice,4.1,Long-term,Cereals,Millets,131,18558,45955
24.29,85.06,Hilly,Laterite,Rainfed,Timber+Paddy,1.7,Perennial,Cash Crops,Sugarcane,206,95450,331920
24.08,85.01,Plain,Red Soil,Rainfed,Guava,3.1,Mixed,Agroforestry,Mango+Lentil,254,38556,104203
23.1,84.72,Plateau,Laterite,Irrigated,Sorghum,2.0,Short-term,Vegetables,Potato,104,25036,95112
24.06,84.82,Plain,Alfisol,Irrigated,Jackfruit,2.9,Perennial,Fruits,Papaya,231,39152,133215
23.82,84.34,Plateau,Laterite,Irrigated,Pea,3.5,Short-term,Oilseeds,Soybean,113,17578,39344
23.12,84.8,Plain,Alfisol,Canal,Banana+Pea,2.1,Mixed,Agroforestry,Maize+Mustard,207,17696,55105
23.69,83.99,Plain,Alfisol,Rainfed,Barley,5.0,Perennial,Cash Crops,Coffee,303,24641,54841
23.73,85.51,Plain,Red Soil,Rainfed,Lentil,3.0,Perennial,Fruits,Banana,261,45816,93655
23.25,83.96,Plateau,Entisol,Rainfed,Barley,4.2,Long-term,Cereals,Paddy,175,7074,20185
24.42,83.71,Hilly,Inceptisol,Irrigated,Pigeon Pea,3.8,Mixed,Agroforestry,Mango+Lentil,279,50080,103634
24.27,84.59,Plateau,Entisol,Irrigated,Jute,4.3,Short-term,Pulses,Pigeon Pea,118,10618,34233
24.0,85.15,Plain,Red Soil,Irrigated,Mango,1.3,Mixed,Agroforestry,Rice+Lentil,204,78045,179797
23.69,84.59,Plain,Alfisol,Irrigated,Sorghum,1.5,Short-term,Pulses,Pea,81,12207,30900
23.62,84.19,Plain,Alfisol,Irrigated,Pea,2.7,Mixed,Agroforestry,Maize+Mustard,259,53915,117847
23.98,84.9,Hilly,Laterite,Canal,Rice+Lentil,4.3,Mixed,Agroforestry,Banana+Pea,329,29573,60829
23.82,84.37,Hilly,Laterite,Irrigated,Sugarcane,1.4,Mixed,Agroforestry,Maize+Mustard,213,57667,209981
23.09,85.83,Hilly,Inceptisol,Irrigated,Tobacco,4.9,Perennial,Fruits,Mango,202,33808,131086
23.77,85.81,Plain,Alfisol,Rainfed,Gram,1.1,Short-term,Oilseeds,Niger,96,25621,62409
24.21,84.76,Plateau,Entisol,Irrigated,Cauliflower,1.3,Perennial,Cash Crops,Coffee,334,55031,142208
23.69,84.32,Plain,Alfisol,Tube-well,Rice+Lentil,1.3,Short-term,Oilseeds,Sunflower,112,22228,69203
23.08,85.34,Plateau,Laterite,Rainfed,Sugarcane,3.1,Perennial,Fruits,Mango,244,11882,29951
24.18,83.59,Plain,Red Soil,Irrigated,Mango+Lentil,4.6,Long-term,Vegetables,Onion,130,16792,64927
23.3,84.69,Hilly,Inceptisol,Irrigated,Banana+Pea,1.6,Mixed,Agroforestry,Mango+Lentil,290,18889,68188
23.39,84.34,Plain,Red Soil,Rainfed,Niger,3.0,Long-term,Cereals,Rice,176,6547,20263
23.25,85.8,Hilly,Inceptisol,Irrigated,Wheat,1.3,Short-term,Oilseeds,Sesame,103,21089,46614
23.5,83.53,Hilly,Laterite,Rainfed,Pigeon Pea,3.3,Mixed,Agroforestry,Banana+Pea,229,43154,131055
24.14,84.88,Hilly,Laterite,Tube-well,Jute,1.1,Short-term,Pulses,Green Gram,84,19913,49623
23.78,85.35,Hilly,Inceptisol,Canal,Sunflower,2.7,Short-term,Vegetables,Potato,98,14911,35553
23.31,84.71,Plateau,Entisol,Rainfed,Timber+Paddy,3.4,Mixed,Agroforestry,Rice+Lentil,276,27045,105588
24.32,83.71,Hilly,Inceptisol,Rainfed,Maize,3.1,Long-term,Vegetables,Cabbage,139,12852,42118
24.32,85.93,Plateau,Entisol,Irrigated,Cabbage,1.1,Short-term,Vegetables,Potato,109,23770,94695
24.31,84.8,Plain,Red Soil,Rainfed,Jute,1.2,Long-term,Oilseeds,Niger,125,13511,32530
23.36,85.04,Hilly,Laterite,Rainfed,Potato,3.5,Perennial,Fruits,Guava,362,49430,130174
23.68,84.09,Hilly,Inceptisol,Irrigated,Onion,4.1,Mixed,Agroforestry,Timber+Paddy,206,41235,143042
24.48,84.71,Plain,Red Soil,Rainfed,Rice+Lentil,4.6,Mixed,Agroforestry,Timber+Paddy,249,23139,55863
24.16,84.57,Hilly,Laterite,Rainfed,Wheat,4.2,Short-term,Vegetables,Potato,72,26665,92920
23.04,83.69,Plain,Alfisol,Canal,Rice,4.9,Short-term,Oilseeds,Sunflower,108,12652,38485
23.1,83.77,Plain,Alfisol,Tube-well,Paddy,2.3,Short-term,Vegetables,Ladyfinger,107,29984,80455
23.7,85.59,Plain,Red Soil,Irrigated,Tomato,2.0,Short-term,Vegetables,Ladyfinger,77,17525,46959
24.36,84.1,Plain,Alfisol,Canal,Banana+Pea,0.6,Perennial,Fruits,Papaya,183,44822,169555
23.81,83.99,Hilly,Inceptisol,Rainfed,Millets,2.5,Short-term,Pulses,Black Gram,101,16988,35296
23.75,84.76,Hilly,Laterite,Rainfed,Tea,3.4,Short-term,Oilseeds,Soybean,91,11699,40514
23.16,85.42,Plateau,Laterite,Rainfed,Potato,4.2,Short-term,Oilseeds,Sesame,96,14562,49057
23.99,83.65,Plateau,Entisol,Irrigated,Jute,1.7,Mixed,Agroforestry,Timber+Paddy,335,29202,87624
24.23,84.94,Plain,Red Soil,Tube-well,Tea,2.8,Long-term,Oilseeds,Sesame,126,22536,56746
23.57,83.8,Plateau,Entisol,Irrigated,Gram,3.5,Perennial,Fruits,Jackfruit,263,12278,40010
24.16,83.59,Plateau,Entisol,Canal,Sorghum,3.0,Mixed,Agroforestry,Maize+Mustard,219,21530,59047
24.45,83.63,Hilly,Laterite,Irrigated,Banana+Pea,1.7,Perennial,Fruits,Papaya,207,47297,172400
23.31,85.59,Hilly,Laterite,Rainfed,Groundnut,4.1,Short-term,Pulses,Black Gram,114,9462,19812
23.78,83.79,Plateau,Entisol,Rainfed,Maize,1.3,Perennial,Fruits,Jackfruit,224,11723,41088
23.43,83.61,Hilly,Inceptisol,Rainfed,Paddy,4.6,Long-term,Oilseeds,Groundnut,120,19386,57216
24.19,84.59,Plateau,Entisol,Rainfed,Wheat,4.8,Long-term,Oilseeds,Niger,129,18004,59090
23.87,85.61,Plain,Red Soil,Irrigated,Rice,2.1,Short-term,Oilseeds,Sesame,92,8677,28456
23.95,84.16,Plain,Alfisol,Rainfed,Rice,2.2,Short-term,Pulses,Pea,91,8004,30645
24.2,84.55,Hilly,Laterite,Irrigated,Tobacco,3.8,Short-term,Oilseeds,Groundnut,110,8728,31629
23.59,83.6,Hilly,Inceptisol,Irrigated,Paddy,2.6,Short-term,Pulses,Lentil,82,15188,40675
24.37,84.62,Plateau,Laterite,Rainfed,Cauliflower,0.6,Short-term,Oilseeds,Soybean,113,14445,37719
23.8,84.94,Plateau,Entisol,Rainfed,Barley,4.6,Perennial,Cash Crops,Tea,212,63779,148053
23.24,84.93,Plain,Red Soil,Rainfed,Potato,2.4,Long-term,Oilseeds,Soybean,126,28442,60131
24.04,84.33,Plain,Alfisol,Rainfed,Banana,1.4,Long-term,Cereals,Barley,166,12980,51434
24.19,84.29,Plateau,Entisol,Canal,Sesame,3.0,Long-term,Cereals,Maize,126,12940,44486
23.48,83.77,Hilly,Inceptisol,Rainfed,Cauliflower,1.5,Short-term,Pulses,Pigeon Pea,103,6514,21636
24.29,84.42,Plain,Alfisol,Irrigated,Jackfruit,1.4,Mixed,Agroforestry,Banana+Pea,247,51594,199219
24.36,83.75,Hilly,Laterite,Canal,Sugarcane,3.0,Short-term,Vegetables,Cabbage,87,23426,63338
23.42,85.42,Plateau,Laterite,Canal,Pea,2.3,Perennial,Cash Crops,Cotton,337,23708,76204
24.48,85.92,Plateau,Laterite,Canal,Lentil,3.1,Long-term,Oilseeds,Mustard,123,28043,110118
23.21,85.93,Hilly,Laterite,Rainfed,Sugarcane,5.0,Perennial,Fruits,Litchi,344,25211,88081
23.3,85.66,Plain,Red Soil,Rainfed,Sugarcane,4.4,Long-term,Cereals,Sorghum,159,8517,21811
23.28,85.0,Plateau,Entisol,Rainfed,Paddy,0.5,Perennial,Cash Crops,Tobacco,187,51501,168260
24.34,85.25,Hilly,Laterite,Rainfed,Sorghum,0.7,Mixed,Agroforestry,Maize+Mustard,333,38719,144124
23.98,84.21,Hilly,Laterite,Tube-well,Banana,3.2,Perennial,Cash Crops,Jute,191,40520,137921
23.23,85.08,Plain,Red Soil,Irrigated,Brinjal,3.3,Mixed,Agroforestry,Mango+Lentil,338,18915,52564
23.66,84.64,Plateau,Laterite,Rainfed,Jackfruit,4.5,Perennial,Cash Crops,Coffee,322,78087,298203
23.92,84.71,Plain,Alfisol,Rainfed,Groundnut,3.3,Short-term,Oilseeds,Soybean,113,10192,28591
23.13,85.39,Plain,Alfisol,Rainfed,Pea,1.5,Perennial,Fruits,Banana,201,18298,43076
24.32,84.2,Hilly,Inceptisol,Irrigated,Mustard,2.6,Long-term,Cereals,Maize,131,9349,20126
24.21,84.3,Plain,Alfisol,Irrigated,Rice+Lentil,4.1,Long-term,Vegetables,Tomato,128,23718,62245
23.76,85.81,Hilly,Laterite,Canal,Tea,4.7,Short-term,Cereals,Barley,105,12856,36935
24.45,83.64,Plain,Red Soil,Tube-well,Cotton,1.6,Perennial,Fruits,Jackfruit,255,18166,48969
23.63,84.71,Hilly,Inceptisol,Rainfed,Cauliflower,2.9,Long-term,Vegetables,Ladyfinger,124,23266,80621
24.48,85.78,Plain,Alfisol,Rainfed,Sesame,1.2,Perennial,Fruits,Jackfruit,332,20806,82842
24.0,85.03,Plain,Red Soil,Rainfed,Groundnut,2.7,Perennial,Fruits,Litchi,281,45892,121296
23.95,84.87,Plain,Red Soil,Rainfed,Mango+Lentil,0.9,Perennial,Cash Crops,Jute,363,94088,279021
23.25,84.12,Plateau,Entisol,Tube-well,Coffee,4.7,Long-term,Vegetables,Brinjal,130,9350,30976
24.32,84.36,Plateau,Entisol,Irrigated,Mango+Lentil,3.4,Long-term,Vegetables,Brinjal,124,13730,39844
23.64,85.63,Plain,Alfisol,Irrigated,Onion,4.3,Mixed,Agroforestry,Rice+Lentil,349,77433,200254
23.24,84.9,Plateau,Entisol,Rainfed,Gram,5.0,Perennial,Fruits,Papaya,322,45549,130885
23.02,84.79,Hilly,Laterite,Rainfed,Cauliflower,1.3,Short-term,Pulses,Pea,107,5243,14523
23.84,83.75,Plateau,Laterite,Rainfed,Tomato,3.6,Short-term,Oilseeds,Sesame,91,13494,29697
23.79,83.54,Plain,Red Soil,Irrigated,Guava,4.5,Perennial,Cash Crops,Cotton,304,66537,163906
24.08,85.91,Hilly,Inceptisol,Irrigated,Tomato,3.1,Short-term,Cereals,Maize,113,9378,28263
24.34,84.44,Plain,Red Soil,Rainfed,Sesame,3.4,Short-term,Oilseeds,Mustard,99,23979,63007
23.12,85.01,Plain,Red Soil,Irrigated,Sorghum,2.3,Short-term,Pulses,Green Gram,96,13062,41957
24.1,83.7,Plateau,Entisol,Canal,Tea,3.5,Short-term,Pulses,Pea,113,14603,40647
23.28,85.21,Hilly,Inceptisol,Rainfed,Millets,2.3,Short-term,Oilseeds,Sesame,110,26467,65779
24.29,85.83,Plain,Alfisol,Irrigated,Maize,2.6,Mixed,Agroforestry,Timber+Paddy,243,19833,79235
24.23,84.94,Plain,Alfisol,Rainfed,Sesame,1.0,Long-term,Fruits,Litchi,174,46612,159399
23.81,83.82,Plateau,Entisol,Irrigated,Maize+Mustard,0.5,Mixed,Agroforestry,Banana+Pea,287,28496,85837
24.07,84.95,Hilly,Inceptisol,Irrigated,Sesame,0.7,Long-term,Cereals,Wheat,147,10400,36745
23.47,85.42,Plain,Red Soil,Tube-well,Brinjal,1.4,Mixed,Agroforestry,Timber+Paddy,335,34403,93956
23.71,84.52,Plateau,Laterite,Rainfed,Jute,2.6,Short-term,Oilseeds,Sesame,116,16729,57396
24.23,85.7,Plain,Red Soil,Rainfed,Millets,0.6,Short-term,Pulses,Gram,114,17340,59730
23.69,85.12,Plain,Red Soil,Rainfed,Ladyfinger,1.2,Perennial,Cash Crops,Tea,360,62773,236837
23.54,85.75,Plateau,Laterite,Rainfed,Potato,4.0,Perennial,Cash Crops,Tea,350,68853,255794
23.74,85.06,Plain,Red Soil,Irrigated,Cauliflower,3.9,Perennial,Fruits,Papaya,271,16741,35319
24.24,83.83,Plain,Alfisol,Tube-well,Soybean,4.1,Short-term,Vegetables,Potato,74,25042,67145
23.5,84.27,Hilly,Inceptisol,Rainfed,Mango,4.6,Short-term,Oilseeds,Niger,97,24659,56177
23.26,84.0,Plateau,Entisol,Rainfed,Jackfruit,1.0,Long-term,Vegetables,Cauliflower,124,8245,25570
24.07,85.77,Plain,Red Soil,Rainfed,Black Gram,1.2,Short-term,Vegetables,Potato,84,16192,59870
24.24,85.4,Plateau,Laterite,Rainfed,Barley,2.0,Long-term,Cereals,Paddy,141,10863,41161
23.15,85.19,Plateau,Entisol,Rainfed,Paddy,4.6,Mixed,Agroforestry,Timber+Paddy,197,28536,99160
23.36,84.25,Plain,Alfisol,Rainfed,Cabbage,4.0,Mixed,Agroforestry,Maize+Mustard,244,46052,160059
23.21,83.96,Plateau,Entisol,Irrigated,Mango,2.0,Mixed,Agroforestry,Banana+Pea,248,55077,122135
23.52,85.39,Plain,Alfisol,Rainfed,Soybean,0.9,Perennial,Cash Crops,Coffee,224,25023,76464
23.68,84.69,Hilly,Inceptisol,Irrigated,Rice+Lentil,3.3,Long-term,Fruits,Guava,164,28356,73806
24.12,84.06,Plateau,Laterite,Irrigated,Jute,1.7,Long-term,Fruits,Jackfruit,164,21991,62960
23.98,85.04,Plateau,Laterite,Rainfed,Ladyfinger,2.9,Perennial,Fruits,Guava,361,36157,121406
23.93,83.6,Plain,Red Soil,Irrigated,Brinjal,4.7,Short-term,Vegetables,Cauliflower,117,15644,34285
23.53,84.32,Hilly,Inceptisol,Irrigated,Green Gram,3.1,Long-term,Cereals,Maize,125,19387,42379
24.26,84.67,Hilly,Laterite,Irrigated,Ladyfinger,4.7,Perennial,Cash Crops,Jute,339,29152,91202
23.71,83.87,Plain,Alfisol,Rainfed,Maize,2.3,Perennial,Cash Crops,Cotton,254,63394,196053
24.47,85.96,Plain,Red Soil,Rainfed,Papaya,3.4,Perennial,Fruits,Mango,266,49807,116535
23.95,84.02,Plain,Alfisol,Canal,Wheat,4.5,Short-term,Vegetables,Brinjal,107,8507,20938
23.19,83.83,Hilly,Inceptisol,Irrigated,Banana,3.1,Short-term,Cereals,Barley,102,13951,48509
24.01,84.01,Hilly,Laterite,Rainfed,Brinjal,3.3,Short-term,Vegetables,Cauliflower,87,23762,66454
23.49,85.42,Plain,Red Soil,Rainfed,Tea,3.7,Perennial,Cash Crops,Tea,241,59314,170803
24.03,84.56,Plateau,Laterite,Rainfed,Millets,4.5,Long-term,Cereals,Millets,172,14263,45450
23.1,84.91,Plateau,Laterite,Rainfed,Pigeon Pea,0.9,Mixed,Agroforestry,Mango+Lentil,278,38086,125668
23.26,83.55,Hilly,Laterite,Irrigated,Tobacco,2.0,Short-term,Vegetables,Ladyfinger,89,14372,41178
24.28,83.59,Plain,Alfisol,Rainfed,Cotton,2.3,Short-term,Pulses,Black Gram,91,7480,23550
23.34,84.61,Hilly,Laterite,Rainfed,Sunflower,4.6,Long-term,Vegetables,Brinjal,148,21722,52930
24.26,85.54,Plain,Red Soil,Irrigated,Maize,4.8,Short-term,Vegetables,Ladyfinger,76,19701,54774
23.42,85.71,Plain,Alfisol,Rainfed,Cotton,1.0,Short-term,Vegetables,Brinjal,79,26161,77277
23.96,83.72,Plateau,Laterite,Irrigated,Cabbage,1.0,Long-term,Vegetables,Cauliflower,121,17853,55148
24.04,84.85,Plain,Alfisol,Irrigated,Papaya,4.7,Long-term,Oilseeds,Soybean,125,24061,48137
23.77,85.78,Plain,Red Soil,Rainfed,Papaya,1.8,Short-term,Oilseeds,Sesame,105,23824,55596
23.46,84.47,Plain,Red Soil,Irrigated,Barley,1.6,Long-term,Cereals,Millets,158,13602,34436
23.32,85.57,Plain,Alfisol,Irrigated,Pea,0.7,Short-term,Vegetables,Onion,92,23182,51199
23.05,83.83,Plain,Red Soil,Rainfed,Pea,1.7,Short-term,Oilseeds,Niger,105,26870,64509
23.46,85.84,Plateau,Laterite,Rainfed,Lentil,3.6,Short-term,Pulses,Gram,90,5819,16930
23.98,85.38,Plain,Red Soil,Irrigated,Potato,2.4,Long-term,Fruits,Jackfruit,158,46752,180314
24.41,85.85,Plain,Red Soil,Tube-well,Green Gram,2.8,Perennial,Fruits,Jackfruit,221,29365,61769
24.31,85.19,Plain,Alfisol,Irrigated,Pea,4.6,Short-term,Vegetables,Cabbage,105,20129,42745
24.15,84.41,Plateau,Entisol,Rainfed,Tobacco,1.0,Mixed,Agroforestry,Mango+Lentil,357,43108,160251
24.18,85.85,Hilly,Laterite,Irrigated,Pigeon Pea,0.8,Short-term,Vegetables,Tomato,94,8825,18841
24.0,84.19,Plain,Red Soil,Rainfed,Sorghum,4.3,Mixed,Agroforestry,Mango+Lentil,295,69799,179151
23.39,84.33,Plateau,Entisol,Irrigated,Litchi,4.0,Mixed,Agroforestry,Maize+Mustard,337,41350,111692
24.36,85.25,Plain,Alfisol,Irrigated,Cotton,1.7,Perennial,Cash Crops,Tea,260,53975,132942
24.01,85.41,Plain,Red Soil,Irrigated,Timber+Paddy,2.0,Long-term,Cereals,Millets,169,9765,29822
23.84,85.82,Plain,Alfisol,Canal,Jute,1.9,Perennial,Fruits,Banana,240,23942,81111
23.17,84.01,Plain,Alfisol,Irrigated,Rice+Lentil,3.4,Short-term,Pulses,Lentil,112,15447,53258
23.67,85.49,Plain,Alfisol,Irrigated,Rice+Lentil,0.8,Perennial,Cash Crops,Cotton,304,36134,124646
23.69,85.35,Hilly,Inceptisol,Rainfed,Sugarcane,2.7,Short-term,Pulses,Lentil,90,17600,56962
24.3,83.66,Plain,Red Soil,Canal,Gram,1.1,Perennial,Fruits,Jackfruit,226,13410,27228
23.82,84.47,Hilly,Inceptisol,Tube-well,Jackfruit,4.2,Perennial,Fruits,Banana,228,15773,51764
23.57,84.21,Plain,Red Soil,Rainfed,Sugarcane,2.2,Perennial,Cash Crops,Tea,291,23907,61655
24.47,84.26,Plain,Red Soil,Rainfed,Gram,2.9,Long-term,Oilseeds,Sunflower,121,23323,78845
23.17,85.96,Hilly,Inceptisol,Rainfed,Mustard,0.6,Short-term,Cereals,Paddy,109,11816,40557
23.63,85.11,Plateau,Laterite,Irrigated,Cotton,0.8,Perennial,Fruits,Litchi,251,43385,164411
23.06,85.29,Plain,Red Soil,Irrigated,Gram,3.5,Perennial,Fruits,Papaya,246,30580,93928
24.11,85.94,Hilly,Inceptisol,Rainfed,Timber+Paddy,4.0,Mixed,Agroforestry,Banana+Pea,266,29970,81132
24.38,84.44,Plain,Alfisol,Canal,Paddy,3.7,Long-term,Oilseeds,Soybean,121,29443,75830
23.42,85.5,Plain,Alfisol,Rainfed,Green Gram,3.8,Perennial,Cash Crops,Cotton,276,66984,180861
24.29,84.59,Plain,Red Soil,Irrigated,Potato,1.0,Long-term,Cereals,Rice,164,18468,41889
23.44,85.67,Plain,Red Soil,Rainfed,Jackfruit,3.6,Short-term,Oilseeds,Niger,118,26782,99285
24.37,83.95,Plain,Red Soil,Rainfed,Pigeon Pea,1.3,Short-term,Pulses,Black Gram,90,15216,45247
24.13,85.87,Plain,Red Soil,Rainfed,Mustard,0.9,Perennial,Fruits,Jackfruit,311,24695,70173
24.21,84.05,Plateau,Entisol,Rainfed,Pigeon Pea,3.9,Short-term,Oilseeds,Sunflower,97,10285,29432
23.03,84.32,Plain,Red Soil,Irrigated,Wheat,4.5,Short-term,Cereals,Paddy,113,7523,15543
24.44,85.39,Hilly,Inceptisol,Irrigated,Cotton,3.7,Short-term,Vegetables,Potato,92,15578,52419
24.09,84.48,Plain,Alfisol,Rainfed,Sunflower,4.1,Perennial,Fruits,Papaya,350,19092,72418
23.46,85.02,Hilly,Inceptisol,Rainfed,Mustard,5.0,Short-term,Pulses,Pea,85,5490,12689
24.24,84.61,Hilly,Inceptisol,Rainfed,Onion,1.1,Short-term,Pulses,Pea,118,15903,54215
23.42,85.36,Plain,Red Soil,Irrigated,Mango,4.8,Mixed,Agroforestry,Timber+Paddy,355,76960,200498
24.31,84.07,Plain,Alfisol,Irrigated,Gram,3.2,Mixed,Agroforestry,Maize+Mustard,248,68935,145972
23.17,83.65,Plateau,Laterite,Rainfed,Sunflower,4.2,Short-term,Oilseeds,Sesame,109,16330,50058
24.06,84.25,Plateau,Entisol,Irrigated,Barley,3.4,Short-term,Pulses,Pigeon Pea,106,5732,11598
23.81,84.69,Plain,Alfisol,Rainfed,Black Gram,3.1,Long-term,Vegetables,Potato,136,18316,67751
23.14,83.92,Plain,Alfisol,Tube-well,Tobacco,3.7,Long-term,Cash Crops,Tea,176,65813,234442
23.36,84.39,Plateau,Laterite,Tube-well,Sesame,1.9,Mixed,Agroforestry,Banana+Pea,287,58728,187398
23.02,84.5,Plain,Alfisol,Irrigated,Ladyfinger,4.7,Short-term,Vegetables,Cauliflower,84,11411,39288
23.7,83.64,Hilly,Inceptisol,Tube-well,Litchi,1.0,Short-term,Cereals,Sorghum,92,14671,40454
23.45,84.96,Plain,Alfisol,Canal,Coffee,1.9,Short-term,Vegetables,Cauliflower,78,13760,45686
23.9,85.71,Plain,Alfisol,Canal,Millets,0.6,Short-term,Oilseeds,Niger,96,14426,44940
23.45,83.88,Hilly,Laterite,Irrigated,Mango+Lentil,1.7,Perennial,Cash Crops,Jute,212,99818,315684
23.45,84.99,Hilly,Laterite,Rainfed,Soybean,1.5,Mixed,Agroforestry,Maize+Mustard,326,55561,178295
24.11,85.16,Plain,Alfisol,Rainfed,Timber+Paddy,0.7,Perennial,Fruits,Jackfruit,284,29684,96140
23.07,84.55,Hilly,Inceptisol,Rainfed,Ladyfinger,2.7,Mixed,Agroforestry,Timber+Paddy,315,25168,58811
24.35,85.25,Plateau,Laterite,Irrigated,Black Gram,2.6,Short-term,Pulses,Gram,102,8466,22295
24.28,84.53,Hilly,Laterite,Rainfed,Mango+Lentil,0.8,Mixed,Agroforestry,Rice+Lentil,185,48547,99228
24.0,84.76,Plain,Red Soil,Rainfed,Mustard,1.7,Perennial,Fruits,Guava,184,37714,113151
23.89,83.52,Hilly,Inceptisol,Rainfed,Rice,4.8,Mixed,Agroforestry,Banana+Pea,242,38634,84517
24.34,85.23,Plateau,Laterite,Rainfed,Sunflower,1.0,Mixed,Agroforestry,Banana+Pea,312,45712,172272
23.28,85.15,Plateau,Entisol,Irrigated,Sugarcane,1.9,Short-term,Oilseeds,Sunflower,115,21207,43860
23.12,83.6,Hilly,Laterite,Tube-well,Papaya,0.7,Perennial,Cash Crops,Tobacco,259,87253,292999
23.36,84.42,Plain,Red Soil,Irrigated,Litchi,1.2,Short-term,Pulses,Pigeon Pea,90,6596,19786
24.19,85.95,Plateau,Entisol,Irrigated,Gram,3.6,Short-term,Vegetables,Onion,86,17098,46138
23.05,84.55,Hilly,Laterite,Irrigated,Guava,2.2,Perennial,Fruits,Papaya,198,20346,55120
23.87,84.75,Plain,Alfisol,Rainfed,Green Gram,2.5,Short-term,Vegetables,Cauliflower,81,24268,49873
24.49,85.77,Hilly,Laterite,Rainfed,Groundnut,1.2,Long-term,Oilseeds,Groundnut,125,20929,58072
24.28,85.29,Plain,Alfisol,Canal,Wheat,3.6,Perennial,Fruits,Guava,227,45812,150552
23.78,84.96,Hilly,Laterite,Rainfed,Sesame,3.9,Short-term,Oilseeds,Sunflower,118,15467,50564
23.1,85.49,Plain,Red Soil,Rainfed,Jute,1.3,Mixed,Agroforestry,Mango+Lentil,277,39060,88211
24.25,85.66,Hilly,Inceptisol,Irrigated,Niger,0.7,Short-term,Vegetables,Potato,76,29919,101854
23.9,84.64,Plateau,Entisol,Rainfed,Green Gram,0.9,Short-term,Pulses,Pea,99,6630,18320
23.17,84.69,Plateau,Entisol,Rainfed,Sorghum,3.5,Short-term,Vegetables,Ladyfinger,111,14866,58276
23.14,84.47,Plateau,Entisol,Rainfed,Niger,1.1,Mixed,Agroforestry,Timber+Paddy,237,72173,185868
24.36,85.92,Plateau,Laterite,Rainfed,Onion,2.7,Short-term,Pulses,Lentil,105,16295,53705
24.0,85.24,Plain,Red Soil,Rainfed,Tobacco,1.2,Short-term,Pulses,Pea,91,5854,13277
24.24,83.71,Hilly,Laterite,Rainfed,Litchi,1.3,Short-term,Cereals,Millets,116,9103,28620
24.32,85.66,Hilly,Laterite,Irrigated,Tea,0.5,Long-term,Cereals,Wheat,146,10254,28937
23.86,84.7,Plateau,Laterite,Canal,Sorghum,1.9,Short-term,Cereals,Maize,115,17474,69448
23.78,83.67,Plain,Red Soil,Rainfed,Rice+Lentil,0.9,Short-term,Vegetables,Onion,116,15035,31256
23.65,84.87,Plateau,Entisol,Canal,Paddy,2.3,Long-term,Cash Crops,Cotton,173,41557,138148
23.48,84.54,Hilly,Laterite,Rainfed,Groundnut,3.2,Short-term,Oilseeds,Soybean,112,15759,40768
23.65,85.69,Plateau,Laterite,Rainfed,Barley,2.2,Perennial,Fruits,Mango,228,10946,25922
24.16,84.01,Plain,Alfisol,Rainfed,Brinjal,3.7,Short-term,Pulses,Gram,98,5554,18145
23.9,85.57,Plain,Red Soil,Irrigated,Tea,3.8,Short-term,Pulses,Black Gram,91,7254,15874
24.34,84.89,Plateau,Laterite,Rainfed,Jackfruit,3.6,Perennial,Fruits,Banana,189,19238,45895
23.67,83.64,Plain,Red Soil,Irrigated,Cauliflower,4.7,Long-term,Oilseeds,Sesame,123,15322,33258
23.91,85.93,Plateau,Entisol,Irrigated,Onion,1.6,Short-term,Pulses,Pigeon Pea,83,8271,25571
23.95,84.78,Plain,Alfisol,Irrigated,Banana,1.4,Long-term,Cereals,Maize,136,5881,14950
23.89,84.23,Hilly,Laterite,Irrigated,Niger,3.2,Perennial,Cash Crops,Tea,304,39718,81634
24.05,84.67,Plain,Alfisol,Tube-well,Paddy,3.2,Short-term,Vegetables,Tomato,98,16892,44195
23.36,85.64,Hilly,Laterite,Rainfed,Mango+Lentil,2.8,Short-term,Oilseeds,Sesame,116,13259,40634
23.77,84.26,Hilly,Laterite,Rainfed,Sunflower,0.5,Short-term,Pulses,Green Gram,115,12007,24429
23.16,83.98,Plain,Red Soil,Irrigated,Wheat,3.0,Short-term,Cereals,Wheat,111,8337,24701
23.58,83.82,Plain,Alfisol,Irrigated,Groundnut,4.7,Short-term,Pulses,Black Gram,110,12993,45162
23.73,84.24,Plain,Red Soil,Rainfed,Rice+Lentil,2.0,Short-term,Vegetables,Cauliflower,86,15386,35665
23.98,85.45,Hilly,Laterite,Rainfed,Sesame,4.9,Long-term,Cereals,Rice,161,13484,43228
24.43,84.68,Hilly,Laterite,Rainfed,Rice+Lentil,2.1,Short-term,Pulses,Green Gram,95,18696,41700
23.9,84.07,Plateau,Laterite,Rainfed,Rice,1.1,Mixed,Agroforestry,Mango+Lentil,331,63260,167402
24.12,83.92,Hilly,Laterite,Rainfed,Maize,2.3,Perennial,Cash Crops,Coffee,323,31443,114206
23.76,84.33,Hilly,Inceptisol,Tube-well,Potato,2.7,Perennial,Cash Crops,Jute,217,95450,372285
23.95,85.85,Plain,Red Soil,Irrigated,Guava,3.3,Short-term,Pulses,Gram,83,16593,61071
23.11,84.36,Plain,Alfisol,Rainfed,Pigeon Pea,2.8,Short-term,Pulses,Pigeon Pea,102,19955,44042
23.38,85.97,Plain,Red Soil,Irrigated,Cabbage,2.9,Short-term,Vegetables,Cauliflower,87,9643,20549
23.54,84.71,Plateau,Entisol,Canal,Onion,0.6,Mixed,Agroforestry,Timber+Paddy,186,47983,100742
23.71,83.95,Plateau,Laterite,Rainfed,Maize,1.6,Short-term,Pulses,Black Gram,106,19100,72084
23.07,85.73,Plain,Red Soil,Rainfed,Guava,1.9,Mixed,Agroforestry,Banana+Pea,288,58700,139118
23.21,84.65,Hilly,Inceptisol,Irrigated,Cauliflower,4.9,Mixed,Agroforestry,Maize+Mustard,364,75312,258268
23.42,85.27,Plateau,Entisol,Irrigated,Tea,1.8,Short-term,Cereals,Barley,102,19116,67061
24.46,85.96,Hilly,Laterite,Rainfed,Brinjal,4.5,Short-term,Pulses,Pigeon Pea,80,8345,26022
23.5,83.63,Plain,Alfisol,Tube-well,Gram,1.9,Long-term,Cash Crops,Tobacco,173,79451,238623
23.72,83.74,Plain,Alfisol,Rainfed,Sorghum,0.9,Long-term,Vegetables,Tomato,121,14619,36036
23.29,85.3,Hilly,Laterite,Rainfed,Rice+Lentil,1.6,Perennial,Fruits,Guava,230,39309,148898
23.92,84.2,Plateau,Laterite,Rainfed,Banana+Pea,1.7,Perennial,Fruits,Jackfruit,276,13530,32145
23.42,83.96,Hilly,Laterite,Rainfed,Litchi,4.9,Long-term,Vegetables,Tomato,140,8019,27868
23.31,83.6,Plain,Red Soil,Irrigated,Papaya,3.5,Perennial,Cash Crops,Jute,209,65730,154701
23.77,83.55,Plain,Red Soil,Tube-well,Tea,4.7,Short-term,Oilseeds,Mustard,103,16748,52124
23.01,85.44,Plateau,Entisol,Rainfed,Green Gram,4.3,Short-term,Vegetables,Onion,93,21658,48542
23.01,83.84,Plateau,Laterite,Tube-well,Mango+Lentil,3.1,Perennial,Fruits,Litchi,250,31663,82179
23.33,84.67,Hilly,Inceptisol,Canal,Lentil,3.5,Mixed,Agroforestry,Rice+Lentil,355,69173,144816
23.06,85.01,Hilly,Laterite,Rainfed,Potato,3.3,Perennial,Cash Crops,Tea,303,41603,143728
23.16,84.57,Plain,Red Soil,Irrigated,Maize,3.5,Short-term,Pulses,Pigeon Pea,81,10612,28434
23.51,83.57,Plateau,Entisol,Rainfed,Onion,1.7,Mixed,Agroforestry,Rice+Lentil,296,44999,121746
24.2,85.46,Plateau,Laterite,Irrigated,Onion,2.3,Long-term,Oilseeds,Sunflower,124,19612,73448
23.86,83.53,Plain,Alfisol,Rainfed,Black Gram,3.2,Long-term,Vegetables,Cabbage,120,21146,75891
23.77,85.4,Plateau,Entisol,Irrigated,Papaya,0.7,Short-term,Cereals,Barley,115,7117,18716
23.44,85.73,Plain,Alfisol,Rainfed,Pigeon Pea,2.7,Mixed,Agroforestry,Timber+Paddy,220,54528,216270
24.4,84.58,Plain,Red Soil,Canal,Pigeon Pea,4.4,Long-term,Cereals,Paddy,139,11062,41587
23.6,84.84,Plain,Red Soil,Canal,Ladyfinger,2.7,Mixed,Agroforestry,Mango+Lentil,196,64562,156639
23.13,84.69,Plain,Red Soil,Rainfed,Mustard,3.0,Mixed,Agroforestry,Mango+Lentil,294,43026,103034
23.93,84.47,Plain,Red Soil,Rainfed,Groundnut,1.4,Perennial,Fruits,Jackfruit,247,49854,177550
23.17,85.72,Hilly,Laterite,Rainfed,Pea,4.1,Short-term,Cereals,Paddy,105,11700,35330
23.52,85.73,Hilly,Laterite,Irrigated,Litchi,2.1,Perennial,Fruits,Banana,306,20864,56952
23.76,84.34,Hilly,Inceptisol,Rainfed,Litchi,4.8,Mixed,Agroforestry,Timber+Paddy,288,39476,106452
24.31,85.04,Plain,Red Soil,Irrigated,Tea,5.0,Perennial,Cash Crops,Cotton,283,58152,212771
23.74,85.82,Plain,Red Soil,Rainfed,Pea,4.6,Short-term,Pulses,Lentil,82,15486,33967
24.05,85.91,Hilly,Laterite,Rainfed,Ladyfinger,0.9,Mixed,Agroforestry,Banana+Pea,273,62175,168677
24.49,84.77,Plain,Red Soil,Rainfed,Tomato,2.0,Perennial,Fruits,Papaya,290,19831,73046
23.2,84.63,Plain,Alfisol,Rainfed,Lentil,4.8,Perennial,Fruits,Jackfruit,214,27196,59391
23.41,84.2,Plateau,Entisol,Irrigated,Soybean,4.1,Long-term,Oilseeds,Groundnut,122,14062,30331
23.59,85.9,Plateau,Entisol,Tube-well,Lentil,4.6,Long-term,Cereals,Barley,133,8368,18963
23.63,83.86,Plateau,Entisol,Rainfed,Paddy,3.1,Short-term,Oilseeds,Sesame,110,20817,54860
23.62,84.95,Hilly,Inceptisol,Irrigated,Ladyfinger,2.7,Perennial,Cash Crops,Sugarcane,331,20188,70773
24.36,84.21,Plain,Red Soil,Rainfed,Cauliflower,1.0,Mixed,Agroforestry,Mango+Lentil,184,66040,147880
24.07,84.2,Hilly,Inceptisol,Irrigated,Black Gram,4.3,Perennial,Fruits,Guava,250,42592,90417
23.91,84.51,Plain,Alfisol,Rainfed,Tomato,3.9,Short-term,Vegetables,Cauliflower,103,19971,68094
23.46,86.0,Hilly,Laterite,Irrigated,Mustard,0.8,Perennial,Cash Crops,Tobacco,345,39266,137585
24.24,83.64,Plain,Red Soil,Tube-well,Cabbage,1.4,Perennial,Fruits,Banana,263,11547,39940
24.43,84.95,Plateau,Entisol,Rainfed,Groundnut,3.0,Long-term,Vegetables,Brinjal,127,8513,29314
24.23,83.71,Plain,Red Soil,Irrigated,Papaya,3.6,Mixed,Agroforestry,Timber+Paddy,283,18938,39347
23.0,83.89,Plateau,Laterite,Rainfed,Jackfruit,1.1,Short-term,Vegetables,Potato,81,15444,58545
23.95,84.6,Plateau,Entisol,Rainfed,Niger,1.6,Perennial,Fruits,Mango,263,43744,141618
23.08,84.78,Hilly,Laterite,Rainfed,Jute,1.4,Perennial,Cash Crops,Tobacco,317,37255,143455
23.39,84.15,Plateau,Entisol,Rainfed,Banana+Pea,1.5,Long-term,Cash Crops,Sugarcane,163,64467,149779
23.09,84.29,Hilly,Inceptisol,Rainfed,Jackfruit,4.6,Short-term,Cereals,Millets,111,15548,39447
23.91,83.72,Plateau,Laterite,Rainfed,Tomato,3.7,Long-term,Vegetables,Ladyfinger,149,14399,31379
24.03,84.26,Hilly,Inceptisol,Rainfed,Maize+Mustard,3.8,Perennial,Cash Crops,Cotton,252,76108,171534
23.17,85.92,Plateau,Entisol,Rainfed,Tomato,4.1,Short-term,Vegetables,Tomato,109,28712,110164
23.58,85.86,Hilly,Laterite,Irrigated,Gram,2.1,Perennial,Fruits,Jackfruit,313,33208,70846
23.68,84.34,Plateau,Laterite,Tube-well,Jute,4.0,Long-term,Vegetables,Brinjal,135,28474,100896
23.55,84.93,Hilly,Laterite,Rainfed,Timber+Paddy,4.9,Long-term,Vegetables,Potato,124,17786,46493
23.18,85.77,Hilly,Laterite,Rainfed,Green Gram,3.6,Short-term,Pulses,Green Gram,81,12601,39666
23.63,83.52,Plateau,Entisol,Rainfed,Mango+Lentil,2.4,Long-term,Fruits,Jackfruit,171,24352,64048
24.13,85.53,Plateau,Laterite,Canal,Millets,3.7,Perennial,Cash Crops,Jute,219,39202,120636
23.11,85.87,Hilly,Laterite,Irrigated,Groundnut,4.6,Perennial,Cash Crops,Sugarcane,326,46354,171477
23.12,83.73,Plain,Alfisol,Rainfed,Barley,1.1,Perennial,Fruits,Papaya,300,32471,101428
23.53,83.9,Hilly,Inceptisol,Rainfed,Cotton,1.7,Short-term,Pulses,Lentil,105,14929,48820
24.41,85.9,Plateau,Entisol,Rainfed,Millets,4.6,Mixed,Agroforestry,Rice+Lentil,275,73208,231052
24.0,84.84,Plateau,Entisol,Rainfed,Sugarcane,4.8,Mixed,Agroforestry,Maize+Mustard,261,43917,93664
24.02,83.54,Plateau,Laterite,Tube-well,Soybean,2.7,Perennial,Cash Crops,Coffee,265,87666,310816
23.54,84.14,Plain,Red Soil,Canal,Soybean,2.2,Perennial,Fruits,Mango,263,45564,180796
23.89,84.62,Hilly,Inceptisol,Rainfed,Mustard,1.8,Long-term,Cash Crops,Tea,164,26745,99145
23.02,85.23,Hilly,Inceptisol,Irrigated,Rice+Lentil,2.7,Short-term,Oilseeds,Sunflower,98,19764,64093
23.95,85.33,Plateau,Entisol,Rainfed,Barley,4.7,Short-term,Vegetables,Cabbage,94,29223,78788
24.37,85.99,Plain,Alfisol,Rainfed,Ladyfinger,1.2,Short-term,Cereals,Barley,94,14162,29070
23.92,84.22,Plateau,Laterite,Canal,Sunflower,2.4,Long-term,Cereals,Maize,154,17222,65445
24.31,84.85,Hilly,Inceptisol,Irrigated,Banana+Pea,4.6,Short-term,Pulses,Pea,119,15770,60227
24.09,84.83,Plain,Red Soil,Rainfed,Groundnut,2.1,Perennial,Fruits,Litchi,263,40285,123072
23.18,84.51,Plain,Alfisol,Rainfed,Jute,4.0,Short-term,Vegetables,Ladyfinger,91,15197,57973
24.35,83.92,Plain,Red Soil,Canal,Tobacco,2.3,Mixed,Agroforestry,Timber+Paddy,333,54984,155348
23.1,85.94,Hilly,Laterite,Irrigated,Brinjal,4.1,Short-term,Pulses,Green Gram,113,13313,41085
23.8,85.63,Plain,Red Soil,Rainfed,Green Gram,4.9,Long-term,Fruits,Banana,177,31762,82032
23.21,84.75,Plain,Red Soil,Rainfed,Sugarcane,2.2,Mixed,Agroforestry,Maize+Mustard,305,44730,167719
23.02,85.01,Plateau,Entisol,Rainfed,Papaya,4.3,Short-term,Pulses,Green Gram,107,13292,48366
23.63,84.07,Plain,Red Soil,Tube-well,Cotton,4.9,Long-term,Oilseeds,Groundnut,128,21174,59531
23.44,84.86,Plain,Alfisol,Irrigated,Cotton,4.9,Short-term,Pulses,Pigeon Pea,95,10263,29152
23.73,85.24,Hilly,Laterite,Rainfed,Mango,2.5,Short-term,Oilseeds,Sunflower,118,18805,46717
23.87,84.79,Hilly,Laterite,Irrigated,Soybean,2.7,Short-term,Vegetables,Tomato,77,26679,65628
23.07,85.98,Plateau,Entisol,Irrigated,Lentil,1.9,Perennial,Fruits,Banana,267,22324,45371
23.18,85.03,Hilly,Inceptisol,Rainfed,Ladyfinger,1.9,Short-term,Vegetables,Brinjal,73,21405,44175
23.84,84.43,Plateau,Laterite,Rainfed,Maize,2.7,Mixed,Agroforestry,Banana+Pea,271,42338,154065
23.51,85.43,Hilly,Laterite,Irrigated,Tea,1.4,Short-term,Oilseeds,Mustard,113,29541,78964
24.09,83.93,Plain,Alfisol,Irrigated,Barley,3.7,Long-term,Cereals,Barley,131,17286,36139
23.98,84.46,Plain,Red Soil,Irrigated,Tomato,2.9,Short-term,Vegetables,Onion,73,12191,34100
24.27,84.37,Hilly,Inceptisol,Canal,Tomato,4.5,Perennial,Fruits,Banana,267,38522,114947
24.04,84.58,Plain,Alfisol,Rainfed,Barley,4.1,Mixed,Agroforestry,Maize+Mustard,332,22174,62451
23.64,85.45,Plateau,Entisol,Rainfed,Pea,2.0,Perennial,Cash Crops,Coffee,324,33265,105570
24.01,84.71,Hilly,Laterite,Tube-well,Groundnut,2.8,Long-term,Cereals,Paddy,163,14067,34848
23.41,85.49,Plain,Red Soil,Rainfed,Onion,3.9,Perennial,Cash Crops,Sugarcane,355,36020,106861
23.46,84.94,Plain,Alfisol,Irrigated,Onion,1.4,Short-term,Vegetables,Tomato,95,23431,65914
24.18,84.36,Plain,Alfisol,Irrigated,Guava,0.6,Short-term,Vegetables,Cabbage,98,20817,48206
23.67,85.52,Hilly,Inceptisol,Irrigated,Mustard,4.3,Short-term,Vegetables,Ladyfinger,72,20674,49228
24.2,84.1,Hilly,Inceptisol,Rainfed,Cabbage,1.1,Short-term,Oilseeds,Sunflower,109,9806,26912
24.23,84.06,Hilly,Laterite,Irrigated,Banana+Pea,4.5,Mixed,Agroforestry,Timber+Paddy,212,20493,73534
24.29,84.76,Plain,Alfisol,Canal,Banana,4.6,Long-term,Oilseeds,Sunflower,123,20592,41976
24.37,84.15,Hilly,Laterite,Irrigated,Guava,2.6,Short-term,Vegetables,Potato,78,27164,75209
23.65,83.52,Plateau,Entisol,Rainfed,Niger,4.1,Long-term,Cash Crops,Jute,164,81324,183489
23.48,85.12,Plain,Red Soil,Rainfed,Tobacco,2.1,Short-term,Vegetables,Tomato,90,29019,63999
23.87,84.78,Hilly,Laterite,Rainfed,Timber+Paddy,4.4,Short-term,Oilseeds,Mustard,90,13155,26623
23.56,84.61,Plateau,Laterite,Rainfed,Tomato,4.2,Short-term,Pulses,Pigeon Pea,119,16699,42619
23.9,85.92,Plain,Red Soil,Rainfed,Jute,0.9,Mixed,Agroforestry,Maize+Mustard,331,27531,65542
24.06,84.93,Hilly,Laterite,Tube-well,Cabbage,3.1,Long-term,Fruits,Jackfruit,166,12122,28023
24.03,85.66,Plain,Alfisol,Irrigated,Soybean,3.4,Mixed,Agroforestry,Rice+Lentil,300,26169,53510
23.56,83.85,Hilly,Inceptisol,Irrigated,Pigeon Pea,0.5,Perennial,Cash Crops,Sugarcane,309,77115,173692
23.25,84.92,Plain,Red Soil,Irrigated,Cotton,4.9,Perennial,Cash Crops,Tobacco,347,46125,164112
23.65,85.67,Plateau,Entisol,Rainfed,Cauliflower,2.3,Short-term,Pulses,Pigeon Pea,93,16563,63918
23.21,84.96,Plateau,Entisol,Tube-well,Millets,2.8,Mixed,Agroforestry,Maize+Mustard,184,52465,140088
24.34,85.3,Plateau,Entisol,Rainfed,Sunflower,1.4,Long-term,Vegetables,Onion,146,19822,77354
23.52,84.43,Plateau,Entisol,Rainfed,Banana,3.2,Short-term,Oilseeds,Sunflower,108,13198,52442
23.23,83.73,Hilly,Inceptisol,Rainfed,Litchi,4.1,Short-term,Oilseeds,Sesame,112,24926,75109
23.04,84.64,Hilly,Inceptisol,Canal,Tea,3.1,Short-term,Pulses,Pea,104,13860,54365
23.97,84.49,Plateau,Entisol,Canal,Lentil,4.0,Perennial,Cash Crops,Jute,350,25800,75829
23.96,85.67,Plateau,Laterite,Rainfed,Pea,3.8,Long-term,Fruits,Banana,171,31767,71004
23.51,84.11,Hilly,Inceptisol,Canal,Potato,1.6,Perennial,Cash Crops,Tea,358,89836,226607
23.11,85.92,Plateau,Entisol,Rainfed,Cotton,2.5,Perennial,Cash Crops,Cotton,213,23998,89746
23.61,85.9,Hilly,Inceptisol,Rainfed,Litchi,1.2,Perennial,Fruits,Mango,199,48189,114257
23.47,84.12,Hilly,Laterite,Canal,Papaya,0.7,Long-term,Oilseeds,Soybean,120,22316,72276
24.02,84.37,Hilly,Laterite,Canal,Banana+Pea,0.8,Short-term,Vegetables,Onion,72,23901,50379
23.91,85.74,Plain,Alfisol,Irrigated,Banana+Pea,4.7,Short-term,Oilseeds,Niger,109,25442,66525
23.55,85.92,Plain,Red Soil,Irrigated,Pigeon Pea,4.9,Short-term,Oilseeds,Sunflower,97,29752,75944
23.33,84.61,Plain,Red Soil,Canal,Sugarcane,0.9,Long-term,Fruits,Mango,159,30464,109292
24.48,84.3,Hilly,Inceptisol,Irrigated,Rice,2.0,Short-term,Pulses,Black Gram,110,14831,58660
23.68,84.82,Plain,Red Soil,Canal,Potato,1.0,Short-term,Pulses,Lentil,109,14027,30590
24.03,85.22,Hilly,Inceptisol,Irrigated,Brinjal,4.3,Perennial,Cash Crops,Sugarcane,227,90423,270488
23.21,84.18,Plateau,Laterite,Tube-well,Lentil,2.7,Mixed,Agroforestry,Banana+Pea,305,73790,165335
23.73,85.34,Plain,Alfisol,Tube-well,Rice,3.3,Long-term,Cereals,Maize,157,8361,32817
23.04,83.63,Hilly,Laterite,Rainfed,Potato,2.9,Long-term,Cereals,Paddy,175,13756,40238
23.76,83.62,Plain,Alfisol,Canal,Cabbage,3.7,Short-term,Oilseeds,Sesame,107,20916,54514
24.45,84.47,Plain,Alfisol,Rainfed,Sorghum,1.9,Mixed,Agroforestry,Rice+Lentil,214,29583,93570
23.58,84.38,Plateau,Laterite,Rainfed,Rice,1.1,Mixed,Agroforestry,Rice+Lentil,263,62876,143380
23.06,84.29,Hilly,Inceptisol,Irrigated,Pea,0.6,Short-term,Pulses,Pea,117,11914,37096
23.05,84.73,Plateau,Entisol,Rainfed,Soybean,2.5,Long-term,Oilseeds,Sesame,120,18704,41922
23.58,84.3,Plain,Red Soil,Irrigated,Tea,4.6,Mixed,Agroforestry,Mango+Lentil,360,33742,128221
23.24,83.98,Hilly,Inceptisol,Canal,Papaya,1.9,Short-term,Oilseeds,Sunflower,98,27480,74979
23.04,84.27,Plain,Alfisol,Rainfed,Barley,1.4,Short-term,Pulses,Lentil,80,16558,44431
24.13,85.94,Plain,Red Soil,Rainfed,Papaya,4.7,Long-term,Vegetables,Brinjal,142,18068,42958
23.69,84.53,Plain,Alfisol,Tube-well,Mango,1.0,Mixed,Agroforestry,Maize+Mustard,237,29251,81072
23.43,84.61,Plain,Red Soil,Rainfed,Onion,0.7,Short-term,Pulses,Black Gram,100,9821,35914
24.35,84.94,Plain,Alfisol,Rainfed,Groundnut,4.5,Perennial,Fruits,Jackfruit,351,12239,45064
23.17,85.96,Plain,Red Soil,Rainfed,Groundnut,3.7,Short-term,Pulses,Green Gram,83,17644,50091
24.43,84.1,Plateau,Laterite,Irrigated,Tea,2.4,Short-term,Vegetables,Onion,107,13185,47044
23.47,85.2,Plain,Alfisol,Irrigated,Onion,3.9,Short-term,Vegetables,Ladyfinger,94,25985,98536
24.33,85.29,Plain,Red Soil,Canal,Mango+Lentil,3.8,Mixed,Agroforestry,Mango+Lentil,219,58619,223848
23.9,85.02,Plain,Alfisol,Rainfed,Rice,0.7,Mixed,Agroforestry,Banana+Pea,324,27093,62351
24.24,83.72,Hilly,Inceptisol,Canal,Barley,3.5,Perennial,Fruits,Mango,225,36025,106386
24.48,85.19,Plain,Red Soil,Irrigated,Mango+Lentil,3.4,Long-term,Oilseeds,Sesame,127,17922,58665
23.43,83.66,Plateau,Entisol,Rainfed,Tomato,4.8,Long-term,Cereals,Millets,152,19247,43003
24.44,84.99,Plateau,Entisol,Irrigated,Barley,4.8,Mixed,Agroforestry,Mango+Lentil,240,72161,211372
23.58,85.35,Plain,Red Soil,Irrigated,Tea,2.2,Short-term,Vegetables,Cauliflower,114,12167,41740
23.58,84.03,Hilly,Inceptisol,Irrigated,Papaya,3.2,Long-term,Vegetables,Ladyfinger,140,19963,49230
23.51,85.6,Plain,Alfisol,Rainfed,Cotton,1.1,Short-term,Pulses,Gram,102,17071,42975
23.81,83.58,Hilly,Laterite,Rainfed,Sesame,0.8,Short-term,Pulses,Green Gram,110,8225,17464
23.23,85.61,Hilly,Inceptisol,Rainfed,Wheat,2.4,Short-term,Cereals,Maize,94,16128,62789
23.83,84.65,Plain,Alfisol,Rainfed,Groundnut,3.6,Short-term,Oilseeds,Soybean,103,10584,26110
23.81,84.04,Plain,Red Soil,Irrigated,Papaya,3.1,Short-term,Pulses,Green Gram,115,12370,36104
24.14,83.83,Hilly,Inceptisol,Rainfed,Sugarcane,2.4,Long-term,Cereals,Barley,160,12057,32483
24.25,85.88,Hilly,Inceptisol,Irrigated,Groundnut,4.2,Short-term,Vegetables,Potato,95,19551,70519
23.66,83.68,Plain,Red Soil,Rainfed,Jute,4.1,Perennial,Cash Crops,Jute,294,27897,58263
23.45,84.0,Hilly,Inceptisol,Rainfed,Banana+Pea,3.8,Perennial,Cash Crops,Coffee,291,59819,228506
23.39,84.37,Hilly,Inceptisol,Irrigated,Timber+Paddy,0.8,Perennial,Fruits,Guava,204,40398,134328
23.29,85.05,Plateau,Laterite,Rainfed,Sunflower,4.1,Short-term,Cereals,Barley,93,7545,28289
23.09,84.86,Plain,Red Soil,Canal,Sorghum,4.6,Short-term,Pulses,Lentil,102,8907,21545
23.51,83.81,Plateau,Entisol,Rainfed,Sorghum,0.8,Short-term,Cereals,Sorghum,95,13273,38444
23.41,84.22,Hilly,Inceptisol,Rainfed,Onion,2.3,Mixed,Agroforestry,Banana+Pea,284,25017,97625
24.45,84.1,Plain,Red Soil,Canal,Sugarcane,4.9,Perennial,Cash Crops,Tobacco,231,69245,228596
23.84,84.03,Hilly,Inceptisol,Irrigated,Mustard,3.2,Short-term,Cereals,Paddy,118,7408,24862
23.52,84.53,Hilly,Inceptisol,Rainfed,Cauliflower,2.8,Short-term,Pulses,Pigeon Pea,96,5170,20314
23.87,85.26,Plateau,Entisol,Rainfed,Pigeon Pea,1.3,Short-term,Pulses,Pigeon Pea,113,13192,28582
23.21,84.04,Plain,Red Soil,Irrigated,Onion,3.0,Perennial,Cash Crops,Cotton,265,28986,60038
23.67,84.42,Hilly,Inceptisol,Tube-well,Banana,2.5,Long-term,Vegetables,Cabbage,137,23600,90214
23.94,84.48,Plain,Alfisol,Canal,Paddy,1.1,Perennial,Fruits,Papaya,302,39428,98561
23.73,85.94,Plateau,Laterite,Rainfed,Tea,2.6,Short-term,Oilseeds,Mustard,106,10621,32162
23.6,85.89,Plain,Red Soil,Tube-well,Pea,1.2,Perennial,Cash Crops,Coffee,331,99959,368316
24.49,85.5,Plateau,Laterite,Rainfed,Tea,3.8,Short-term,Oilseeds,Mustard,101,12339,24916
24.32,84.1,Plateau,Entisol,Rainfed,Litchi,4.9,Perennial,Fruits,Mango,336,42358,92104
23.94,83.67,Plain,Alfisol,Canal,Niger,2.6,Long-term,Cereals,Millets,148,12617,33316
23.85,84.29,Plateau,Laterite,Rainfed,Sesame,3.3,Short-term,Vegetables,Cabbage,109,14456,54306
23.93,84.17,Plateau,Entisol,Rainfed,Millets,2.4,Perennial,Cash Crops,Tea,285,30019,82508
23.3,84.76,Plain,Alfisol,Rainfed,Banana,1.1,Long-term,Cereals,Barley,154,15807,41679
23.59,85.44,Hilly,Inceptisol,Rainfed,Paddy,4.9,Long-term,Vegetables,Brinjal,141,16369,38280
23.06,85.65,Hilly,Inceptisol,Irrigated,Tobacco,1.1,Short-term,Oilseeds,Mustard,103,26475,91268
23.71,85.61,Plain,Red Soil,Irrigated,Black Gram,1.0,Mixed,Agroforestry,Banana+Pea,260,60048,162971
23.81,84.4,Plain,Red Soil,Rainfed,Mango+Lentil,2.6,Mixed,Agroforestry,Timber+Paddy,298,56796,121313
23.34,85.22,Plain,Alfisol,Irrigated,Cotton,3.5,Perennial,Cash Crops,Sugarcane,199,92659,311088
24.45,84.28,Plain,Red Soil,Tube-well,Onion,2.1,Perennial,Fruits,Mango,254,11208,40658
24.36,83.65,Hilly,Inceptisol,Canal,Sunflower,1.4,Short-term,Vegetables,Brinjal,103,18963,48280
24.08,85.25,Plain,Alfisol,Rainfed,Sugarcane,4.2,Long-term,Vegetables,Cabbage,122,8560,23772
23.8,83.52,Plateau,Laterite,Tube-well,Brinjal,2.1,Short-term,Vegetables,Potato,105,27316,95882
24.3,84.52,Plateau,Laterite,Irrigated,Lentil,1.4,Perennial,Cash Crops,Tobacco,212,98417,378486
23.2,84.32,Plain,Alfisol,Rainfed,Millets,2.1,Short-term,Vegetables,Cauliflower,110,8309,22407
24.19,85.23,Hilly,Inceptisol,Rainfed,Wheat,1.5,Short-term,Oilseeds,Mustard,103,16852,53535
23.19,85.42,Hilly,Inceptisol,Rainfed,Tobacco,2.8,Short-term,Pulses,Lentil,104,16628,35398
24.19,84.26,Plateau,Entisol,Irrigated,Lentil,3.5,Short-term,Vegetables,Cauliflower,117,17797,56717
23.41,85.53,Plain,Red Soil,Rainfed,Maize,4.1,Short-term,Pulses,Pea,90,12580,41881
24.32,84.23,Plain,Red Soil,Irrigated,Groundnut,1.5,Short-term,Oilseeds,Groundnut,110,12020,29683
24.42,84.62,Plateau,Entisol,Rainfed,Onion,1.3,Mixed,Agroforestry,Maize+Mustard,234,75663,235384
23.22,85.32,Plateau,Entisol,Tube-well,Cauliflower,0.6,Long-term,Cash Crops,Coffee,161,27816,83105
23.69,85.23,Plateau,Laterite,Rainfed,Papaya,1.5,Perennial,Fruits,Papaya,236,33709,73905
24.47,85.97,Plateau,Entisol,Tube-well,Maize+Mustard,0.6,Long-term,Fruits,Litchi,153,31048,69189
23.73,84.06,Plain,Red Soil,Tube-well,Ladyfinger,2.1,Long-term,Fruits,Guava,165,39196,101119
24.3,85.16,Hilly,Inceptisol,Rainfed,Tobacco,1.2,Long-term,Fruits,Guava,174,19575,74224
23.88,85.02,Plain,Red Soil,Rainfed,Jute,3.1,Mixed,Agroforestry,Banana+Pea,348,30114,81752
23.56,85.79,Plain,Alfisol,Rainfed,Brinjal,2.2,Mixed,Agroforestry,Mango+Lentil,331,28299,106710
23.43,83.89,Plateau,Entisol,Tube-well,Sorghum,0.9,Long-term,Cereals,Millets,161,11767,43735
23.3,85.38,Plain,Alfisol,Irrigated,Timber+Paddy,2.3,Short-term,Pulses,Pea,83,14810,41424
24.14,84.92,Hilly,Laterite,Rainfed,Mustard,1.4,Short-term,Cereals,Maize,100,5391,13403
23.58,84.19,Plateau,Laterite,Rainfed,Rice+Lentil,3.6,Mixed,Agroforestry,Rice+Lentil,315,24112,70327
23.77,84.69,Plain,Alfisol,Rainfed,Paddy,2.1,Short-term,Pulses,Lentil,96,10210,24928
23.74,84.33,Plateau,Entisol,Tube-well,Gram,1.2,Short-term,Oilseeds,Sesame,98,8260,23353
23.87,84.95,Plateau,Entisol,Irrigated,Timber+Paddy,2.1,Perennial,Cash Crops,Sugarcane,322,53102,113873
24.3,85.72,Hilly,Inceptisol,Canal,Niger,1.5,Short-term,Vegetables,Brinjal,102,26821,72833
24.47,84.92,Plain,Red Soil,Rainfed,Wheat,4.1,Short-term,Oilseeds,Sunflower,96,11163,31420
23.61,85.08,Plain,Red Soil,Rainfed,Rice,4.9,Short-term,Cereals,Rice,113,9652,22052
24.24,84.8,Hilly,Laterite,Tube-well,Timber+Paddy,0.6,Long-term,Oilseeds,Sesame,121,11357,34810
24.15,83.63,Plain,Alfisol,Rainfed,Tobacco,3.6,Long-term,Cereals,Sorghum,174,16858,60049
23.86,84.08,Plain,Alfisol,Tube-well,Green Gram,1.7,Short-term,Pulses,Pigeon Pea,111,12069,45860
24.43,84.73,Plateau,Laterite,Rainfed,Timber+Paddy,0.8,Perennial,Fruits,Papaya,339,39945,100935
23.3,84.28,Plain,Alfisol,Rainfed,Cauliflower,0.6,Short-term,Pulses,Green Gram,98,7974,24424
23.16,83.95,Plateau,Laterite,Irrigated,Jackfruit,4.5,Long-term,Cereals,Rice,134,6840,15558
24.28,84.76,Plain,Red Soil,Tube-well,Guava,2.1,Short-term,Pulses,Pea,99,17428,46546
23.66,84.31,Hilly,Laterite,Tube-well,Millets,5.0,Short-term,Vegetables,Cabbage,90,19269,43878
24.27,84.15,Plateau,Laterite,Rainfed,Tobacco,2.5,Perennial,Fruits,Guava,346,10392,26255
24.34,84.66,Plain,Alfisol,Rainfed,Sugarcane,1.3,Perennial,Cash Crops,Cotton,323,50278,110953
23.09,83.83,Plain,Red Soil,Irrigated,Brinjal,4.0,Long-term,Oilseeds,Sesame,127,16446,39255
24.33,85.82,Hilly,Inceptisol,Irrigated,Pea,4.7,Mixed,Agroforestry,Rice+Lentil,364,74606,268240
23.67,85.67,Plateau,Laterite,Irrigated,Soybean,4.2,Short-term,Vegetables,Potato,111,27431,104994
23.77,85.27,Hilly,Laterite,Rainfed,Brinjal,3.9,Short-term,Pulses,Lentil,90,19186,48598
23.94,83.77,Plain,Red Soil,Tube-well,Tea,2.0,Short-term,Oilseeds,Soybean,97,27950,68131
24.39,85.44,Plain,Red Soil,Irrigated,Rice,0.8,Short-term,Oilseeds,Mustard,92,24436,56647
23.03,85.52,Plateau,Entisol,Canal,Gram,1.4,Perennial,Cash Crops,Tobacco,241,42427,142686
23.72,85.42,Plateau,Entisol,Irrigated,Maize,2.5,Perennial,Cash Crops,Jute,310,30748,86992
24.03,83.78,Hilly,Inceptisol,Rainfed,Mustard,4.8,Short-term,Pulses,Green Gram,105,17293,37055
24.08,85.11,Plateau,Entisol,Tube-well,Sunflower,3.8,Short-term,Vegetables,Cabbage,112,21759,76623
24.04,85.59,Hilly,Laterite,Irrigated,Cotton,4.2,Perennial,Fruits,Mango,315,43855,159210
23.2,84.94,Hilly,Inceptisol,Canal,Millets,1.7,Perennial,Fruits,Mango,283,33045,67426
23.45,85.12,Plain,Alfisol,Tube-well,Barley,3.6,Perennial,Fruits,Jackfruit,227,44435,155618
23.54,84.65,Hilly,Laterite,Irrigated,Mango+Lentil,4.4,Long-term,Cereals,Wheat,167,17607,62848
24.21,84.82,Hilly,Inceptisol,Irrigated,Maize+Mustard,2.7,Short-term,Cereals,Barley,119,15410,34496
23.42,83.59,Plain,Alfisol,Rainfed,Papaya,2.4,Mixed,Agroforestry,Rice+Lentil,353,75950,170111
23.32,85.1,Hilly,Inceptisol,Rainfed,Jute,3.7,Perennial,Cash Crops,Tea,333,90047,264086
24.44,83.7,Plateau,Entisol,Rainfed,Sesame,3.0,Short-term,Oilseeds,Niger,116,21466,76385
23.01,84.59,Hilly,Laterite,Rainfed,Maize+Mustard,5.0,Mixed,Agroforestry,Banana+Pea,333,77477,163486
24.5,84.23,Hilly,Laterite,Rainfed,Guava,2.4,Long-term,Vegetables,Ladyfinger,120,19146,43742
24.02,84.86,Plateau,Entisol,Rainfed,Soybean,1.3,Long-term,Vegetables,Ladyfinger,138,19227,65743
24.24,83.83,Plain,Red Soil,Rainfed,Soybean,2.6,Perennial,Cash Crops,Tea,347,90246,208887
23.44,85.23,Hilly,Inceptisol,Rainfed,Groundnut,1.6,Perennial,Fruits,Banana,236,11384,41308
23.02,85.49,Plateau,Entisol,Rainfed,Sugarcane,3.0,Long-term,Cereals,Barley,149,9800,39126
24.11,83.91,Hilly,Inceptisol,Rainfed,Pea,1.1,Perennial,Fruits,Jackfruit,358,18669,41609
24.25,83.76,Plain,Red Soil,Irrigated,Niger,4.8,Mixed,Agroforestry,Banana+Pea,356,40185,103756
24.11,83.86,Plain,Red Soil,Irrigated,Coffee,4.4,Short-term,Pulses,Gram,114,17616,63205
23.21,85.69,Plateau,Laterite,Rainfed,Maize,1.2,Perennial,Fruits,Banana,188,22729,74924
24.13,84.82,Hilly,Laterite,Irrigated,Tea,1.3,Short-term,Oilseeds,Groundnut,113,29829,112148
24.15,84.67,Plateau,Laterite,Canal,Sorghum,2.8,Perennial,Cash Crops,Jute,261,75850,233552
23.99,83.77,Hilly,Laterite,Rainfed,Pigeon Pea,4.0,Perennial,Fruits,Banana,319,18054,44377
24.15,85.12,Hilly,Inceptisol,Irrigated,Mango+Lentil,1.5,Short-term,Oilseeds,Sesame,110,9224,31324
24.27,85.67,Plateau,Laterite,Tube-well,Sugarcane,0.8,Long-term,Cereals,Wheat,142,7859,24211
23.92,85.57,Hilly,Inceptisol,Canal,Banana,3.0,Perennial,Fruits,Jackfruit,258,12412,27471
23.13,85.07,Plain,Alfisol,Rainfed,Jackfruit,3.6,Long-term,Cash Crops,Tobacco,160,79484,164772
23.73,83.69,Hilly,Laterite,Irrigated,Groundnut,1.6,Long-term,Vegetables,Onion,131,11417,39229
23.12,83.78,Plateau,Entisol,Rainfed,Lentil,3.8,Short-term,Pulses,Gram,82,8145,17164
23.61,83.62,Plain,Alfisol,Irrigated,Pigeon Pea,4.8,Short-term,Pulses,Pigeon Pea,97,18747,69276
23.61,84.14,Plain,Alfisol,Tube-well,Millets,1.1,Mixed,Agroforestry,Rice+Lentil,223,26963,78854
23.1,83.84,Plain,Red Soil,Irrigated,Mango,2.8,Long-term,Oilseeds,Soybean,124,11487,33012
23.52,84.15,Plateau,Laterite,Tube-well,Black Gram,0.8,Short-term,Pulses,Black Gram,95,8367,22901
23.17,84.46,Plain,Alfisol,Rainfed,Cabbage,1.4,Perennial,Fruits,Banana,253,46251,174995
24.21,85.86,Hilly,Laterite,Tube-well,Maize+Mustard,0.9,Long-term,Cereals,Paddy,127,12030,44782
24.42,85.03,Hilly,Inceptisol,Irrigated,Coffee,2.3,Perennial,Cash Crops,Tobacco,240,47256,181392
23.11,85.59,Hilly,Laterite,Rainfed,Potato,4.2,Perennial,Fruits,Mango,351,49468,124087
24.43,85.28,Hilly,Inceptisol,Irrigated,Sugarcane,3.1,Short-term,Vegetables,Cauliflower,76,19173,51476
23.78,83.78,Plain,Alfisol,Rainfed,Sunflower,1.5,Mixed,Agroforestry,Rice+Lentil,337,73261,157459
23.45,85.34,Hilly,Laterite,Rainfed,Papaya,0.7,Mixed,Agroforestry,Rice+Lentil,234,66685,157164
23.12,84.19,Plateau,Laterite,Canal,Maize+Mustard,3.0,Perennial,Cash Crops,Sugarcane,303,39391,136077
23.75,85.1,Plateau,Laterite,Rainfed,Pea,1.1,Short-term,Cereals,Paddy,104,9242,28355
24.19,84.35,Plain,Red Soil,Irrigated,Sesame,2.0,Long-term,Cereals,Maize,140,19668,56917
24.06,85.99,Plateau,Laterite,Rainfed,Green Gram,2.8,Mixed,Agroforestry,Maize+Mustard,237,31205,103264
23.08,84.16,Hilly,Inceptisol,Rainfed,Mango,4.6,Short-term,Cereals,Barley,116,16329,37878
23.11,84.2,Plateau,Entisol,Tube-well,Pea,0.9,Perennial,Cash Crops,Tea,243,37474,132541
23.6,85.83,Hilly,Inceptisol,Rainfed,Jackfruit,3.5,Perennial,Cash Crops,Jute,189,40694,98251
23.44,83.56,Hilly,Laterite,Irrigated,Mango+Lentil,0.6,Short-term,Oilseeds,Soybean,90,29320,61067
23.35,85.24,Plateau,Laterite,Irrigated,Maize,3.3,Short-term,Vegetables,Tomato,85,11911,44283
23.42,85.31,Plateau,Entisol,Irrigated,Cabbage,3.0,Perennial,Cash Crops,Cotton,310,46469,173977
24.21,85.59,Hilly,Inceptisol,Tube-well,Mango,4.2,Short-term,Oilseeds,Groundnut,100,25677,70996
24.39,85.94,Plain,Alfisol,Irrigated,Maize,2.9,Short-term,Pulses,Pigeon Pea,99,18779,49722
23.61,85.94,Plain,Alfisol,Rainfed,Sugarcane,2.1,Long-term,Cereals,Maize,136,7825,25694
24.36,83.66,Plain,Red Soil,Canal,Wheat,1.6,Mixed,Agroforestry,Timber+Paddy,224,51142,193325
23.48,85.55,Plain,Alfisol,Rainfed,Pigeon Pea,0.9,Long-term,Cash Crops,Coffee,172,34627,105345
23.71,85.12,Plain,Red Soil,Irrigated,Pea,2.9,Long-term,Vegetables,Ladyfinger,135,25747,78965
23.34,85.12,Plateau,Entisol,Tube-well,Rice+Lentil,4.5,Perennial,Cash Crops,Coffee,215,87626,233056
23.96,83.82,Plain,Red Soil,Irrigated,Sugarcane,2.8,Perennial,Cash Crops,Sugarcane,342,51752,136420
24.47,85.13,Hilly,Laterite,Canal,Paddy,3.8,Short-term,Pulses,Pea,111,6133,12619
23.91,85.96,Plain,Red Soil,Irrigated,Soybean,1.8,Long-term,Vegetables,Cabbage,135,22956,81886
23.54,85.78,Plain,Red Soil,Canal,Ladyfinger,2.5,Perennial,Cash Crops,Tea,335,44802,154375
23.97,84.6,Plain,Alfisol,Tube-well,Pigeon Pea,2.0,Short-term,Vegetables,Cauliflower,89,11106,26148
23.18,83.6,Plain,Alfisol,Rainfed,Tobacco,1.0,Short-term,Oilseeds,Groundnut,110,19180,46821
24.33,84.41,Plateau,Entisol,Rainfed,Mango,2.4,Mixed,Agroforestry,Timber+Paddy,227,77748,168593
23.75,85.57,Plateau,Laterite,Rainfed,Rice+Lentil,3.9,Perennial,Fruits,Litchi,290,34717,125375
23.67,85.25,Plain,Alfisol,Irrigated,Paddy,2.3,Long-term,Cereals,Sorghum,174,15484,48117
23.88,84.65,Hilly,Inceptisol,Rainfed,Rice,3.4,Short-term,Vegetables,Cauliflower,93,10496,40938
23.94,83.64,Hilly,Inceptisol,Rainfed,Pea,3.9,Mixed,Agroforestry,Maize+Mustard,214,48310,173027
23.11,84.57,Plateau,Laterite,Rainfed,Potato,2.0,Mixed,Agroforestry,Mango+Lentil,188,63577,216797
24.02,84.67,Plateau,Laterite,Tube-well,Soybean,4.1,Short-term,Vegetables,Onion,85,23479,58141
23.36,85.82,Hilly,Laterite,Irrigated,Guava,2.0,Perennial,Fruits,Mango,325,20309,56791
24.07,85.1,Hilly,Inceptisol,Rainfed,Guava,1.7,Long-term,Cereals,Rice,164,16040,54787
24.23,84.28,Plateau,Entisol,Rainfed,Gram,1.5,Long-term,Cereals,Paddy,140,8681,26218
24.21,84.81,Plain,Alfisol,Rainfed,Cauliflower,1.4,Mixed,Agroforestry,Maize+Mustard,304,67314,162569
23.83,83.67,Hilly,Laterite,Rainfed,Niger,3.8,Short-term,Cereals,Barley,94,14041,52295
23.78,85.93,Plateau,Entisol,Rainfed,Maize,4.5,Perennial,Cash Crops,Tea,209,80587,283435
23.21,84.4,Plateau,Laterite,Tube-well,Soybean,1.5,Long-term,Cash Crops,Tea,176,62478,186450
24.16,84.69,Hilly,Laterite,Tube-well,Tea,0.9,Mixed,Agroforestry,Rice+Lentil,196,55194,185917
23.41,84.39,Hilly,Laterite,Rainfed,Millets,1.9,Mixed,Agroforestry,Rice+Lentil,264,32909,97153
23.75,85.21,Plain,Red Soil,Rainfed,Timber+Paddy,3.5,Long-term,Cereals,Maize,122,11826,30447
23.43,85.16,Hilly,Inceptisol,Rainfed,Sesame,2.2,Perennial,Fruits,Litchi,252,16369,41282
23.2,85.29,Hilly,Inceptisol,Rainfed,Tobacco,3.0,Long-term,Vegetables,Cabbage,137,10192,40304
23.94,84.17,Hilly,Laterite,Rainfed,Niger,3.8,Short-term,Oilseeds,Sunflower,118,10320,37557
23.08,84.29,Plateau,Entisol,Rainfed,Guava,2.3,Short-term,Pulses,Lentil,91,16180,47730
24.12,83.81,Plateau,Laterite,Rainfed,Green Gram,5.0,Long-term,Fruits,Guava,178,20136,51563
23.48,85.14,Plain,Alfisol,Irrigated,Rice+Lentil,1.8,Short-term,Pulses,Green Gram,98,19347,41278
23.0,83.6,Hilly,Inceptisol,Irrigated,Black Gram,4.9,Perennial,Fruits,Mango,225,40743,94805
23.77,84.99,Hilly,Laterite,Irrigated,Cotton,1.4,Short-term,Vegetables,Cabbage,114,28736,72322
23.07,85.67,Hilly,Laterite,Rainfed,Black Gram,1.0,Long-term,Cereals,Paddy,139,12315,40376
23.41,85.73,Plain,Red Soil,Tube-well,Cauliflower,3.9,Perennial,Fruits,Papaya,331,32203,80401
24.06,84.62,Hilly,Laterite,Tube-well,Sorghum,3.7,Perennial,Fruits,Litchi,255,22902,68563
23.09,84.65,Plateau,Entisol,Rainfed,Tea,4.2,Short-term,Oilseeds,Soybean,106,13278,27515
24.26,83.69,Hilly,Laterite,Rainfed,Mustard,2.0,Short-term,Pulses,Green Gram,115,14535,50224
23.01,85.18,Plateau,Entisol,Irrigated,Sunflower,4.7,Long-term,Oilseeds,Groundnut,123,28305,108476
23.37,85.55,Plateau,Laterite,Rainfed,Maize,1.0,Long-term,Vegetables,Tomato,139,12868,29696
24.11,84.11,Plain,Alfisol,Rainfed,Tobacco,0.6,Short-term,Pulses,Gram,104,7505,20106
23.47,84.55,Plain,Red Soil,Irrigated,Brinjal,1.9,Short-term,Pulses,Lentil,115,6108,14895
23.15,85.6,Plateau,Entisol,Irrigated,Green Gram,4.1,Perennial,Cash Crops,Sugarcane,293,98617,314018
23.54,85.69,Plateau,Entisol,Rainfed,Lentil,3.5,Short-term,Pulses,Green Gram,118,19577,77875
23.41,84.11,Plain,Alfisol,Irrigated,Potato,2.5,Perennial,Fruits,Mango,218,48439,151845
24.26,84.88,Plain,Red Soil,Tube-well,Mango+Lentil,1.7,Perennial,Fruits,Litchi,218,43843,108118
23.47,83.98,Plain,Red Soil,Rainfed,Gram,0.8,Long-term,Cereals,Wheat,122,8477,24078
24.18,83.75,Plateau,Laterite,Irrigated,Sunflower,2.0,Short-term,Oilseeds,Mustard,96,22702,80993
24.34,85.78,Plain,Red Soil,Rainfed,Groundnut,2.6,Short-term,Vegetables,Potato,95,20939,60642
23.65,85.55,Hilly,Inceptisol,Rainfed,Groundnut,3.6,Mixed,Agroforestry,Mango+Lentil,292,73700,238665
24.36,85.4,Plateau,Entisol,Irrigated,Banana,3.4,Short-term,Pulses,Black Gram,90,14316,50331
23.57,83.62,Plain,Alfisol,Rainfed,Groundnut,4.8,Short-term,Pulses,Pea,95,15846,40356
24.45,85.61,Hilly,Laterite,Rainfed,Mustard,1.0,Mixed,Agroforestry,Maize+Mustard,322,52124,129994
23.13,84.6,Plain,Alfisol,Rainfed,Tobacco,2.0,Short-term,Pulses,Gram,108,16763,56285
24.03,84.36,Plateau,Entisol,Irrigated,Tomato,2.7,Perennial,Fruits,Papaya,354,20797,66615
23.74,84.87,Plain,Red Soil,Irrigated,Mango+Lentil,3.5,Perennial,Cash Crops,Tea,267,62500,234266
23.58,83.73,Hilly,Laterite,Rainfed,Cotton,2.7,Mixed,Agroforestry,Mango+Lentil,324,51951,144596
23.95,85.39,Hilly,Inceptisol,Irrigated,Papaya,4.6,Perennial,Fruits,Guava,319,26021,73241
24.06,84.96,Plain,Red Soil,Rainfed,Maize,3.2,Long-term,Fruits,Papaya,176,33371,104291
23.01,83.97,Plain,Red Soil,Irrigated,Pea,0.7,Mixed,Agroforestry,Timber+Paddy,359,52824,178241
23.25,83.97,Hilly,Laterite,Rainfed,Tomato,1.0,Mixed,Agroforestry,Timber+Paddy,190,37097,144913
24.07,83.96,Plain,Red Soil,Irrigated,Wheat,3.9,Mixed,Agroforestry,Banana+Pea,236,23354,64620
24.0,83.64,Plateau,Entisol,Tube-well,Mango,3.7,Perennial,Fruits,Banana,270,25760,56288
24.45,84.97,Plateau,Entisol,Tube-well,Jackfruit,1.2,Mixed,Agroforestry,Banana+Pea,182,32431,83188
24.14,85.6,Hilly,Inceptisol,Rainfed,Pea,0.8,Short-term,Oilseeds,Sesame,90,8671,19803
24.43,83.54,Hilly,Inceptisol,Canal,Maize+Mustard,3.1,Short-term,Pulses,Lentil,109,15257,35638
24.05,83.62,Hilly,Inceptisol,Rainfed,Sunflower,3.4,Perennial,Fruits,Mango,309,33665,96535
23.45,84.93,Plateau,Laterite,Tube-well,Sugarcane,1.1,Short-term,Vegetables,Ladyfinger,76,18700,38428
23.16,85.55,Hilly,Inceptisol,Rainfed,Millets,2.6,Long-term,Cereals,Sorghum,120,9594,33799
24.17,84.32,Plain,Alfisol,Rainfed,Rice+Lentil,1.9,Short-term,Oilseeds,Niger,118,27813,103379
23.97,84.37,Plain,Red Soil,Rainfed,Sesame,4.7,Perennial,Fruits,Papaya,364,23597,57074
23.07,84.99,Hilly,Laterite,Rainfed,Lentil,1.5,Short-term,Pulses,Gram,102,6146,24258
23.54,84.19,Hilly,Laterite,Irrigated,Gram,3.8,Long-term,Cereals,Maize,126,17601,40551
24.44,83.57,Hilly,Inceptisol,Tube-well,Onion,2.8,Perennial,Fruits,Jackfruit,354,35824,136192
23.75,85.34,Plain,Red Soil,Irrigated,Litchi,0.6,Long-term,Cereals,Millets,129,13872,28118
23.65,85.06,Plateau,Laterite,Irrigated,Timber+Paddy,2.8,Short-term,Pulses,Green Gram,88,18329,50496
23.69,84.95,Plain,Red Soil,Irrigated,Sorghum,0.9,Long-term,Vegetables,Potato,131,8805,23962
23.31,85.35,Plain,Alfisol,Rainfed,Tomato,3.5,Mixed,Agroforestry,Timber+Paddy,363,32716,73497
23.55,85.19,Hilly,Laterite,Rainfed,Banana,3.0,Perennial,Fruits,Guava,191,13449,27330
23.55,84.01,Plain,Red Soil,Rainfed,Maize+Mustard,0.5,Short-term,Oilseeds,Soybean,99,13191,34890
23.08,84.38,Hilly,Inceptisol,Rainfed,Rice,1.4,Perennial,Fruits,Guava,270,11365,29526
24.15,83.82,Plain,Red Soil,Rainfed,Maize+Mustard,4.0,Mixed,Agroforestry,Timber+Paddy,188,17232,53783
23.62,83.82,Hilly,Inceptisol,Rainfed,Brinjal,1.7,Long-term,Vegetables,Tomato,133,12445,40063
24.23,85.19,Hilly,Inceptisol,Rainfed,Green Gram,2.7,Short-term,Cereals,Sorghum,99,13168,37755
24.28,85.65,Plain,Red Soil,Rainfed,Groundnut,1.9,Perennial,Fruits,Guava,288,37156,111677
23.32,85.91,Plain,Alfisol,Tube-well,Ladyfinger,4.6,Perennial,Cash Crops,Cotton,295,92771,247508
23.99,85.07,Plateau,Laterite,Rainfed,Litchi,2.9,Mixed,Agroforestry,Rice+Lentil,313,62082,235466
23.71,83.96,Hilly,Laterite,Irrigated,Rice,3.6,Long-term,Cereals,Millets,149,13303,33212
24.32,83.76,Hilly,Laterite,Irrigated,Sunflower,0.9,Short-term,Vegetables,Tomato,99,28779,68224
23.32,85.53,Plain,Red Soil,Irrigated,Groundnut,0.7,Short-term,Vegetables,Onion,77,18082,66982
24.02,84.95,Hilly,Inceptisol,Rainfed,Coffee,1.7,Short-term,Cereals,Wheat,119,19306,69561
23.91,85.05,Hilly,Laterite,Rainfed,Pea,1.9,Short-term,Oilseeds,Niger,109,29997,95864
23.44,85.45,Hilly,Laterite,Rainfed,Tobacco,3.6,Short-term,Pulses,Pigeon Pea,107,6346,21512
23.2,85.26,Plateau,Laterite,Rainfed,Litchi,3.1,Mixed,Agroforestry,Maize+Mustard,359,52380,167044
23.98,85.59,Plain,Alfisol,Rainfed,Pea,2.2,Long-term,Vegetables,Cabbage,134,21107,47672
24.11,83.64,Plain,Alfisol,Irrigated,Cotton,3.4,Perennial,Fruits,Banana,261,14902,54293
23.47,85.37,Plateau,Laterite,Irrigated,Millets,1.2,Long-term,Cereals,Rice,132,7043,17462
23.97,85.63,Plateau,Entisol,Irrigated,Banana,0.8,Perennial,Fruits,Mango,216,27007,104213
23.59,84.22,Plain,Alfisol,Rainfed,Banana,4.3,Perennial,Fruits,Guava,193,48208,129680
24.07,85.1,Hilly,Laterite,Rainfed,Green Gram,3.0,Mixed,Agroforestry,Timber+Paddy,210,48683,181087
23.3,84.29,Plain,Red Soil,Canal,Mango+Lentil,3.4,Long-term,Oilseeds,Soybean,123,9179,28805
24.34,85.89,Plain,Red Soil,Rainfed,Black Gram,1.9,Mixed,Agroforestry,Mango+Lentil,255,61641,163195
23.43,83.58,Plain,Red Soil,Irrigated,Maize+Mustard,2.2,Mixed,Agroforestry,Timber+Paddy,260,62344,246355
23.55,84.95,Plain,Red Soil,Irrigated,Wheat,0.9,Perennial,Fruits,Litchi,232,11589,42048
23.09,83.92,Plateau,Entisol,Rainfed,Gram,4.4,Long-term,Oilseeds,Mustard,129,16803,61256
23.17,85.28,Hilly,Laterite,Rainfed,Timber+Paddy,3.2,Short-term,Pulses,Lentil,86,15392,35281
23.77,83.94,Plain,Red Soil,Rainfed,Lentil,0.9,Long-term,Vegetables,Cabbage,136,18328,58294
23.4,84.09,Plain,Red Soil,Rainfed,Gram,4.1,Mixed,Agroforestry,Maize+Mustard,351,71235,271066
24.25,84.74,Plateau,Laterite,Rainfed,Maize,2.5,Perennial,Fruits,Banana,314,40235,142658
23.02,85.79,Plain,Red Soil,Rainfed,Lentil,3.9,Long-term,Cereals,Rice,143,13346,27838
23.57,84.03,Hilly,Inceptisol,Rainfed,Green Gram,0.6,Mixed,Agroforestry,Maize+Mustard,219,17216,61847
23.51,83.86,Plain,Red Soil,Irrigated,Lentil,0.6,Short-term,Pulses,Lentil,94,6516,24274
23.03,85.4,Hilly,Inceptisol,Canal,Litchi,1.3,Short-term,Pulses,Lentil,114,6526,24854
23.19,84.75,Plain,Red Soil,Rainfed,Onion,1.4,Short-term,Cereals,Maize,110,11520,36646
23.62,85.78,Plain,Red Soil,Tube-well,Gram,3.9,Perennial,Cash Crops,Cotton,234,67624,213633
23.74,83.87,Plain,Red Soil,Tube-well,Litchi,3.7,Short-term,Cereals,Sorghum,93,11640,30025
23.61,85.11,Plain,Alfisol,Tube-well,Litchi,3.3,Mixed,Agroforestry,Maize+Mustard,334,45222,100084
23.8,84.08,Hilly,Laterite,Canal,Sunflower,4.5,Mixed,Agroforestry,Banana+Pea,242,78420,311477
23.89,83.89,Hilly,Laterite,Rainfed,Niger,1.6,Mixed,Agroforestry,Rice+Lentil,339,57024,171695
23.01,85.21,Plain,Red Soil,Rainfed,Maize,4.6,Long-term,Cereals,Paddy,155,8871,33695
23.7,84.98,Plain,Red Soil,Irrigated,Guava,4.6,Perennial,Fruits,Banana,322,22546,85618
24.45,85.39,Hilly,Laterite,Irrigated,Pea,2.5,Long-term,Oilseeds,Soybean,127,26870,78465
23.78,84.27,Hilly,Laterite,Canal,Papaya,0.9,Perennial,Cash Crops,Sugarcane,359,51879,186312
24.02,84.62,Plateau,Laterite,Tube-well,Maize+Mustard,3.8,Perennial,Cash Crops,Tobacco,292,98771,202731
23.47,84.51,Hilly,Inceptisol,Irrigated,Sesame,2.0,Perennial,Cash Crops,Tea,319,97508,300514
24.16,85.96,Hilly,Laterite,Rainfed,Black Gram,4.1,Short-term,Pulses,Pea,93,16583,37706
24.16,84.23,Hilly,Laterite,Rainfed,Brinjal,1.2,Short-term,Pulses,Green Gram,94,18596,68577
23.78,84.24,Plateau,Laterite,Rainfed,Pigeon Pea,2.9,Short-term,Oilseeds,Groundnut,92,14818,54144
24.46,84.39,Plateau,Entisol,Irrigated,Lentil,2.8,Short-term,Oilseeds,Soybean,95,17037,38259
23.19,84.91,Plain,Alfisol,Irrigated,Cauliflower,1.0,Short-term,Oilseeds,Mustard,102,27999,62803
23.03,84.13,Plain,Red Soil,Canal,Onion,2.1,Perennial,Cash Crops,Cotton,206,53761,186763
24.16,85.79,Plain,Alfisol,Irrigated,Onion,0.9,Long-term,Cereals,Millets,152,15315,57624
24.21,84.16,Hilly,Laterite,Tube-well,Lentil,2.6,Long-term,Oilseeds,Groundnut,122,20793,68128
23.18,85.74,Plateau,Laterite,Irrigated,Black Gram,4.3,Mixed,Agroforestry,Maize+Mustard,192,54814,125265
23.4,83.76,Hilly,Inceptisol,Canal,Pigeon Pea,1.7,Short-term,Vegetables,Cabbage,92,24989,93864
23.03,85.14,Plain,Red Soil,Rainfed,Tobacco,3.9,Short-term,Vegetables,Cabbage,108,17256,35029
23.44,85.77,Plateau,Entisol,Canal,Banana,1.3,Mixed,Agroforestry,Maize+Mustard,278,29676,112311
24.16,83.92,Plateau,Entisol,Irrigated,Gram,3.5,Long-term,Vegetables,Onion,139,10308,25408
23.78,85.92,Plain,Alfisol,Rainfed,Pea,4.6,Short-term,Oilseeds,Sunflower,114,16268,51229
23.52,84.63,Hilly,Laterite,Rainfed,Onion,2.0,Long-term,Fruits,Banana,166,14439,44249
23.56,85.86,Hilly,Laterite,Tube-well,Tea,4.6,Long-term,Vegetables,Onion,147,14389,57353
23.0,85.19,Plateau,Laterite,Rainfed,Banana+Pea,2.8,Perennial,Fruits,Jackfruit,222,27229,79726
23.45,84.25,Plateau,Laterite,Rainfed,Lentil,1.9,Short-term,Cereals,Rice,114,6332,23893
23.97,83.97,Hilly,Laterite,Rainfed,Mango+Lentil,4.5,Perennial,Fruits,Litchi,231,46062,141612
24.46,84.26,Hilly,Laterite,Irrigated,Gram,0.6,Perennial,Cash Crops,Tea,315,86030,307774
24.27,83.73,Plateau,Laterite,Canal,Maize,0.6,Mixed,Agroforestry,Rice+Lentil,272,29722,107768
23.04,83.86,Hilly,Inceptisol,Rainfed,Sesame,3.2,Long-term,Oilseeds,Niger,125,29467,111646
24.35,83.76,Plain,Red Soil,Rainfed,Jute,4.1,Short-term,Pulses,Lentil,119,19205,40011
24.17,84.56,Plateau,Laterite,Tube-well,Sunflower,3.9,Short-term,Vegetables,Tomato,89,22794,75736
24.17,85.49,Plain,Red Soil,Irrigated,Tea,0.9,Perennial,Fruits,Banana,221,26026,83149
23.69,83.85,Plain,Alfisol,Canal,Banana,4.8,Mixed,Agroforestry,Maize+Mustard,245,36858,77048
23.6,83.83,Plateau,Entisol,Rainfed,Soybean,3.7,Short-term,Pulses,Pea,98,9815,21807
23.45,85.11,Plateau,Entisol,Rainfed,Niger,4.8,Short-term,Oilseeds,Niger,115,16727,47986
23.1,83.99,Hilly,Laterite,Rainfed,Cabbage,2.0,Long-term,Fruits,Jackfruit,167,34708,85372
23.34,83.74,Plain,Alfisol,Irrigated,Millets,3.6,Mixed,Agroforestry,Rice+Lentil,184,78756,260762
23.37,83.92,Plain,Alfisol,Rainfed,Paddy,4.4,Perennial,Fruits,Banana,314,32428,68945
23.73,85.81,Plain,Red Soil,Rainfed,Lentil,2.2,Perennial,Fruits,Jackfruit,325,48273,171024
24.12,85.55,Plain,Red Soil,Rainfed,Tomato,4.8,Long-term,Cereals,Maize,124,7258,23618
23.71,84.39,Plateau,Laterite,Rainfed,Coffee,1.7,Long-term,Oilseeds,Mustard,127,18768,63264
23.09,85.14,Plain,Alfisol,Canal,Pigeon Pea,1.9,Short-term,Oilseeds,Niger,92,18333,68968
24.44,84.84,Hilly,Laterite,Rainfed,Wheat,4.6,Short-term,Oilseeds,Groundnut,111,14120,30717
24.41,85.19,Plain,Red Soil,Irrigated,Cabbage,4.9,Mixed,Agroforestry,Maize+Mustard,240,47810,134217
24.18,85.21,Plateau,Laterite,Tube-well,Tea,1.8,Short-term,Pulses,Pigeon Pea,90,11849,30384
24.49,85.07,Plain,Red Soil,Rainfed,Barley,1.1,Perennial,Cash Crops,Cotton,240,70029,174712
23.82,84.17,Plain,Red Soil,Irrigated,Paddy,3.9,Perennial,Fruits,Mango,186,32424,72300
24.44,83.6,Plain,Red Soil,Tube-well,Millets,4.7,Mixed,Agroforestry,Mango+Lentil,309,56207,222170
23.11,84.64,Hilly,Inceptisol,Tube-well,Cabbage,3.2,Short-term,Oilseeds,Soybean,103,17380,68881
23.55,85.73,Hilly,Laterite,Rainfed,Pea,3.4,Perennial,Fruits,Jackfruit,362,14965,30098
23.34,84.92,Hilly,Inceptisol,Rainfed,Maize+Mustard,3.9,Long-term,Cereals,Barley,170,6932,14057
23.29,85.58,Hilly,Inceptisol,Rainfed,Tomato,1.2,Mixed,Agroforestry,Timber+Paddy,188,52782,178978
23.21,85.98,Plain,Red Soil,Irrigated,Banana,4.9,Mixed,Agroforestry,Banana+Pea,308,18373,61895
23.93,83.91,Hilly,Inceptisol,Irrigated,Brinjal,2.1,Short-term,Pulses,Pea,116,8537,24998
24.17,85.23,Hilly,Inceptisol,Irrigated,Jute,3.3,Short-term,Vegetables,Cabbage,74,28316,86327
23.87,85.19,Plain,Alfisol,Rainfed,Rice,2.6,Mixed,Agroforestry,Maize+Mustard,224,16610,50208
23.22,85.95,Plain,Red Soil,Rainfed,Papaya,2.6,Mixed,Agroforestry,Banana+Pea,222,41759,139143
24.22,85.96,Plain,Alfisol,Irrigated,Lentil,3.7,Short-term,Cereals,Maize,100,5155,18470
23.95,85.22,Plain,Alfisol,Rainfed,Lentil,5.0,Mixed,Agroforestry,Maize+Mustard,251,75261,166425
23.58,84.11,Hilly,Inceptisol,Irrigated,Cabbage,3.5,Perennial,Cash Crops,Tea,284,53217,201395
24.01,85.5,Plain,Alfisol,Rainfed,Wheat,4.1,Long-term,Cash Crops,Cotton,152,53837,111691
23.39,83.77,Plain,Red Soil,Rainfed,Groundnut,0.6,Long-term,Fruits,Guava,164,23867,66403
23.52,85.45,Plain,Red Soil,Rainfed,Maize+Mustard,4.1,Long-term,Vegetables,Ladyfinger,145,19932,50849
24.38,85.78,Plateau,Entisol,Rainfed,Millets,1.8,Perennial,Cash Crops,Tea,311,93071,354802
23.44,84.46,Plateau,Laterite,Rainfed,Green Gram,1.1,Mixed,Agroforestry,Maize+Mustard,231,19149,76227
23.7,85.08,Plain,Red Soil,Rainfed,Sugarcane,1.0,Perennial,Fruits,Jackfruit,331,13212,42071
24.34,84.58,Plain,Alfisol,Rainfed,Niger,3.6,Short-term,Oilseeds,Mustard,91,22929,72923
24.06,84.59,Plain,Red Soil,Rainfed,Soybean,5.0,Mixed,Agroforestry,Mango+Lentil,257,46285,135016
23.09,84.28,Hilly,Laterite,Rainfed,Sugarcane,3.5,Long-term,Cereals,Barley,132,13162,37511
23.22,85.41,Plain,Alfisol,Irrigated,Pea,1.7,Perennial,Cash Crops,Jute,285,86082,339733
23.01,85.84,Hilly,Inceptisol,Rainfed,Rice,1.4,Mixed,Agroforestry,Timber+Paddy,251,49736,195607
23.95,85.85,Hilly,Laterite,Irrigated,Black Gram,2.9,Perennial,Fruits,Guava,215,33376,111720
23.67,83.94,Plateau,Laterite,Irrigated,Banana+Pea,0.8,Short-term,Cereals,Rice,116,15277,56919
23.2,85.69,Plain,Red Soil,Irrigated,Papaya,2.3,Short-term,Vegetables,Potato,119,19622,55832
24.44,85.34,Plateau,Laterite,Tube-well,Sunflower,3.5,Long-term,Cereals,Millets,142,19375,66820
23.79,84.13,Plateau,Entisol,Rainfed,Sorghum,4.9,Short-term,Pulses,Black Gram,119,12837,30411
23.36,83.67,Plain,Alfisol,Irrigated,Papaya,2.4,Short-term,Pulses,Pigeon Pea,111,15839,35875
23.75,84.17,Plain,Alfisol,Tube-well,Paddy,1.4,Perennial,Cash Crops,Sugarcane,238,51519,166424
24.02,85.78,Plain,Alfisol,Canal,Green Gram,4.2,Long-term,Cash Crops,Cotton,173,91842,196257
23.11,85.08,Plain,Alfisol,Rainfed,Barley,3.8,Long-term,Cereals,Paddy,153,15272,47485
23.41,85.3,Plain,Red Soil,Rainfed,Millets,4.4,Long-term,Oilseeds,Mustard,122,28675,73474
24.21,84.14,Hilly,Laterite,Rainfed,Cotton,1.5,Perennial,Cash Crops,Tea,228,31164,95029
23.69,85.3,Hilly,Inceptisol,Irrigated,Paddy,2.3,Short-term,Vegetables,Brinjal,99,27305,66108
23.82,83.57,Plateau,Entisol,Irrigated,Banana,4.9,Perennial,Cash Crops,Tea,289,32015,78631
23.65,84.44,Plain,Alfisol,Rainfed,Pea,1.2,Long-term,Cash Crops,Coffee,172,60975,163470
23.07,85.07,Plateau,Laterite,Irrigated,Sorghum,3.5,Perennial,Cash Crops,Tobacco,283,20118,68874
23.25,83.87,Plain,Red Soil,Irrigated,Maize,1.6,Short-term,Pulses,Black Gram,89,19765,57405
23.67,85.56,Plateau,Laterite,Rainfed,Onion,2.8,Long-term,Cereals,Rice,168,13705,43349
23.31,84.09,Plain,Alfisol,Canal,Brinjal,4.1,Short-term,Vegetables,Potato,80,13631,46995
23.07,85.13,Plain,Alfisol,Irrigated,Mango,2.7,Short-term,Vegetables,Cauliflower,71,11716,46570
24.27,84.51,Plateau,Entisol,Rainfed,Mustard,4.1,Short-term,Vegetables,Cabbage,73,13273,35243
24.47,84.99,Plain,Alfisol,Irrigated,Tobacco,2.4,Long-term,Fruits,Banana,175,35414,141082
24.19,83.77,Hilly,Inceptisol,Rainfed,Jackfruit,5.0,Perennial,Fruits,Mango,321,48169,192270
24.28,83.54,Hilly,Laterite,Irrigated,Brinjal,2.5,Short-term,Oilseeds,Groundnut,112,11963,37780
23.36,85.77,Hilly,Inceptisol,Tube-well,Maize+Mustard,1.2,Perennial,Cash Crops,Tobacco,194,47166,137706
24.44,84.17,Hilly,Laterite,Canal,Coffee,2.3,Perennial,Fruits,Litchi,209,22286,73807
23.3,85.55,Plateau,Laterite,Rainfed,Maize,3.8,Long-term,Vegetables,Cabbage,131,21721,82676
24.43,86.0,Plain,Red Soil,Rainfed,Jute,4.3,Mixed,Agroforestry,Rice+Lentil,267,53258,119359
24.49,84.03,Hilly,Laterite,Rainfed,Green Gram,2.6,Short-term,Vegetables,Cauliflower,113,8218,16969
24.07,84.16,Plateau,Laterite,Irrigated,Cotton,3.2,Short-term,Pulses,Green Gram,80,9341,23764
24.47,85.16,Plain,Alfisol,Rainfed,Cauliflower,4.3,Long-term,Cereals,Paddy,158,14916,56613
23.85,85.91,Plain,Alfisol,Irrigated,Rice,4.2,Short-term,Pulses,Pea,89,14240,52881
23.39,85.79,Plateau,Entisol,Rainfed,Black Gram,3.5,Mixed,Agroforestry,Rice+Lentil,339,79305,177116
23.66,84.76,Hilly,Laterite,Rainfed,Gram,4.2,Short-term,Pulses,Green Gram,110,11696,27373
23.89,85.49,Hilly,Laterite,Rainfed,Niger,3.1,Short-term,Oilseeds,Niger,105,15707,46936
23.11,83.84,Plain,Red Soil,Tube-well,Lentil,0.5,Short-term,Pulses,Black Gram,113,18366,70978
23.93,85.94,Hilly,Laterite,Irrigated,Banana,0.7,Long-term,Cereals,Millets,131,9870,31686
24.47,85.91,Plain,Red Soil,Rainfed,Mustard,4.9,Short-term,Oilseeds,Mustard,95,16339,54980
23.29,83.91,Hilly,Laterite,Rainfed,Mango,1.2,Short-term,Oilseeds,Sunflower,111,8596,32026
24.19,84.25,Plateau,Entisol,Irrigated,Sesame,2.3,Short-term,Oilseeds,Niger,119,24032,51382
24.36,83.75,Plain,Red Soil,Rainfed,Timber+Paddy,4.7,Mixed,Agroforestry,Mango+Lentil,233,73590,221673
24.42,84.18,Hilly,Laterite,Irrigated,Mango+Lentil,1.4,Short-term,Vegetables,Cauliflower,109,8443,22859
24.44,85.54,Plateau,Entisol,Canal,Millets,4.3,Short-term,Cereals,Paddy,99,6801,14527
23.78,84.45,Hilly,Laterite,Irrigated,Sugarcane,4.2,Short-term,Pulses,Lentil,115,18521,61277
24.47,83.72,Plateau,Entisol,Irrigated,Coffee,4.9,Long-term,Cereals,Maize,172,7922,24698
24.14,84.36,Hilly,Inceptisol,Irrigated,Timber+Paddy,1.8,Short-term,Vegetables,Brinjal,118,8919,22842
23.24,85.95,Plateau,Entisol,Tube-well,Onion,1.9,Long-term,Vegetables,Brinjal,141,26337,104394
23.72,85.07,Plain,Red Soil,Tube-well,Green Gram,4.6,Short-term,Pulses,Black Gram,80,15863,47583
24.08,84.54,Plain,Alfisol,Irrigated,Brinjal,1.6,Short-term,Pulses,Green Gram,104,16358,44850
23.37,83.92,Plain,Alfisol,Rainfed,Tea,3.0,Short-term,Pulses,Pea,82,16580,54126
23.96,85.97,Hilly,Laterite,Rainfed,Sugarcane,3.7,Perennial,Cash Crops,Jute,285,35231,82302
24.0,85.55,Plateau,Entisol,Rainfed,Potato,1.7,Perennial,Fruits,Papaya,258,19770,53039
23.24,84.2,Plain,Red Soil,Irrigated,Cotton,4.7,Long-term,Cash Crops,Cotton,160,30401,100867
23.85,83.68,Hilly,Laterite,Irrigated,Tea,3.5,Perennial,Fruits,Papaya,303,15759,39273
24.16,83.64,Plateau,Entisol,Rainfed,Sunflower,0.7,Long-term,Cereals,Rice,176,6129,17254
23.75,83.8,Hilly,Laterite,Rainfed,Pea,1.1,Long-term,Cereals,Paddy,139,10641,35183
23.02,84.95,Plain,Red Soil,Rainfed,Brinjal,1.4,Long-term,Vegetables,Potato,125,22453,49703
23.01,85.82,Hilly,Inceptisol,Canal,Wheat,1.6,Short-term,Pulses,Black Gram,117,5559,20483
23.54,84.74,Plain,Alfisol,Irrigated,Jute,3.8,Mixed,Agroforestry,Banana+Pea,254,77580,179974
24.39,85.61,Plain,Alfisol,Irrigated,Mustard,0.9,Short-term,Oilseeds,Groundnut,109,29796,118981
23.34,84.61,Plateau,Entisol,Rainfed,Mango+Lentil,2.1,Long-term,Cereals,Barley,166,12347,44678
23.95,85.27,Plain,Red Soil,Irrigated,Wheat,4.6,Short-term,Pulses,Pigeon Pea,99,6382,16444
23.33,85.33,Plain,Alfisol,Rainfed,Niger,3.0,Perennial,Cash Crops,Tobacco,215,89034,341396
23.48,83.93,Plateau,Entisol,Irrigated,Groundnut,1.7,Short-term,Pulses,Pea,87,7137,21929
24.27,84.4,Plain,Alfisol,Rainfed,Banana+Pea,4.8,Short-term,Oilseeds,Sesame,110,23620,62063
24.09,85.09,Hilly,Laterite,Rainfed,Onion,1.6,Short-term,Pulses,Black Gram,88,9496,25890
23.14,83.68,Plain,Red Soil,Rainfed,Rice,4.6,Long-term,Oilseeds,Soybean,129,21310,77783
23.64,84.4,Plain,Red Soil,Rainfed,Wheat,3.8,Short-term,Oilseeds,Mustard,100,9702,27898
23.04,84.84,Plain,Red Soil,Tube-well,Mango,3.8,Short-term,Pulses,Pigeon Pea,100,9251,18515
23.72,85.99,Plain,Red Soil,Rainfed,Wheat,3.9,Long-term,Vegetables,Brinjal,142,17388,42866
23.99,84.69,Hilly,Inceptisol,Rainfed,Guava,2.8,Short-term,Pulses,Gram,83,17068,42153
23.18,85.54,Plateau,Laterite,Irrigated,Pea,4.2,Mixed,Agroforestry,Rice+Lentil,360,68030,227589
23.43,84.58,Hilly,Laterite,Canal,Niger,4.3,Short-term,Cereals,Sorghum,102,5529,16829
23.6,85.49,Plateau,Laterite,Rainfed,Timber+Paddy,2.1,Mixed,Agroforestry,Maize+Mustard,184,16286,34762
24.38,84.99,Plain,Alfisol,Irrigated,Groundnut,2.3,Long-term,Oilseeds,Soybean,127,25945,57518
24.49,85.72,Hilly,Inceptisol,Canal,Green Gram,4.5,Perennial,Cash Crops,Jute,201,86196,323026
23.07,84.53,Hilly,Laterite,Rainfed,Gram,2.9,Long-term,Cash Crops,Jute,151,77279,190166
24.14,85.01,Plateau,Entisol,Rainfed,Litchi,4.4,Long-term,Cereals,Maize,127,12192,46822
23.56,85.08,Plain,Red Soil,Rainfed,Onion,3.3,Short-term,Vegetables,Cabbage,103,19145,63234
23.59,84.54,Hilly,Inceptisol,Canal,Rice+Lentil,3.2,Short-term,Oilseeds,Soybean,116,25280,73811
24.13,83.86,Plateau,Entisol,Rainfed,Potato,0.6,Long-term,Vegetables,Tomato,143,26752,66826
24.38,83.73,Plain,Red Soil,Rainfed,Tobacco,1.8,Long-term,Vegetables,Cabbage,146,24398,92884
24.43,83.54,Plateau,Entisol,Irrigated,Mango+Lentil,2.8,Short-term,Pulses,Green Gram,90,6656,22751
23.87,85.68,Plain,Red Soil,Irrigated,Papaya,3.1,Short-term,Cereals,Barley,109,6763,22259
23.54,84.09,Plateau,Laterite,Rainfed,Millets,3.3,Short-term,Pulses,Lentil,94,11910,26437
24.18,84.03,Plateau,Laterite,Irrigated,Sesame,3.7,Perennial,Fruits,Papaya,310,18101,44269
23.38,85.34,Hilly,Inceptisol,Rainfed,Jute,3.5,Long-term,Vegetables,Tomato,127,21182,48586
23.85,84.3,Hilly,Inceptisol,Rainfed,Mango,4.3,Short-term,Cereals,Rice,103,18942,73215
23.54,84.77,Plain,Red Soil,Irrigated,Barley,1.8,Short-term,Vegetables,Potato,115,8571,24541
23.98,83.91,Plateau,Laterite,Tube-well,Paddy,3.4,Short-term,Vegetables,Tomato,117,23014,54602
23.36,85.9,Hilly,Inceptisol,Rainfed,Pea,0.7,Perennial,Cash Crops,Tea,307,63477,214404
23.29,85.63,Plain,Red Soil,Canal,Pea,2.7,Short-term,Oilseeds,Soybean,95,27881,77642
24.38,85.66,Hilly,Inceptisol,Irrigated,Banana,1.7,Short-term,Oilseeds,Groundnut,92,25157,94330
23.15,84.52,Hilly,Inceptisol,Rainfed,Tea,2.2,Short-term,Pulses,Lentil,117,14595,57938
23.76,85.41,Plain,Alfisol,Irrigated,Pea,2.1,Perennial,Cash Crops,Tea,195,33360,102808
23.33,83.86,Plain,Red Soil,Rainfed,Jute,0.8,Mixed,Agroforestry,Maize+Mustard,281,54210,139873
23.06,83.52,Plain,Red Soil,Tube-well,Jute,2.6,Short-term,Vegetables,Cauliflower,98,8973,27940
23.05,83.55,Hilly,Inceptisol,Canal,Coffee,5.0,Long-term,Oilseeds,Sesame,126,13147,29737
23.26,84.97,Hilly,Laterite,Rainfed,Tomato,1.8,Mixed,Agroforestry,Maize+Mustard,232,28595,58511
24.3,84.64,Hilly,Laterite,Rainfed,Green Gram,3.8,Short-term,Oilseeds,Sesame,98,13468,40454
23.42,84.8,Plateau,Entisol,Rainfed,Pigeon Pea,3.0,Long-term,Cereals,Paddy,126,10678,24693
24.43,83.52,Plateau,Entisol,Rainfed,Niger,2.0,Mixed,Agroforestry,Timber+Paddy,184,43753,173271
23.87,84.56,Hilly,Laterite,Rainfed,Banana,0.9,Perennial,Fruits,Banana,196,34603,92514
23.65,85.3,Plain,Alfisol,Rainfed,Tobacco,1.5,Short-term,Pulses,Gram,86,5193,19169
23.87,84.61,Hilly,Laterite,Irrigated,Sorghum,4.0,Short-term,Pulses,Lentil,115,11401,24539
23.78,85.33,Hilly,Inceptisol,Rainfed,Coffee,1.8,Perennial,Cash Crops,Jute,292,81012,319066
24.14,84.08,Hilly,Inceptisol,Canal,Niger,1.1,Long-term,Oilseeds,Mustard,129,29845,91925
23.42,85.53,Hilly,Laterite,Canal,Coffee,2.0,Short-term,Vegetables,Cauliflower,113,27635,93091
23.53,84.97,Plain,Red Soil,Rainfed,Mustard,3.1,Short-term,Pulses,Black Gram,86,16678,56212
24.34,84.03,Plateau,Laterite,Canal,Litchi,3.7,Short-term,Cereals,Rice,94,12407,32059
24.42,84.09,Plain,Red Soil,Rainfed,Banana,2.2,Short-term,Pulses,Black Gram,90,16731,44642
24.34,85.07,Hilly,Laterite,Rainfed,Tea,2.7,Short-term,Oilseeds,Niger,105,23980,69898
23.63,85.57,Plain,Alfisol,Irrigated,Tobacco,2.5,Perennial,Fruits,Banana,255,16934,43119
24.17,84.54,Plateau,Entisol,Rainfed,Niger,0.5,Perennial,Cash Crops,Coffee,225,43249,122548
23.71,84.15,Plain,Red Soil,Irrigated,Timber+Paddy,2.3,Long-term,Vegetables,Tomato,138,8765,20245
23.75,85.67,Plain,Alfisol,Canal,Rice,3.1,Short-term,Pulses,Pea,100,18117,69491
23.31,85.17,Plain,Red Soil,Tube-well,Brinjal,3.1,Mixed,Agroforestry,Rice+Lentil,244,26883,63061
23.89,84.62,Plain,Alfisol,Irrigated,Banana,3.9,Perennial,Fruits,Jackfruit,213,37857,132643
23.28,84.72,Plain,Alfisol,Irrigated,Sorghum,3.5,Short-term,Vegetables,Tomato,84,20995,68280
23.5,84.01,Hilly,Laterite,Rainfed,Mango+Lentil,1.7,Perennial,Cash Crops,Tea,226,87881,328767
24.28,85.07,Hilly,Laterite,Rainfed,Sesame,1.7,Long-term,Cereals,Maize,124,17787,46437
23.31,84.4,Plain,Red Soil,Irrigated,Rice+Lentil,2.6,Short-term,Cereals,Millets,111,16119,37494
23.11,85.99,Plain,Alfisol,Rainfed,Onion,3.8,Mixed,Agroforestry,Banana+Pea,344,24132,83350
23.1,84.7,Plateau,Laterite,Rainfed,Sesame,0.9,Short-term,Cereals,Sorghum,103,10939,40045
24.41,84.71,Hilly,Laterite,Rainfed,Millets,4.8,Short-term,Vegetables,Ladyfinger,105,11226,34372
23.76,84.91,Plateau,Laterite,Irrigated,Niger,2.9,Short-term,Pulses,Gram,83,8970,28198
23.61,85.79,Hilly,Laterite,Rainfed,Black Gram,1.9,Long-term,Cereals,Wheat,128,10894,37695
24.22,85.5,Plain,Red Soil,Irrigated,Onion,3.6,Short-term,Oilseeds,Sunflower,109,19365,74645
24.25,84.63,Plain,Red Soil,Rainfed,Jute,0.7,Perennial,Fruits,Jackfruit,361,38737,85375
23.5,85.3,Plain,Alfisol,Rainfed,Rice,2.7,Mixed,Agroforestry,Maize+Mustard,360,44461,120733
24.04,84.97,Plateau,Entisol,Rainfed,Barley,2.7,Long-term,Oilseeds,Groundnut,124,13128,47496
24.16,84.73,Plateau,Entisol,Rainfed,Rice,1.2,Short-term,Pulses,Pea,114,19064,70458
23.98,83.98,Hilly,Inceptisol,Canal,Gram,4.3,Long-term,Cereals,Maize,155,15007,35371
23.23,84.66,Plain,Red Soil,Rainfed,Rice+Lentil,4.1,Perennial,Fruits,Guava,280,14764,44117
24.31,84.11,Plain,Red Soil,Rainfed,Banana+Pea,1.2,Long-term,Vegetables,Onion,127,13420,43341
23.81,85.79,Plain,Alfisol,Irrigated,Sesame,2.1,Long-term,Fruits,Banana,171,19779,51002
23.42,84.34,Hilly,Inceptisol,Rainfed,Lentil,1.0,Mixed,Agroforestry,Maize+Mustard,210,17149,53983
23.64,85.88,Plain,Alfisol,Rainfed,Barley,4.3,Long-term,Vegetables,Cabbage,136,22015,63696
23.06,84.83,Plateau,Laterite,Rainfed,Sorghum,2.0,Long-term,Cereals,Millets,172,19519,54352
23.19,85.08,Plain,Red Soil,Tube-well,Papaya,2.5,Short-term,Pulses,Lentil,92,10845,27448
24.15,84.86,Plateau,Laterite,Irrigated,Rice,2.0,Short-term,Vegetables,Potato,117,16505,48090
23.0,83.82,Plateau,Entisol,Rainfed,Guava,1.9,Mixed,Agroforestry,Maize+Mustard,310,21278,79353
23.62,84.44,Plateau,Entisol,Rainfed,Rice,3.9,Short-term,Pulses,Gram,91,15543,57145
23.78,83.75,Hilly,Inceptisol,Rainfed,Maize,3.9,Perennial,Fruits,Banana,274,36484,115298
23.08,85.06,Hilly,Inceptisol,Rainfed,Cabbage,2.8,Short-term,Pulses,Lentil,83,7454,27359
24.46,84.62,Hilly,Inceptisol,Irrigated,Gram,3.5,Perennial,Cash Crops,Coffee,364,78550,231332
23.34,85.44,Hilly,Laterite,Canal,Sesame,2.8,Perennial,Fruits,Guava,299,25383,59658
23.46,84.05,Hilly,Laterite,Rainfed,Onion,0.6,Perennial,Fruits,Banana,199,29389,112720
23.46,83.91,Plateau,Laterite,Canal,Tomato,0.8,Short-term,Pulses,Pea,89,5010,15241
23.35,84.52,Plateau,Laterite,Rainfed,Litchi,2.2,Short-term,Oilseeds,Niger,93,23105,71758
23.0,85.82,Plateau,Laterite,Rainfed,Guava,3.9,Mixed,Agroforestry,Rice+Lentil,330,52932,180433
24.09,85.28,Plateau,Entisol,Rainfed,Groundnut,4.6,Perennial,Fruits,Banana,252,10284,27111
24.45,84.55,Plain,Red Soil,Rainfed,Wheat,0.6,Short-term,Oilseeds,Sunflower,93,15523,42069
23.34,84.79,Plain,Alfisol,Tube-well,Sunflower,2.2,Long-term,Cereals,Millets,131,19207,61382
23.99,83.71,Hilly,Laterite,Rainfed,Pea,1.5,Short-term,Vegetables,Brinjal,92,15755,32063
24.11,85.96,Hilly,Inceptisol,Rainfed,Paddy,4.2,Mixed,Agroforestry,Timber+Paddy,303,38519,143814
24.27,85.17,Plateau,Entisol,Tube-well,Timber+Paddy,4.3,Short-term,Pulses,Pea,108,10394,29449
23.63,84.21,Hilly,Inceptisol,Canal,Lentil,1.4,Long-term,Cereals,Sorghum,134,15215,40211
23.45,84.96,Hilly,Inceptisol,Irrigated,Sunflower,3.7,Perennial,Cash Crops,Cotton,349,95788,299491
23.49,83.77,Hilly,Inceptisol,Tube-well,Lentil,3.8,Short-term,Cereals,Paddy,103,16561,37949
24.07,85.91,Plain,Alfisol,Rainfed,Lentil,1.3,Short-term,Vegetables,Tomato,93,22400,79643
24.23,83.94,Hilly,Laterite,Canal,Coffee,2.5,Long-term,Cereals,Paddy,159,17372,43739
23.27,85.12,Plateau,Entisol,Irrigated,Cauliflower,3.3,Perennial,Fruits,Guava,222,16521,64556
23.56,84.11,Plain,Alfisol,Canal,Rice+Lentil,0.6,Short-term,Vegetables,Tomato,112,21463,48722
24.35,85.29,Hilly,Laterite,Irrigated,Pigeon Pea,2.3,Short-term,Cereals,Millets,115,8459,21142
24.21,85.44,Hilly,Inceptisol,Rainfed,Gram,1.2,Short-term,Vegetables,Brinjal,114,28951,72073
24.48,85.18,Plain,Red Soil,Irrigated,Onion,2.9,Long-term,Vegetables,Cauliflower,121,14237,38265
24.13,85.04,Plain,Red Soil,Rainfed,Wheat,4.3,Perennial,Fruits,Banana,229,48087,114425
23.59,85.73,Plateau,Entisol,Rainfed,Pea,2.9,Short-term,Cereals,Maize,115,13803,34598
23.89,83.7,Plain,Alfisol,Rainfed,Cauliflower,0.7,Short-term,Oilseeds,Sesame,111,14572,55697
23.99,84.33,Plain,Red Soil,Tube-well,Groundnut,0.6,Perennial,Cash Crops,Jute,195,69790,271297
23.12,84.12,Plain,Alfisol,Rainfed,Niger,3.2,Perennial,Fruits,Litchi,323,36574,120619
23.82,85.97,Hilly,Laterite,Irrigated,Litchi,2.0,Long-term,Cereals,Paddy,151,15558,56515
24.06,84.47,Hilly,Inceptisol,Rainfed,Pigeon Pea,3.1,Mixed,Agroforestry,Timber+Paddy,284,61318,160985
23.25,85.33,Hilly,Laterite,Tube-well,Millets,1.2,Mixed,Agroforestry,Mango+Lentil,331,24137,74802
24.17,85.21,Plain,Alfisol,Rainfed,Millets,4.0,Short-term,Vegetables,Potato,76,11501,23891
23.88,84.03,Plateau,Entisol,Irrigated,Jackfruit,4.4,Perennial,Cash Crops,Sugarcane,228,34197,105322
24.43,84.1,Plain,Red Soil,Canal,Rice+Lentil,4.5,Perennial,Fruits,Guava,332,16197,45926
23.06,84.2,Plain,Red Soil,Rainfed,Green Gram,1.9,Long-term,Vegetables,Tomato,132,21414,82433
23.4,84.53,Hilly,Laterite,Rainfed,Maize,3.5,Short-term,Oilseeds,Sesame,101,11577,37893
23.9,84.09,Plain,Red Soil,Irrigated,Mango+Lentil,1.8,Mixed,Agroforestry,Timber+Paddy,245,30437,72192
23.44,83.55,Plateau,Entisol,Tube-well,Jute,3.9,Mixed,Agroforestry,Timber+Paddy,359,25619,71379
24.07,85.7,Plateau,Laterite,Irrigated,Tobacco,1.0,Long-term,Cereals,Barley,155,6284,24278
24.14,85.91,Plain,Red Soil,Rainfed,Sunflower,3.9,Perennial,Fruits,Papaya,285,26365,75124
23.15,84.35,Plateau,Entisol,Canal,Maize,2.5,Long-term,Vegetables,Cauliflower,145,18707,68773
23.77,84.35,Plateau,Entisol,Rainfed,Cotton,4.3,Long-term,Fruits,Jackfruit,154,46601,144769
23.76,83.52,Plateau,Laterite,Irrigated,Black Gram,3.8,Short-term,Oilseeds,Sesame,93,20802,80929
23.55,85.2,Plain,Alfisol,Canal,Cauliflower,2.2,Short-term,Vegetables,Tomato,70,23126,49134
24.4,85.56,Hilly,Laterite,Rainfed,Millets,4.6,Perennial,Cash Crops,Coffee,198,61614,215317
24.24,83.87,Plain,Alfisol,Irrigated,Timber+Paddy,1.8,Perennial,Fruits,Jackfruit,353,10764,42047
24.05,83.9,Plateau,Laterite,Irrigated,Pigeon Pea,4.9,Short-term,Oilseeds,Groundnut,117,22214,65850
24.07,85.48,Plain,Alfisol,Canal,Mango,4.0,Short-term,Oilseeds,Niger,114,13681,45092
23.69,85.04,Hilly,Laterite,Rainfed,Cauliflower,5.0,Short-term,Vegetables,Onion,100,12132,26717
24.38,83.61,Plain,Red Soil,Rainfed,Sesame,0.7,Short-term,Oilseeds,Soybean,111,24632,67820
24.04,85.06,Plain,Alfisol,Canal,Mango,1.7,Short-term,Vegetables,Cauliflower,100,16691,57114
24.09,84.27,Hilly,Inceptisol,Rainfed,Mango+Lentil,3.8,Perennial,Fruits,Banana,270,43978,102167
24.29,84.42,Plateau,Laterite,Rainfed,Potato,4.7,Short-term,Oilseeds,Soybean,92,25875,67566
23.41,85.42,Hilly,Laterite,Tube-well,Cotton,0.6,Perennial,Cash Crops,Cotton,324,35620,94084
24.21,85.53,Plateau,Entisol,Rainfed,Sugarcane,0.5,Long-term,Cereals,Millets,124,7934,21978
23.29,84.5,Plain,Alfisol,Tube-well,Sesame,1.7,Perennial,Fruits,Banana,363,47087,101405
23.52,85.87,Hilly,Inceptisol,Rainfed,Maize,4.3,Mixed,Agroforestry,Mango+Lentil,241,47207,95561
23.5,84.52,Hilly,Inceptisol,Rainfed,Cauliflower,4.0,Perennial,Cash Crops,Tobacco,224,27609,108965
24.47,85.43,Plain,Alfisol,Irrigated,Rice,2.0,Short-term,Pulses,Pigeon Pea,86,10606,39219
24.28,84.71,Hilly,Inceptisol,Irrigated,Millets,0.5,Short-term,Pulses,Pea,85,17093,35281
24.05,85.74,Hilly,Inceptisol,Irrigated,Niger,3.0,Long-term,Vegetables,Ladyfinger,131,25379,72823
24.09,85.77,Hilly,Inceptisol,Irrigated,Cabbage,1.6,Perennial,Fruits,Jackfruit,203,29167,115833
23.84,83.72,Plateau,Entisol,Canal,Banana+Pea,3.9,Short-term,Oilseeds,Mustard,99,29152,113216
24.42,85.84,Hilly,Laterite,Rainfed,Gram,2.5,Perennial,Fruits,Litchi,278,26468,77467
23.74,85.56,Plain,Alfisol,Rainfed,Barley,3.6,Perennial,Fruits,Mango,229,29163,64381
23.57,85.48,Plain,Alfisol,Rainfed,Lentil,4.3,Perennial,Cash Crops,Coffee,210,35523,116353
23.24,84.0,Hilly,Laterite,Irrigated,Potato,2.9,Perennial,Cash Crops,Jute,247,90231,181468
24.18,85.51,Plain,Red Soil,Rainfed,Banana,2.0,Long-term,Oilseeds,Sesame,125,25527,91374
24.1,85.63,Plain,Red Soil,Rainfed,Sorghum,4.0,Mixed,Agroforestry,Timber+Paddy,328,48992,191974
23.58,84.22,Hilly,Laterite,Rainfed,Cauliflower,1.7,Short-term,Oilseeds,Sunflower,115,8181,29174
23.04,85.88,Hilly,Laterite,Rainfed,Gram,4.5,Perennial,Fruits,Guava,232,45713,118059
24.26,83.62,Plain,Red Soil,Rainfed,Sunflower,0.8,Short-term,Vegetables,Tomato,88,16846,37378
23.02,83.87,Plateau,Entisol,Irrigated,Cotton,4.3,Mixed,Agroforestry,Rice+Lentil,331,34215,120830
24.06,84.84,Hilly,Laterite,Rainfed,Tomato,0.9,Short-term,Vegetables,Potato,118,18654,62193
24.46,84.94,Plain,Red Soil,Canal,Groundnut,0.8,Short-term,Pulses,Black Gram,94,14724,42755
23.66,85.11,Plateau,Laterite,Irrigated,Pea,2.1,Short-term,Vegetables,Cabbage,109,12575,48981
23.35,83.54,Hilly,Inceptisol,Rainfed,Cotton,4.8,Short-term,Vegetables,Onion,97,20429,42640
24.06,85.9,Hilly,Laterite,Irrigated,Banana+Pea,4.9,Long-term,Cereals,Sorghum,145,9412,33563
24.23,83.61,Hilly,Inceptisol,Rainfed,Pea,1.4,Short-term,Pulses,Gram,88,13990,28450
23.82,83.86,Plain,Red Soil,Irrigated,Guava,1.2,Perennial,Cash Crops,Tea,353,95822,374997
24.45,83.54,Hilly,Laterite,Tube-well,Guava,2.1,Perennial,Cash Crops,Cotton,212,48091,151880
23.08,84.92,Plain,Alfisol,Irrigated,Onion,2.0,Mixed,Agroforestry,Timber+Paddy,295,76025,173792
23.76,85.83,Plateau,Entisol,Irrigated,Banana+Pea,3.9,Short-term,Oilseeds,Soybean,118,19840,42413
24.08,85.16,Plateau,Laterite,Rainfed,Mango+Lentil,2.5,Short-term,Vegetables,Onion,108,17964,64581
24.29,85.56,Hilly,Inceptisol,Rainfed,Paddy,4.0,Mixed,Agroforestry,Mango+Lentil,199,63467,253038
23.27,83.53,Plain,Alfisol,Canal,Tomato,3.9,Short-term,Oilseeds,Sesame,98,23002,68172
24.2,84.86,Plain,Red Soil,Rainfed,Sunflower,3.1,Long-term,Vegetables,Potato,135,29112,63864
23.83,84.65,Plain,Red Soil,Rainfed,Maize,4.3,Short-term,Oilseeds,Sesame,110,19185,54001
23.59,84.75,Hilly,Laterite,Rainfed,Maize+Mustard,1.4,Short-term,Pulses,Lentil,108,9576,27050
23.2,83.68,Plain,Alfisol,Irrigated,Tea,1.2,Mixed,Agroforestry,Rice+Lentil,322,68008,215768
24.3,85.21,Hilly,Laterite,Rainfed,Ladyfinger,3.9,Perennial,Fruits,Banana,208,22398,86606
23.24,84.76,Plain,Red Soil,Tube-well,Pea,1.6,Perennial,Cash Crops,Jute,208,52010,118307
23.46,85.41,Plateau,Entisol,Rainfed,Cotton,0.5,Mixed,Agroforestry,Maize+Mustard,273,32921,109779
23.44,84.71,Plain,Alfisol,Rainfed,Mustard,4.6,Long-term,Cereals,Millets,120,7366,28226
24.31,83.87,Plateau,Laterite,Irrigated,Gram,3.3,Perennial,Fruits,Litchi,362,21286,48613
Latitude,Longitude,Area Type,Soil Type,Water Sources,Previous Crop,Land Acres,Cropping Type,Crop Category,Crop,Duration (Days),Investment (₹),Profit (₹)
23.1,84.31,Plain,Alfisol,Irrigated,Pulses,2.5,Long-term,Cash Crops,Tobacco,169,38481,87279
23.72,84.9,Hilly,Inceptisol,Rainfed,Vegetables,3.0,Short-term,Cereals,Millet,119,31190,92351
24.39,83.53,Plain,Alfisol,Rainfed,Pulses,2.9,Long-term,Cash Crops,Tobacco,175,96905,153332
24.36,85.73,Plateau,Entisol,Irrigated,Vegetables,2.1,Long-term,Mixed,Silvipasture,177,41463,93992
23.14,84.96,Plateau,Entisol,Rainfed,Vegetables,2.8,Long-term,Pulses,Gram,142,60769,96489
23.63,85.92,Plain,Alfisol,Rainfed,Maize,2.7,Short-term,Pulses,Black Gram,91,35997,97602
23.89,84.3,Plateau,Entisol,Rainfed,Maize,1.6,Long-term,Cereals,Wheat,152,59885,167538
23.44,85.58,Plain,Alfisol,Rainfed,Vegetables,2.7,Short-term,Fruits,Banana,99,29624,46884
23.8,84.41,Hilly,Inceptisol,Rainfed,Maize,2.5,Long-term,Mixed,Intercropping,164,70544,152370
23.52,85.51,Plain,Alfisol,Irrigated,Maize,1.9,Short-term,Cereals,Rice,117,46976,70750
24.33,84.58,Plain,Alfisol,Irrigated,Fruits,2.7,Long-term,Oilseeds,Soybean,129,69490,194112
24.48,84.56,Plain,Alfisol,Irrigated,Oilseeds,2.5,Short-term,Pulses,Green Gram,107,90698,201083
23.36,85.89,Plain,Alfisol,Rainfed,Cash Crops,2.1,Long-term,Fruits,Banana,159,82975,175337
24.2,84.25,Plateau,Entisol,Rainfed,Maize,2.6,Long-term,Cash Crops,Sugarcane,162,15172,29146
24.27,84.84,Plain,Alfisol,Irrigated,Vegetables,2.3,Short-term,Oilseeds,Sunflower,111,59285,90879
24.16,83.54,Hilly,Inceptisol,Rainfed,Rice,2.4,Long-term,Cash Crops,Cotton,157,13872,29648
23.15,84.72,Plain,Alfisol,Rainfed,Pulses,1.1,Short-term,Pulses,Black Gram,91,85605,167663
24.29,84.96,Hilly,Inceptisol,Rainfed,Vegetables,1.4,Long-term,Oilseeds,Sesame,128,27377,48105
24.15,85.23,Hilly,Inceptisol,Rainfed,Vegetables,2.1,Long-term,Oilseeds,Groundnut,137,83301,132463
23.86,84.09,Plain,Alfisol,Rainfed,Pulses,1.0,Long-term,Cereals,Millet,159,75093,168047
24.46,83.88,Plateau,Entisol,Rainfed,Maize,1.5,Long-term,Vegetables,Cauliflower,164,51604,92085
24.47,84.01,Plain,Alfisol,Irrigated,Rice,2.2,Long-term,Vegetables,Cauliflower,172,44215,97572
23.44,85.88,Hilly,Inceptisol,Irrigated,Pulses,2.3,Long-term,Cash Crops,Jute,139,87883,236598
23.42,83.79,Plateau,Entisol,Rainfed,Maize,2.2,Long-term,Pulses,Black Gram,180,54255,141493
24.04,85.18,Hilly,Inceptisol,Rainfed,Pulses,2.5,Short-term,Pulses,Pigeon Pea,111,89141,231499
23.88,85.8,Plain,Alfisol,Rainfed,Cash Crops,2.2,Long-term,Fruits,Litchi,179,22244,43809
23.91,84.4,Plateau,Entisol,Irrigated,Maize,2.1,Long-term,Pulses,Black Gram,171,16895,49941
24.48,84.74,Plateau,Entisol,Rainfed,Maize,1.1,Long-term,Pulses,Black Gram,163,66394,192455
24.22,84.99,Plateau,Entisol,Rainfed,Vegetables,1.8,Long-term,Oilseeds,Mustard,173,29952,68750
23.21,85.06,Plain,Alfisol,Rainfed,Maize,1.0,Long-term,Mixed,Intercropping,139,56173,161083
23.91,85.06,Plateau,Entisol,Irrigated,Cash Crops,2.0,Long-term,Vegetables,Tomato,121,3320,6000
23.35,85.99,Hilly,Inceptisol,Rainfed,Rice,1.1,Long-term,Vegetables,Cauliflower,121,40417,93112
23.44,84.58,Plain,Alfisol,Rainfed,Rice,2.5,Long-term,Pulses,Lentil,127,33324,62021
23.74,84.78,Plateau,Entisol,Irrigated,Cash Crops,1.1,Long-term,Fruits,Mango,170,59111,95987
23.86,83.71,Hilly,Inceptisol,Irrigated,Oilseeds,1.5,Long-term,Pulses,Gram,126,35398,98312
23.74,84.68,Plain,Alfisol,Rainfed,Vegetables,2.1,Short-term,Mixed,Agroforestry,113,66432,135233
23.78,85.93,Plain,Alfisol,Irrigated,Fruits,1.5,Long-term,Pulses,Gram,170,23431,49934
23.98,85.2,Plain,Alfisol,Rainfed,Fruits,1.4,Long-term,Cash Crops,Jute,144,33113,81574
23.55,83.74,Plain,Alfisol,Rainfed,Cash Crops,2.8,Long-term,Cash Crops,Tobacco,139,62152,166005
23.97,84.17,Plain,Alfisol,Rainfed,Rice,2.8,Short-term,Cash Crops,Sugarcane,92,97034,206631
24.37,84.49,Plain,Alfisol,Rainfed,Maize,2.7,Short-term,Cash Crops,Cotton,97,34204,99311
23.6,83.62,Plateau,Entisol,Rainfed,Oilseeds,2.9,Short-term,Mixed,Intercropping,112,20592,50023
23.61,84.2,Plateau,Entisol,Rainfed,Maize,1.4,Short-term,Vegetables,Brinjal,99,46001,132606
23.74,84.84,Plateau,Entisol,Rainfed,Vegetables,2.6,Long-term,Mixed,Silvipasture,127,62835,104517
23.31,84.47,Plateau,Entisol,Rainfed,Vegetables,1.6,Long-term,Cash Crops,Tobacco,176,19461,53932
24.34,85.05,Hilly,Inceptisol,Rainfed,Pulses,2.6,Short-term,Cash Crops,Tobacco,96,71081,211271
23.74,85.51,Plain,Alfisol,Rainfed,Cash Crops,2.5,Short-term,Vegetables,Brinjal,99,32179,79058
24.19,84.16,Plateau,Entisol,Rainfed,Vegetables,1.5,Short-term,Cereals,Sorghum,115,25923,66084
24.13,84.37,Plain,Alfisol,Rainfed,Pulses,1.8,Long-term,Oilseeds,Sunflower,122,54194,89318
23.64,84.94,Plain,Alfisol,Irrigated,Maize,2.3,Long-term,Vegetables,Cauliflower,145,54915,158628
24.17,85.44,Plain,Alfisol,Irrigated,Fruits,2.7,Short-term,Vegetables,Cabbage,110,53150,142478
23.72,84.38,Plain,Alfisol,Rainfed,Fruits,2.0,Long-term,Mixed,Agroforestry,160,71982,114577
23.08,83.56,Plateau,Entisol,Rainfed,Maize,2.0,Long-term,Cereals,Wheat,170,47856,107854
23.52,84.15,Hilly,Inceptisol,Rainfed,Fruits,2.0,Long-term,Cash Crops,Sugarcane,178,40550,100555
24.24,83.55,Hilly,Inceptisol,Irrigated,Oilseeds,2.8,Short-term,Mixed,Silvipasture,112,6556,16707
23.53,85.46,Plateau,Entisol,Rainfed,Oilseeds,3.0,Short-term,Mixed,Agroforestry,97,52546,148904
23.53,85.18,Hilly,Inceptisol,Irrigated,Maize,1.4,Short-term,Cereals,Wheat,92,13182,39535
24.05,85.23,Hilly,Inceptisol,Rainfed,Cash Crops,2.4,Long-term,Cereals,Sorghum,142,25612,54405
23.82,83.87,Plateau,Entisol,Rainfed,Fruits,1.5,Long-term,Fruits,Mango,160,65235,98612
23.7,84.41,Plateau,Entisol,Rainfed,Oilseeds,1.3,Long-term,Cereals,Wheat,123,88958,161834
23.44,84.09,Plain,Alfisol,Rainfed,Fruits,1.4,Long-term,Cash Crops,Cotton,171,71409,168587
24.48,84.34,Hilly,Inceptisol,Rainfed,Oilseeds,2.1,Long-term,Cereals,Millet,127,83746,219723
23.08,83.67,Plain,Alfisol,Irrigated,Fruits,2.7,Long-term,Cash Crops,Jute,132,45694,122341
23.66,83.58,Plain,Alfisol,Rainfed,Fruits,2.2,Long-term,Cash Crops,Jute,136,49374,77714
23.79,85.36,Plain,Alfisol,Rainfed,Rice,2.7,Long-term,Mixed,Intercropping,169,96454,225292
23.07,85.51,Hilly,Inceptisol,Rainfed,Vegetables,1.9,Long-term,Fruits,Mango,150,92065,170696
23.3,84.55,Plain,Alfisol,Rainfed,Vegetables,2.9,Long-term,Cereals,Rice,173,18889,48096
24.01,83.71,Plateau,Entisol,Rainfed,Vegetables,1.1,Short-term,Fruits,Mango,114,15320,38039
24.34,83.86,Hilly,Inceptisol,Irrigated,Pulses,2.1,Long-term,Cereals,Wheat,129,18899,43820
23.64,84.45,Plain,Alfisol,Irrigated,Fruits,2.5,Long-term,Mixed,Silvipasture,148,83414,164306
23.41,85.46,Plateau,Entisol,Irrigated,Cash Crops,2.8,Long-term,Vegetables,Onion,164,72384,149133
24.47,84.03,Plain,Alfisol,Rainfed,Fruits,2.9,Long-term,Cash Crops,Jute,171,86132,220316
23.07,85.67,Plateau,Entisol,Irrigated,Fruits,2.7,Long-term,Vegetables,Tomato,156,28338,69693
24.34,84.04,Plateau,Entisol,Rainfed,Maize,1.1,Short-term,Cash Crops,Tobacco,96,31055,52397
23.98,83.72,Plain,Alfisol,Rainfed,Vegetables,2.3,Long-term,Vegetables,Cauliflower,151,4551,9887
23.17,84.95,Plateau,Entisol,Rainfed,Cash Crops,2.5,Long-term,Cereals,Barley,122,69064,111689
23.56,85.26,Plain,Alfisol,Rainfed,Rice,2.1,Long-term,Oilseeds,Mustard,157,73667,165511
23.31,83.93,Plateau,Entisol,Rainfed,Oilseeds,1.8,Short-term,Cash Crops,Jute,101,59173,139978
23.75,84.79,Hilly,Inceptisol,Rainfed,Cash Crops,2.2,Long-term,Oilseeds,Soybean,166,38823,102662
24.3,85.51,Plain,Alfisol,Rainfed,Pulses,1.4,Long-term,Cash Crops,Jute,167,84788,142120
24.04,84.91,Hilly,Inceptisol,Irrigated,Pulses,2.3,Long-term,Pulses,Green Gram,120,9153,22606
23.18,84.94,Plateau,Entisol,Irrigated,Oilseeds,1.2,Long-term,Fruits,Guava,169,62475,111061
23.09,84.8,Plateau,Entisol,Irrigated,Vegetables,1.3,Long-term,Pulses,Lentil,147,77409,216627
23.78,83.58,Plain,Alfisol,Rainfed,Maize,2.0,Short-term,Mixed,Intercropping,99,72750,159834
23.72,84.13,Plain,Alfisol,Rainfed,Cash Crops,1.9,Long-term,Vegetables,Potato,150,19711,43278
24.1,85.3,Plateau,Entisol,Rainfed,Pulses,1.0,Long-term,Cash Crops,Tobacco,134,86429,139246
24.46,85.77,Plain,Alfisol,Rainfed,Maize,2.1,Short-term,Cash Crops,Sugarcane,98,42549,81418
23.97,83.67,Plateau,Entisol,Irrigated,Vegetables,1.8,Short-term,Pulses,Lentil,119,57536,118566
23.56,85.1,Plateau,Entisol,Irrigated,Rice,2.3,Short-term,Oilseeds,Sesame,110,54271,100111
23.15,84.41,Plain,Alfisol,Rainfed,Rice,3.0,Short-term,Vegetables,Onion,92,97411,245829
23.97,84.97,Hilly,Inceptisol,Rainfed,Maize,1.5,Long-term,Vegetables,Tomato,174,43598,77632
23.41,83.94,Plain,Alfisol,Rainfed,Vegetables,1.9,Long-term,Fruits,Litchi,150,89733,169354
24.08,84.96,Hilly,Inceptisol,Rainfed,Fruits,1.3,Long-term,Vegetables,Brinjal,145,66080,184509
24.46,85.09,Plain,Alfisol,Rainfed,Oilseeds,1.3,Long-term,Mixed,Intercropping,172,36538,87058
24.17,85.0,Plain,Alfisol,Irrigated,Oilseeds,2.5,Long-term,Oilseeds,Soybean,153,40682,91298
23.08,84.54,Hilly,Inceptisol,Rainfed,Fruits,1.3,Long-term,Pulses,Green Gram,141,3008,6261
23.38,85.54,Hilly,Inceptisol,Irrigated,Fruits,2.0,Long-term,Oilseeds,Groundnut,167,95413,204716
23.61,85.29,Hilly,Inceptisol,Rainfed,Cash Crops,1.3,Long-term,Pulses,Gram,159,71305,213695
24.26,84.66,Hilly,Inceptisol,Irrigated,Fruits,2.0,Short-term,Fruits,Mango,92,11990,18327
23.16,85.6,Hilly,Inceptisol,Rainfed,Vegetables,1.1,Short-term,Oilseeds,Groundnut,90,52096,146239
23.73,84.83,Plain,Alfisol,Rainfed,Maize,2.2,Long-term,Vegetables,Tomato,179,41378,88644
24.4,83.69,Plateau,Entisol,Rainfed,Maize,1.6,Long-term,Vegetables,Tomato,166,68299,138284
24.04,85.23,Plateau,Entisol,Rainfed,Cash Crops,2.8,Long-term,Cereals,Sorghum,153,27815,79149
23.62,85.11,Hilly,Inceptisol,Irrigated,Oilseeds,1.7,Short-term,Cash Crops,Tobacco,115,89162,219476
23.84,83.79,Plateau,Entisol,Rainfed,Cash Crops,1.2,Short-term,Mixed,Intercropping,112,40243,61588
23.17,83.53,Plateau,Entisol,Rainfed,Vegetables,1.6,Short-term,Cash Crops,Cotton,97,5123,8632
24.2,85.3,Plain,Alfisol,Rainfed,Maize,2.4,Long-term,Mixed,Agroforestry,158,38233,108871
23.38,84.74,Plain,Alfisol,Rainfed,Fruits,2.1,Long-term,Vegetables,Brinjal,159,37720,88077
23.72,83.6,Plateau,Entisol,Rainfed,Maize,1.5,Short-term,Oilseeds,Mustard,117,18859,48461
23.12,84.57,Plain,Alfisol,Irrigated,Oilseeds,2.1,Long-term,Vegetables,Cabbage,135,20251,48076
23.98,84.74,Plateau,Entisol,Irrigated,Oilseeds,1.9,Short-term,Pulses,Lentil,112,83016,172200
23.33,85.03,Hilly,Inceptisol,Rainfed,Pulses,1.5,Short-term,Cereals,Maize,100,43494,93771
23.58,84.09,Plain,Alfisol,Rainfed,Vegetables,1.5,Short-term,Oilseeds,Sesame,116,18230,39528
23.44,83.99,Hilly,Inceptisol,Rainfed,Vegetables,2.2,Long-term,Vegetables,Cauliflower,173,95041,196259
24.44,83.62,Plateau,Entisol,Rainfed,Cash Crops,1.4,Short-term,Fruits,Litchi,104,16591,40472
24.07,85.56,Plain,Alfisol,Rainfed,Maize,1.4,Long-term,Cereals,Barley,153,78281,130842
23.61,84.5,Plain,Alfisol,Rainfed,Oilseeds,1.5,Short-term,Fruits,Litchi,113,16156,43639
23.99,84.75,Plain,Alfisol,Rainfed,Rice,2.2,Long-term,Cereals,Rice,151,52333,150881
24.01,85.61,Hilly,Inceptisol,Irrigated,Fruits,1.2,Long-term,Cereals,Maize,179,53874,132866
24.11,85.51,Plateau,Entisol,Irrigated,Rice,1.9,Short-term,Cash Crops,Jute,105,29691,52153
24.36,84.42,Plain,Alfisol,Rainfed,Maize,2.7,Long-term,Cereals,Rice,125,99419,156840
23.62,85.54,Hilly,Inceptisol,Rainfed,Rice,1.3,Long-term,Oilseeds,Mustard,165,57333,101127
24.49,84.31,Hilly,Inceptisol,Irrigated,Oilseeds,1.1,Long-term,Cash Crops,Tobacco,179,30266,53224
23.92,84.3,Plateau,Entisol,Rainfed,Vegetables,2.7,Short-term,Cereals,Wheat,108,54185,119316
24.1,85.38,Plain,Alfisol,Irrigated,Vegetables,2.0,Short-term,Oilseeds,Sesame,110,28405,84006
24.01,84.08,Plateau,Entisol,Irrigated,Fruits,3.0,Long-term,Vegetables,Cauliflower,158,11616,21940
23.14,85.34,Plateau,Entisol,Rainfed,Maize,2.9,Short-term,Vegetables,Cabbage,108,28495,63532
23.23,85.23,Hilly,Inceptisol,Rainfed,Maize,1.8,Long-term,Vegetables,Cauliflower,166,55977,136617
24.09,83.76,Plain,Alfisol,Rainfed,Pulses,1.4,Long-term,Vegetables,Onion,138,96443,213016
23.11,83.63,Plain,Alfisol,Rainfed,Rice,1.1,Long-term,Fruits,Litchi,142,42267,124150
23.99,83.67,Hilly,Inceptisol,Irrigated,Vegetables,1.1,Short-term,Fruits,Guava,96,94883,246774
23.3,85.55,Plateau,Entisol,Rainfed,Rice,2.9,Long-term,Cereals,Rice,123,89529,244650
23.66,84.08,Hilly,Inceptisol,Rainfed,Rice,2.2,Long-term,Fruits,Mango,177,32054,94794
23.37,85.86,Plateau,Entisol,Rainfed,Maize,3.0,Short-term,Oilseeds,Mustard,101,61628,139031
23.67,84.7,Plateau,Entisol,Rainfed,Maize,2.8,Short-term,Pulses,Green Gram,90,39230,102998
23.61,85.58,Hilly,Inceptisol,Rainfed,Vegetables,1.7,Long-term,Fruits,Banana,165,68763,129550
23.04,85.23,Plain,Alfisol,Rainfed,Cash Crops,1.6,Long-term,Fruits,Papaya,164,59084,155003
23.17,84.34,Plain,Alfisol,Rainfed,Fruits,1.6,Short-term,Cash Crops,Jute,96,96529,211493
23.01,85.19,Plateau,Entisol,Irrigated,Vegetables,2.6,Long-term,Vegetables,Potato,153,5672,12079
24.3,85.69,Hilly,Inceptisol,Irrigated,Pulses,1.7,Short-term,Cash Crops,Sugarcane,106,75156,152897
23.32,84.67,Hilly,Inceptisol,Irrigated,Vegetables,2.5,Long-term,Mixed,Intercropping,145,29527,50655
24.4,85.69,Plateau,Entisol,Irrigated,Maize,2.2,Long-term,Mixed,Intercropping,154,20294,46720
23.06,84.69,Hilly,Inceptisol,Rainfed,Fruits,2.2,Short-term,Cereals,Wheat,113,34136,84555
23.36,84.94,Hilly,Inceptisol,Rainfed,Pulses,2.8,Short-term,Pulses,Pigeon Pea,115,34433,52349
23.34,84.27,Plain,Alfisol,Rainfed,Pulses,1.6,Short-term,Cash Crops,Cotton,113,52226,156048
23.33,84.44,Plain,Alfisol,Irrigated,Rice,1.1,Short-term,Pulses,Black Gram,116,60938,93260
23.79,85.59,Hilly,Inceptisol,Irrigated,Fruits,3.0,Long-term,Mixed,Agroforestry,139,53230,142732
23.97,84.75,Plateau,Entisol,Rainfed,Oilseeds,2.3,Long-term,Cereals,Maize,153,18571,52514
24.25,83.93,Plateau,Entisol,Rainfed,Pulses,2.7,Long-term,Pulses,Black Gram,135,78260,186047
23.32,84.78,Plain,Alfisol,Rainfed,Pulses,1.9,Long-term,Cereals,Barley,160,83066,217358
24.37,83.88,Plain,Alfisol,Irrigated,Fruits,2.5,Short-term,Pulses,Green Gram,98,82706,199240
23.46,85.55,Plateau,Entisol,Irrigated,Rice,1.6,Short-term,Cereals,Rice,91,16150,38296
23.41,84.04,Plain,Alfisol,Rainfed,Rice,2.8,Short-term,Vegetables,Onion,100,37366,73598
23.82,83.61,Plateau,Entisol,Rainfed,Fruits,3.0,Long-term,Fruits,Mango,120,24806,70078
23.73,85.67,Hilly,Inceptisol,Irrigated,Pulses,1.3,Short-term,Vegetables,Onion,94,96701,261296
24.34,83.93,Plain,Alfisol,Rainfed,Fruits,2.0,Short-term,Oilseeds,Groundnut,105,64628,139122
23.48,84.92,Plain,Alfisol,Rainfed,Rice,2.5,Long-term,Mixed,Intercropping,168,62036,144604
23.18,84.92,Plateau,Entisol,Irrigated,Cash Crops,1.9,Long-term,Vegetables,Cauliflower,169,75969,143619
24.2,85.1,Plain,Alfisol,Rainfed,Pulses,2.3,Short-term,Oilseeds,Soybean,94,52070,91542
24.25,85.82,Plateau,Entisol,Rainfed,Cash Crops,2.9,Long-term,Oilseeds,Sesame,135,4078,10862
23.73,84.23,Hilly,Inceptisol,Rainfed,Vegetables,1.5,Short-term,Cereals,Maize,107,53589,85410
23.19,84.47,Hilly,Inceptisol,Rainfed,Rice,1.9,Long-term,Cash Crops,Cotton,179,66095,170321
23.88,83.67,Plain,Alfisol,Rainfed,Vegetables,2.6,Long-term,Pulses,Pigeon Pea,134,18083,54221
24.03,85.17,Hilly,Inceptisol,Irrigated,Rice,1.3,Short-term,Cereals,Maize,98,28518,66433
23.43,85.64,Hilly,Inceptisol,Irrigated,Maize,2.9,Long-term,Oilseeds,Soybean,153,17938,47063
24.45,84.31,Hilly,Inceptisol,Rainfed,Cash Crops,2.2,Long-term,Cash Crops,Tobacco,176,21338,61851
23.0,84.67,Plateau,Entisol,Rainfed,Cash Crops,1.3,Long-term,Pulses,Black Gram,168,93757,265565
24.17,85.43,Hilly,Inceptisol,Rainfed,Oilseeds,1.8,Long-term,Mixed,Agroforestry,173,32784,80438
24.39,85.11,Hilly,Inceptisol,Rainfed,Vegetables,1.1,Short-term,Cereals,Rice,94,33198,69776
23.26,85.8,Plain,Alfisol,Rainfed,Vegetables,2.8,Long-term,Cereals,Millet,142,53141,150131
23.02,84.77,Plain,Alfisol,Rainfed,Pulses,1.8,Long-term,Pulses,Gram,133,53418,149740
23.33,83.72,Plateau,Entisol,Irrigated,Fruits,2.1,Long-term,Pulses,Lentil,152,62663,135055
23.99,85.31,Plateau,Entisol,Irrigated,Vegetables,2.0,Long-term,Vegetables,Brinjal,164,96317,236582
23.32,84.72,Plain,Alfisol,Rainfed,Vegetables,2.6,Short-term,Pulses,Black Gram,110,21497,57020
23.78,84.14,Plateau,Entisol,Rainfed,Fruits,1.5,Long-term,Fruits,Litchi,179,67880,157314
23.72,83.64,Plain,Alfisol,Rainfed,Oilseeds,2.5,Long-term,Cereals,Millet,179,57524,134641
23.14,85.33,Hilly,Inceptisol,Rainfed,Fruits,2.4,Short-term,Mixed,Intercropping,112,66273,170910
23.94,85.61,Plain,Alfisol,Rainfed,Maize,2.4,Short-term,Fruits,Papaya,101,94559,144236
24.05,84.19,Plateau,Entisol,Rainfed,Vegetables,2.5,Long-term,Oilseeds,Sunflower,131,70080,205277
24.37,84.48,Hilly,Inceptisol,Irrigated,Oilseeds,2.9,Long-term,Vegetables,Potato,133,13253,31779
23.46,84.66,Plain,Alfisol,Irrigated,Vegetables,1.7,Short-term,Cash Crops,Cotton,90,48963,123868
23.73,85.08,Plateau,Entisol,Rainfed,Fruits,1.2,Long-term,Fruits,Banana,166,74878,220764
23.2,85.41,Plain,Alfisol,Rainfed,Fruits,2.1,Long-term,Cash Crops,Jute,179,42974,77882
23.99,85.83,Plateau,Entisol,Rainfed,Oilseeds,1.6,Long-term,Cereals,Millet,144,24821,37775
23.45,84.8,Plateau,Entisol,Irrigated,Maize,2.4,Long-term,Mixed,Intercropping,161,77212,137425
23.1,84.3,Plain,Alfisol,Rainfed,Vegetables,1.2,Long-term,Pulses,Lentil,144,76968,127819
23.37,85.59,Plain,Alfisol,Rainfed,Rice,3.0,Short-term,Oilseeds,Mustard,108,8636,14294
24.18,84.26,Plateau,Entisol,Rainfed,Vegetables,3.0,Long-term,Oilseeds,Sunflower,134,59782,95601
23.44,84.56,Hilly,Inceptisol,Rainfed,Cash Crops,1.3,Long-term,Mixed,Silvipasture,159,8916,19257
23.59,83.93,Plateau,Entisol,Irrigated,Rice,2.4,Long-term,Pulses,Pigeon Pea,161,65065,113821
23.49,85.63,Plain,Alfisol,Rainfed,Rice,1.4,Long-term,Oilseeds,Groundnut,179,14062,30328
23.99,83.74,Plateau,Entisol,Irrigated,Rice,2.0,Short-term,Mixed,Intercropping,90,70847,165411
23.23,84.09,Hilly,Inceptisol,Rainfed,Vegetables,1.6,Short-term,Vegetables,Onion,100,49468,110879
24.22,85.53,Hilly,Inceptisol,Irrigated,Oilseeds,2.5,Short-term,Oilseeds,Sunflower,91,68942,144270
23.69,85.57,Plateau,Entisol,Irrigated,Fruits,1.5,Long-term,Cash Crops,Tobacco,135,14419,23875
23.95,84.63,Plain,Alfisol,Irrigated,Fruits,1.4,Long-term,Vegetables,Brinjal,126,55080,160665
23.38,84.86,Plain,Alfisol,Rainfed,Oilseeds,2.2,Short-term,Pulses,Pigeon Pea,113,24101,52006
23.44,85.13,Plain,Alfisol,Rainfed,Pulses,1.4,Short-term,Cash Crops,Cotton,94,93824,169078
23.29,85.18,Hilly,Inceptisol,Rainfed,Oilseeds,2.3,Long-term,Vegetables,Brinjal,125,20726,61194
23.14,84.84,Plateau,Entisol,Irrigated,Vegetables,1.7,Long-term,Fruits,Papaya,129,74658,157083
23.19,86.0,Plain,Alfisol,Irrigated,Pulses,2.8,Short-term,Mixed,Silvipasture,104,96728,176031
23.33,84.17,Plateau,Entisol,Irrigated,Fruits,2.9,Short-term,Oilseeds,Groundnut,106,55310,146252
23.52,85.62,Plateau,Entisol,Rainfed,Fruits,2.9,Short-term,Mixed,Silvipasture,116,9905,16302
23.29,84.73,Plateau,Entisol,Irrigated,Pulses,3.0,Short-term,Pulses,Pigeon Pea,109,84001,209388
23.94,85.95,Plain,Alfisol,Irrigated,Rice,1.9,Long-term,Mixed,Agroforestry,161,97733,254689
23.75,85.08,Plain,Alfisol,Rainfed,Rice,1.9,Long-term,Fruits,Litchi,125,39656,95816
23.6,84.87,Hilly,Inceptisol,Rainfed,Pulses,1.6,Long-term,Pulses,Gram,148,73865,122625
23.25,84.55,Plateau,Entisol,Rainfed,Cash Crops,2.0,Short-term,Oilseeds,Mustard,108,24168,50882
24.41,84.96,Plain,Alfisol,Irrigated,Cash Crops,2.2,Long-term,Oilseeds,Mustard,180,86137,258267
23.52,85.31,Hilly,Inceptisol,Rainfed,Pulses,2.0,Short-term,Oilseeds,Soybean,101,42550,119228
24.05,85.62,Plain,Alfisol,Rainfed,Fruits,1.7,Long-term,Cereals,Barley,176,60026,142525
24.3,85.41,Hilly,Inceptisol,Rainfed,Maize,2.4,Short-term,Oilseeds,Sesame,106,70480,200820
23.27,83.9,Plateau,Entisol,Rainfed,Oilseeds,2.8,Short-term,Oilseeds,Mustard,107,12656,34249
24.45,84.75,Plateau,Entisol,Rainfed,Fruits,2.0,Short-term,Mixed,Agroforestry,104,99039,275108
23.51,84.6,Plain,Alfisol,Rainfed,Rice,2.9,Long-term,Fruits,Banana,151,23620,65923
23.77,84.44,Plain,Alfisol,Irrigated,Pulses,2.9,Short-term,Pulses,Lentil,91,45133,129738
23.78,84.56,Hilly,Inceptisol,Irrigated,Maize,2.7,Long-term,Cereals,Sorghum,130,15226,41027
24.13,83.8,Hilly,Inceptisol,Rainfed,Fruits,2.0,Long-term,Cereals,Rice,135,16371,25847
23.61,83.7,Hilly,Inceptisol,Rainfed,Rice,2.9,Long-term,Cash Crops,Tobacco,169,54280,117559
23.37,84.31,Plain,Alfisol,Rainfed,Fruits,2.5,Long-term,Pulses,Lentil,146,3069,8164
23.4,85.44,Hilly,Inceptisol,Irrigated,Cash Crops,1.1,Short-term,Vegetables,Tomato,101,59652,169723
23.23,85.64,Plain,Alfisol,Irrigated,Rice,1.7,Long-term,Vegetables,Cabbage,174,20134,47951
23.84,85.85,Hilly,Inceptisol,Rainfed,Fruits,2.6,Long-term,Cash Crops,Cotton,160,27808,78389
24.29,84.74,Plain,Alfisol,Rainfed,Vegetables,1.4,Short-term,Pulses,Pigeon Pea,103,88549,146194
23.37,84.67,Plateau,Entisol,Rainfed,Maize,2.5,Short-term,Vegetables,Onion,113,76502,180765
24.29,83.7,Hilly,Inceptisol,Irrigated,Rice,2.1,Long-term,Cereals,Wheat,170,83967,216903
24.33,85.43,Hilly,Inceptisol,Irrigated,Maize,2.1,Long-term,Cash Crops,Jute,133,6784,17915
23.27,84.1,Plateau,Entisol,Rainfed,Rice,1.1,Long-term,Cash Crops,Tobacco,147,39356,82250
23.87,84.22,Plateau,Entisol,Irrigated,Maize,1.1,Long-term,Mixed,Silvipasture,144,74738,210087
23.39,83.69,Plain,Alfisol,Rainfed,Rice,2.6,Short-term,Pulses,Lentil,101,84294,156800
23.79,85.93,Hilly,Inceptisol,Rainfed,Cash Crops,2.8,Long-term,Mixed,Intercropping,128,60934,97013
24.47,85.4,Hilly,Inceptisol,Rainfed,Vegetables,1.9,Short-term,Vegetables,Cabbage,100,68649,197380
24.07,85.26,Hilly,Inceptisol,Irrigated,Oilseeds,1.5,Long-term,Mixed,Agroforestry,138,52629,102132
24.0,84.42,Plateau,Entisol,Rainfed,Vegetables,1.4,Short-term,Mixed,Silvipasture,93,30681,48664
23.04,85.31,Plain,Alfisol,Rainfed,Fruits,1.2,Short-term,Vegetables,Cabbage,94,85435,163521
23.49,85.19,Plateau,Entisol,Rainfed,Maize,1.8,Short-term,Cash Crops,Cotton,106,15523,45440
23.43,85.52,Hilly,Inceptisol,Irrigated,Cash Crops,1.7,Short-term,Fruits,Litchi,95,79449,194297
23.29,85.45,Plateau,Entisol,Rainfed,Vegetables,1.8,Short-term,Oilseeds,Groundnut,116,57721,110277
24.47,84.37,Hilly,Inceptisol,Rainfed,Vegetables,2.0,Long-term,Cash Crops,Sugarcane,170,37044,72121
24.12,83.81,Plain,Alfisol,Rainfed,Rice,1.7,Long-term,Fruits,Litchi,143,21411,50477
23.39,84.77,Plain,Alfisol,Irrigated,Cash Crops,2.8,Long-term,Vegetables,Cauliflower,162,69547,187941
23.17,83.8,Plateau,Entisol,Rainfed,Fruits,2.1,Long-term,Cereals,Wheat,141,64966,106490
23.62,83.63,Plateau,Entisol,Rainfed,Maize,1.3,Long-term,Oilseeds,Groundnut,142,57611,146300
23.84,85.48,Hilly,Inceptisol,Rainfed,Fruits,1.1,Long-term,Oilseeds,Mustard,139,19663,39092
24.45,85.89,Plateau,Entisol,Rainfed,Pulses,1.0,Short-term,Pulses,Gram,104,55725,149261
23.62,83.64,Hilly,Inceptisol,Irrigated,Fruits,2.8,Long-term,Pulses,Pigeon Pea,142,65091,156327
23.5,84.93,Hilly,Inceptisol,Irrigated,Oilseeds,1.3,Long-term,Pulses,Pigeon Pea,147,75899,119328
23.82,84.46,Plateau,Entisol,Rainfed,Oilseeds,1.2,Long-term,Fruits,Mango,150,50502,145504
23.92,83.65,Hilly,Inceptisol,Irrigated,Fruits,2.7,Short-term,Mixed,Intercropping,91,88931,153806
23.01,85.53,Plateau,Entisol,Irrigated,Vegetables,3.0,Long-term,Mixed,Intercropping,134,17752,41088
24.44,85.3,Plain,Alfisol,Irrigated,Maize,2.3,Long-term,Mixed,Silvipasture,172,8343,17663
24.16,85.72,Hilly,Inceptisol,Rainfed,Cash Crops,1.4,Long-term,Fruits,Banana,159,27732,43154
23.14,84.72,Plain,Alfisol,Irrigated,Cash Crops,1.4,Short-term,Cash Crops,Tobacco,115,94546,260532
23.59,83.9,Hilly,Inceptisol,Irrigated,Cash Crops,1.7,Long-term,Pulses,Green Gram,128,57635,167360
23.11,83.75,Plain,Alfisol,Rainfed,Fruits,1.8,Short-term,Cereals,Maize,93,74273,147631
24.37,85.47,Plain,Alfisol,Rainfed,Rice,2.1,Long-term,Cereals,Maize,176,18234,31122
23.7,83.86,Plain,Alfisol,Rainfed,Cash Crops,2.2,Long-term,Cash Crops,Sugarcane,172,95596,166955
23.28,83.8,Plateau,Entisol,Irrigated,Vegetables,2.7,Short-term,Cereals,Barley,101,63412,102890
23.77,84.69,Plateau,Entisol,Rainfed,Cash Crops,1.8,Long-term,Vegetables,Tomato,147,44508,68533
24.02,85.4,Plateau,Entisol,Rainfed,Vegetables,2.2,Long-term,Pulses,Pigeon Pea,127,39882,82365
23.59,84.25,Plateau,Entisol,Irrigated,Vegetables,1.7,Short-term,Cereals,Barley,104,92099,224173
24.32,85.38,Hilly,Inceptisol,Rainfed,Cash Crops,2.5,Long-term,Cash Crops,Tobacco,160,84344,210339
24.03,84.41,Hilly,Inceptisol,Rainfed,Oilseeds,1.2,Short-term,Mixed,Silvipasture,103,3950,9362
24.29,84.42,Plain,Alfisol,Irrigated,Cash Crops,1.2,Long-term,Oilseeds,Groundnut,138,99859,258537
24.25,85.13,Hilly,Inceptisol,Irrigated,Vegetables,2.5,Short-term,Cereals,Sorghum,95,55501,138923
23.98,84.78,Plateau,Entisol,Rainfed,Fruits,1.9,Short-term,Cereals,Maize,92,95300,220957
24.01,83.7,Plain,Alfisol,Irrigated,Pulses,2.3,Long-term,Pulses,Green Gram,170,46995,101844
24.22,85.67,Plain,Alfisol,Rainfed,Cash Crops,1.6,Short-term,Cash Crops,Cotton,108,44567,98095
24.02,85.63,Plain,Alfisol,Rainfed,Cash Crops,1.0,Long-term,Pulses,Lentil,149,49772,88463
23.87,83.76,Hilly,Inceptisol,Rainfed,Maize,1.3,Short-term,Mixed,Intercropping,99,73038,217825
23.56,84.23,Hilly,Inceptisol,Irrigated,Cash Crops,1.4,Long-term,Oilseeds,Sunflower,126,52578,140239
23.41,84.46,Plain,Alfisol,Irrigated,Cash Crops,2.6,Long-term,Oilseeds,Mustard,154,94151,165529
23.41,84.37,Plateau,Entisol,Rainfed,Fruits,2.8,Short-term,Mixed,Agroforestry,115,28189,43626
23.62,85.73,Plateau,Entisol,Rainfed,Fruits,1.5,Long-term,Cereals,Maize,143,13863,33154
24.32,83.85,Plain,Alfisol,Irrigated,Fruits,1.6,Short-term,Mixed,Silvipasture,95,77959,129219
23.35,83.75,Hilly,Inceptisol,Irrigated,Oilseeds,2.0,Long-term,Vegetables,Potato,166,16478,35335
23.19,84.45,Hilly,Inceptisol,Rainfed,Rice,2.9,Short-term,Pulses,Green Gram,108,6167,10311
24.18,85.25,Hilly,Inceptisol,Rainfed,Vegetables,1.3,Long-term,Vegetables,Onion,178,6359,13886
24.22,84.25,Hilly,Inceptisol,Rainfed,Cash Crops,2.3,Long-term,Mixed,Agroforestry,142,90506,135822
24.35,85.97,Plain,Alfisol,Rainfed,Pulses,2.3,Long-term,Cash Crops,Cotton,145,46356,72063
23.14,84.66,Hilly,Inceptisol,Irrigated,Fruits,1.6,Long-term,Mixed,Intercropping,142,48754,117151
24.37,84.6,Plateau,Entisol,Rainfed,Rice,1.7,Long-term,Vegetables,Brinjal,154,22351,50354
24.19,83.74,Plateau,Entisol,Irrigated,Maize,2.7,Short-term,Mixed,Silvipasture,103,33316,51695
23.71,83.8,Plain,Alfisol,Rainfed,Oilseeds,2.3,Short-term,Oilseeds,Sesame,98,26018,64119
23.05,84.04,Plain,Alfisol,Rainfed,Vegetables,1.5,Long-term,Fruits,Guava,148,81811,221416
23.21,85.02,Hilly,Inceptisol,Irrigated,Cash Crops,1.2,Short-term,Vegetables,Onion,113,91163,232591
23.48,85.18,Plateau,Entisol,Rainfed,Pulses,2.6,Short-term,Mixed,Agroforestry,100,68669,187511
23.63,85.45,Plain,Alfisol,Rainfed,Fruits,2.5,Long-term,Vegetables,Tomato,126,52200,140953
23.4,85.12,Hilly,Inceptisol,Rainfed,Rice,1.3,Short-term,Fruits,Banana,113,3428,5876
23.67,85.01,Plateau,Entisol,Irrigated,Fruits,1.6,Long-term,Vegetables,Cauliflower,132,85516,159788
23.24,84.34,Hilly,Inceptisol,Irrigated,Cash Crops,2.4,Long-term,Oilseeds,Soybean,142,42501,124226
23.27,85.52,Hilly,Inceptisol,Rainfed,Vegetables,2.6,Long-term,Cash Crops,Jute,124,62814,187867
23.62,85.61,Plateau,Entisol,Irrigated,Rice,1.4,Long-term,Cereals,Wheat,158,54171,134716
24.36,85.72,Plain,Alfisol,Irrigated,Rice,1.1,Long-term,Vegetables,Onion,126,29262,55718
23.3,83.53,Plateau,Entisol,Irrigated,Pulses,2.4,Long-term,Cash Crops,Cotton,180,90600,175906
24.35,85.3,Plain,Alfisol,Rainfed,Oilseeds,2.7,Long-term,Cereals,Rice,123,67113,156700
23.04,85.69,Hilly,Inceptisol,Irrigated,Oilseeds,1.5,Short-term,Pulses,Green Gram,116,77620,163019
24.06,84.73,Plain,Alfisol,Rainfed,Vegetables,2.6,Long-term,Mixed,Silvipasture,159,88865,151738
23.26,83.81,Plain,Alfisol,Rainfed,Fruits,2.3,Long-term,Mixed,Agroforestry,128,65037,142787
24.14,83.55,Hilly,Inceptisol,Irrigated,Oilseeds,2.5,Long-term,Cash Crops,Jute,147,8136,19738
23.88,85.62,Plain,Alfisol,Rainfed,Maize,2.8,Short-term,Cash Crops,Jute,106,27812,75202
23.18,85.51,Hilly,Inceptisol,Irrigated,Cash Crops,1.2,Short-term,Oilseeds,Mustard,111,9211,17900
23.2,85.52,Plateau,Entisol,Rainfed,Cash Crops,1.6,Long-term,Cereals,Sorghum,165,52056,103551
24.09,85.74,Plain,Alfisol,Irrigated,Rice,1.6,Short-term,Pulses,Black Gram,109,81760,202560
23.32,84.11,Hilly,Inceptisol,Rainfed,Oilseeds,2.3,Long-term,Cash Crops,Cotton,166,94413,195088
24.27,83.56,Hilly,Inceptisol,Rainfed,Fruits,1.6,Short-term,Vegetables,Brinjal,99,30717,59762
23.1,84.68,Plain,Alfisol,Rainfed,Oilseeds,2.9,Short-term,Cash Crops,Tobacco,98,14919,36763
24.12,85.73,Plateau,Entisol,Irrigated,Rice,2.0,Long-term,Pulses,Green Gram,145,51808,104732
24.42,85.17,Hilly,Inceptisol,Irrigated,Cash Crops,1.3,Long-term,Oilseeds,Groundnut,137,67232,156831
23.1,84.7,Plain,Alfisol,Irrigated,Rice,1.9,Short-term,Mixed,Silvipasture,92,39661,60668
23.75,84.64,Hilly,Inceptisol,Irrigated,Cash Crops,1.2,Long-term,Cereals,Barley,173,56275,98564
23.89,84.15,Plain,Alfisol,Rainfed,Cash Crops,2.1,Short-term,Cash Crops,Jute,101,44916,68134
24.48,84.9,Hilly,Inceptisol,Irrigated,Fruits,1.7,Short-term,Vegetables,Onion,100,81402,162943
24.5,85.71,Plain,Alfisol,Rainfed,Cash Crops,2.3,Long-term,Cereals,Maize,140,52265,156616
24.14,85.35,Plain,Alfisol,Rainfed,Maize,2.9,Long-term,Mixed,Silvipasture,155,60518,170170
24.35,84.93,Plateau,Entisol,Irrigated,Fruits,1.9,Long-term,Oilseeds,Mustard,131,45460,92955
23.4,85.58,Plain,Alfisol,Rainfed,Fruits,1.6,Long-term,Pulses,Green Gram,167,47324,77338
23.22,83.51,Plain,Alfisol,Irrigated,Fruits,2.2,Long-term,Cash Crops,Jute,179,21379,55559
23.55,85.96,Plateau,Entisol,Irrigated,Pulses,1.2,Short-term,Fruits,Litchi,110,34284,77715
23.77,85.27,Plain,Alfisol,Rainfed,Rice,1.7,Long-term,Mixed,Agroforestry,138,68840,103664
24.47,85.24,Plateau,Entisol,Rainfed,Vegetables,2.9,Long-term,Cash Crops,Sugarcane,147,63573,156737
23.96,85.42,Plain,Alfisol,Irrigated,Cash Crops,1.2,Long-term,Fruits,Banana,158,29917,80522
23.63,84.33,Plain,Alfisol,Irrigated,Pulses,1.4,Long-term,Mixed,Intercropping,125,72286,109497
23.83,85.65,Hilly,Inceptisol,Rainfed,Maize,2.9,Long-term,Vegetables,Onion,153,40278,100710
24.5,85.04,Plain,Alfisol,Irrigated,Oilseeds,1.4,Long-term,Pulses,Gram,168,24689,60579
23.68,84.41,Plain,Alfisol,Rainfed,Maize,2.3,Long-term,Fruits,Litchi,176,29929,88232
23.21,84.75,Hilly,Inceptisol,Rainfed,Fruits,1.3,Short-term,Cereals,Millet,119,60775,108546
24.38,83.93,Plateau,Entisol,Irrigated,Fruits,1.9,Short-term,Pulses,Lentil,109,91385,187730
24.49,85.15,Plateau,Entisol,Rainfed,Vegetables,2.1,Long-term,Vegetables,Potato,170,45492,82502
23.94,84.75,Plain,Alfisol,Irrigated,Oilseeds,1.7,Short-term,Mixed,Agroforestry,117,97416,184125
24.23,84.13,Plateau,Entisol,Irrigated,Fruits,3.0,Long-term,Mixed,Agroforestry,128,8338,22936
23.37,85.11,Plain,Alfisol,Rainfed,Pulses,2.9,Short-term,Cereals,Rice,94,57698,130350
23.59,83.66,Plain,Alfisol,Rainfed,Oilseeds,1.4,Long-term,Pulses,Lentil,166,90123,248495
23.7,84.43,Plateau,Entisol,Irrigated,Oilseeds,2.8,Long-term,Cereals,Maize,160,7943,12971
23.2,83.82,Plateau,Entisol,Rainfed,Cash Crops,2.4,Long-term,Vegetables,Onion,165,74807,215513
23.3,84.88,Plateau,Entisol,Irrigated,Cash Crops,1.2,Long-term,Vegetables,Brinjal,159,66053,170169
24.34,84.88,Plateau,Entisol,Irrigated,Fruits,1.7,Long-term,Mixed,Intercropping,168,24600,62738
23.02,84.39,Plateau,Entisol,Rainfed,Pulses,2.9,Long-term,Oilseeds,Soybean,123,67198,103772
23.65,85.08,Hilly,Inceptisol,Irrigated,Vegetables,2.6,Short-term,Fruits,Banana,103,28985,74422
23.31,85.6,Hilly,Inceptisol,Rainfed,Oilseeds,1.2,Short-term,Fruits,Guava,114,61260,121868
23.26,84.53,Plain,Alfisol,Rainfed,Oilseeds,2.3,Short-term,Pulses,Gram,109,22579,47994
23.06,85.81,Plateau,Entisol,Irrigated,Rice,1.1,Long-term,Cash Crops,Sugarcane,167,41630,63058
23.42,85.2,Plateau,Entisol,Rainfed,Oilseeds,2.7,Long-term,Pulses,Gram,148,67995,158627
23.25,85.43,Hilly,Inceptisol,Rainfed,Vegetables,1.4,Long-term,Cash Crops,Jute,122,49299,104960
23.31,85.13,Plain,Alfisol,Irrigated,Pulses,2.6,Long-term,Cereals,Millet,133,49326,109411
23.23,85.88,Plain,Alfisol,Rainfed,Oilseeds,2.2,Long-term,Pulses,Pigeon Pea,163,96140,203995
23.81,83.67,Hilly,Inceptisol,Rainfed,Oilseeds,1.1,Short-term,Oilseeds,Sunflower,118,48687,140622
23.18,85.85,Hilly,Inceptisol,Rainfed,Pulses,1.0,Long-term,Mixed,Intercropping,142,61300,134724
23.34,83.77,Plain,Alfisol,Rainfed,Cash Crops,1.1,Long-term,Oilseeds,Soybean,180,12465,26679
23.93,85.83,Hilly,Inceptisol,Rainfed,Oilseeds,2.6,Long-term,Fruits,Litchi,124,20761,46925
23.85,84.23,Plain,Alfisol,Irrigated,Pulses,2.1,Long-term,Fruits,Banana,157,44370,79012
23.11,84.04,Plateau,Entisol,Irrigated,Vegetables,1.7,Short-term,Cash Crops,Jute,97,95874,157249
23.89,84.86,Plain,Alfisol,Rainfed,Rice,1.1,Short-term,Vegetables,Cabbage,108,22905,45426
24.29,85.27,Plain,Alfisol,Irrigated,Maize,1.8,Long-term,Oilseeds,Sesame,137,29211,68159
23.47,83.72,Hilly,Inceptisol,Irrigated,Maize,2.9,Short-term,Cereals,Barley,94,61912,137110
23.73,85.44,Plain,Alfisol,Irrigated,Vegetables,1.3,Long-term,Mixed,Agroforestry,164,78492,184510
23.27,85.92,Hilly,Inceptisol,Irrigated,Vegetables,2.3,Long-term,Cash Crops,Jute,139,92027,235824
23.31,85.02,Hilly,Inceptisol,Rainfed,Fruits,2.7,Long-term,Vegetables,Onion,166,42076,74342
23.25,85.74,Plain,Alfisol,Irrigated,Pulses,2.5,Short-term,Cash Crops,Tobacco,102,62136,131753
23.51,84.21,Plateau,Entisol,Rainfed,Maize,1.9,Long-term,Cash Crops,Jute,149,31747,89526
23.86,83.98,Plateau,Entisol,Irrigated,Rice,1.8,Long-term,Pulses,Gram,156,43641,96157
24.44,85.73,Hilly,Inceptisol,Rainfed,Rice,2.9,Long-term,Cereals,Maize,168,54183,105074
24.26,83.61,Plain,Alfisol,Rainfed,Oilseeds,1.6,Long-term,Cereals,Millet,180,19665,48155
23.89,85.77,Plain,Alfisol,Irrigated,Maize,1.2,Short-term,Mixed,Silvipasture,109,6403,12508
23.54,84.7,Hilly,Inceptisol,Rainfed,Maize,2.3,Long-term,Fruits,Guava,130,79016,159995
24.01,83.9,Hilly,Inceptisol,Rainfed,Pulses,1.7,Short-term,Cash Crops,Jute,119,53163,150944
23.59,85.65,Plain,Alfisol,Rainfed,Rice,2.2,Long-term,Fruits,Mango,150,82331,192865
23.1,85.52,Hilly,Inceptisol,Rainfed,Vegetables,2.1,Long-term,Mixed,Intercropping,162,39813,104573
24.13,84.35,Plain,Alfisol,Rainfed,Rice,2.6,Short-term,Cereals,Rice,93,8498,25463
23.65,83.99,Hilly,Inceptisol,Irrigated,Vegetables,1.8,Long-term,Pulses,Gram,139,21003,62518
23.0,85.21,Plain,Alfisol,Rainfed,Maize,1.5,Long-term,Pulses,Lentil,152,83564,141652
24.4,84.46,Plain,Alfisol,Rainfed,Oilseeds,2.4,Long-term,Cereals,Rice,177,74334,167851
23.66,83.52,Plain,Alfisol,Rainfed,Fruits,2.6,Long-term,Cereals,Sorghum,169,31702,82184
24.31,84.56,Plain,Alfisol,Rainfed,Pulses,1.7,Long-term,Vegetables,Tomato,160,82270,229118
23.88,85.83,Hilly,Inceptisol,Rainfed,Oilseeds,2.7,Short-term,Cash Crops,Cotton,99,76796,175515
23.52,84.99,Plateau,Entisol,Irrigated,Cash Crops,2.2,Long-term,Oilseeds,Groundnut,140,12393,30502
23.87,85.51,Plain,Alfisol,Irrigated,Vegetables,2.3,Long-term,Mixed,Silvipasture,176,62422,123140
23.55,85.48,Plain,Alfisol,Irrigated,Fruits,2.4,Short-term,Fruits,Papaya,93,97546,212156
23.55,85.59,Plateau,Entisol,Rainfed,Rice,2.6,Long-term,Pulses,Lentil,166,64920,147447
23.52,84.86,Plain,Alfisol,Rainfed,Maize,1.9,Short-term,Vegetables,Potato,111,14584,33168
23.87,84.58,Plateau,Entisol,Irrigated,Pulses,1.2,Long-term,Cash Crops,Cotton,145,31709,50743
24.09,84.75,Plain,Alfisol,Rainfed,Oilseeds,2.5,Long-term,Pulses,Lentil,154,54324,127849
23.29,84.37,Plateau,Entisol,Rainfed,Cash Crops,1.6,Short-term,Mixed,Silvipasture,116,79730,188532
23.45,85.81,Plain,Alfisol,Rainfed,Maize,1.4,Long-term,Mixed,Silvipasture,178,63204,174931
23.19,85.9,Plateau,Entisol,Rainfed,Vegetables,2.6,Long-term,Cereals,Millet,148,24983,58374
23.57,83.87,Hilly,Inceptisol,Rainfed,Rice,1.4,Short-term,Vegetables,Onion,119,26342,61082
24.48,83.72,Hilly,Inceptisol,Rainfed,Oilseeds,2.3,Long-term,Pulses,Gram,120,67889,190395
24.23,85.18,Hilly,Inceptisol,Irrigated,Fruits,1.0,Short-term,Fruits,Litchi,103,9549,25910
23.07,83.85,Plateau,Entisol,Rainfed,Pulses,1.1,Long-term,Cereals,Rice,165,47231,134775
23.45,84.86,Hilly,Inceptisol,Irrigated,Vegetables,2.1,Short-term,Cash Crops,Tobacco,103,15479,23816
23.85,85.77,Hilly,Inceptisol,Rainfed,Cash Crops,1.6,Long-term,Cereals,Rice,130,16697,45026
23.96,83.55,Plateau,Entisol,Irrigated,Maize,2.1,Long-term,Vegetables,Onion,162,47740,83276
23.04,84.43,Plain,Alfisol,Rainfed,Oilseeds,2.7,Short-term,Cash Crops,Jute,108,56068,89964
23.24,85.45,Plain,Alfisol,Rainfed,Pulses,1.7,Long-term,Cash Crops,Tobacco,149,24795,45206
23.4,83.59,Plain,Alfisol,Rainfed,Oilseeds,1.5,Long-term,Vegetables,Cabbage,166,13977,23070
23.85,84.69,Hilly,Inceptisol,Rainfed,Maize,2.4,Short-term,Cash Crops,Tobacco,94,6232,10619
23.19,84.45,Plateau,Entisol,Rainfed,Cash Crops,1.0,Long-term,Pulses,Gram,145,47534,94121
24.25,85.07,Hilly,Inceptisol,Rainfed,Vegetables,1.9,Long-term,Pulses,Lentil,129,38055,96500
23.14,85.17,Hilly,Inceptisol,Irrigated,Oilseeds,2.3,Long-term,Cash Crops,Jute,159,68448,139303
24.39,85.16,Plain,Alfisol,Rainfed,Vegetables,1.4,Long-term,Cereals,Wheat,125,51710,103029
23.99,85.4,Hilly,Inceptisol,Rainfed,Maize,1.6,Short-term,Mixed,Silvipasture,112,3345,9811
24.21,84.49,Plain,Alfisol,Rainfed,Cash Crops,2.1,Long-term,Vegetables,Cauliflower,124,55113,140498
23.08,85.87,Plateau,Entisol,Rainfed,Vegetables,2.2,Long-term,Mixed,Intercropping,156,46065,119134
23.8,84.44,Hilly,Inceptisol,Irrigated,Maize,1.0,Long-term,Cash Crops,Tobacco,148,38636,58815
23.82,85.43,Plain,Alfisol,Rainfed,Vegetables,2.9,Long-term,Fruits,Banana,161,73055,116253
23.15,84.53,Hilly,Inceptisol,Irrigated,Cash Crops,2.6,Long-term,Fruits,Papaya,149,84926,243922
23.85,84.47,Plateau,Entisol,Rainfed,Oilseeds,3.0,Long-term,Cereals,Wheat,163,24954,60957
23.79,85.99,Hilly,Inceptisol,Rainfed,Cash Crops,2.7,Long-term,Cereals,Rice,175,88329,183737
23.36,85.42,Hilly,Inceptisol,Rainfed,Oilseeds,1.7,Long-term,Mixed,Agroforestry,158,70069,150299
23.2,85.54,Hilly,Inceptisol,Irrigated,Oilseeds,2.2,Long-term,Fruits,Litchi,151,96690,285251
23.61,85.81,Plateau,Entisol,Irrigated,Maize,2.1,Long-term,Mixed,Silvipasture,123,74628,219488
24.01,83.88,Plain,Alfisol,Irrigated,Pulses,1.2,Long-term,Oilseeds,Mustard,155,84655,219261
23.83,83.54,Plain,Alfisol,Irrigated,Rice,1.1,Short-term,Cash Crops,Tobacco,95,44728,84280
24.1,83.67,Plateau,Entisol,Rainfed,Fruits,2.6,Long-term,Fruits,Litchi,156,69655,134883
23.98,85.82,Plain,Alfisol,Irrigated,Fruits,2.7,Long-term,Cereals,Barley,130,75745,219724
23.15,84.18,Plateau,Entisol,Rainfed,Oilseeds,2.7,Long-term,Cereals,Wheat,142,87345,158017
24.47,84.49,Hilly,Inceptisol,Irrigated,Pulses,1.7,Long-term,Pulses,Lentil,129,49920,130735
24.13,84.73,Plain,Alfisol,Rainfed,Oilseeds,2.1,Long-term,Vegetables,Cauliflower,177,68576,126917
23.66,85.26,Plateau,Entisol,Irrigated,Vegetables,1.3,Short-term,Cereals,Rice,102,93031,208637
23.93,85.22,Plain,Alfisol,Rainfed,Fruits,3.0,Long-term,Oilseeds,Soybean,178,27820,81743
23.73,85.93,Plain,Alfisol,Irrigated,Cash Crops,1.5,Long-term,Pulses,Lentil,162,82769,193887
23.51,84.51,Hilly,Inceptisol,Rainfed,Maize,2.9,Short-term,Cash Crops,Cotton,98,49535,89290
24.25,84.26,Hilly,Inceptisol,Irrigated,Vegetables,1.6,Long-term,Oilseeds,Sesame,153,69233,180697
24.1,83.67,Plain,Alfisol,Irrigated,Oilseeds,1.5,Long-term,Cereals,Barley,160,3488,6491
24.34,85.83,Plain,Alfisol,Rainfed,Rice,2.7,Long-term,Fruits,Guava,133,31245,62862
23.02,84.25,Plateau,Entisol,Irrigated,Rice,2.9,Short-term,Fruits,Mango,95,53111,132603
24.13,85.22,Plateau,Entisol,Rainfed,Vegetables,1.0,Short-term,Mixed,Agroforestry,97,10515,28058
24.42,84.51,Hilly,Inceptisol,Irrigated,Cash Crops,1.5,Long-term,Cash Crops,Sugarcane,156,45990,77780
24.14,85.97,Hilly,Inceptisol,Rainfed,Maize,2.0,Long-term,Vegetables,Cabbage,122,48194,74971
24.41,83.98,Plain,Alfisol,Rainfed,Vegetables,2.2,Long-term,Vegetables,Cauliflower,122,31210,81688
24.06,83.54,Hilly,Inceptisol,Rainfed,Maize,1.6,Long-term,Oilseeds,Sunflower,127,89207,251017
23.3,84.25,Plateau,Entisol,Rainfed,Fruits,2.2,Short-term,Fruits,Papaya,102,84140,145146
23.6,84.74,Plain,Alfisol,Rainfed,Rice,1.5,Long-term,Oilseeds,Mustard,159,62950,152580
24.05,84.1,Plateau,Entisol,Rainfed,Fruits,1.8,Long-term,Cash Crops,Cotton,166,17628,36908
24.18,85.02,Plateau,Entisol,Rainfed,Vegetables,2.4,Short-term,Mixed,Intercropping,111,3130,6129
24.46,85.56,Hilly,Inceptisol,Rainfed,Oilseeds,2.9,Long-term,Cereals,Maize,169,4583,9491
24.15,85.7,Plain,Alfisol,Rainfed,Rice,1.8,Long-term,Vegetables,Brinjal,158,33294,90449
23.6,84.45,Plain,Alfisol,Irrigated,Cash Crops,2.0,Long-term,Mixed,Agroforestry,141,84406,233227
24.41,84.17,Plain,Alfisol,Rainfed,Oilseeds,1.6,Long-term,Oilseeds,Sunflower,148,57924,114791
23.97,85.96,Plateau,Entisol,Irrigated,Vegetables,1.8,Long-term,Cash Crops,Sugarcane,148,14653,39664
23.01,85.75,Hilly,Inceptisol,Rainfed,Rice,2.6,Long-term,Cash Crops,Cotton,129,24777,39321
24.11,84.33,Plateau,Entisol,Rainfed,Fruits,1.3,Short-term,Vegetables,Onion,99,7630,18009
23.47,84.28,Plain,Alfisol,Rainfed,Rice,1.2,Long-term,Pulses,Lentil,175,56237,128614
23.17,85.1,Hilly,Inceptisol,Rainfed,Fruits,2.1,Long-term,Oilseeds,Soybean,148,45329,130016
23.8,83.67,Plateau,Entisol,Rainfed,Rice,1.0,Long-term,Pulses,Black Gram,124,22550,61681
23.4,83.75,Plateau,Entisol,Irrigated,Fruits,2.8,Long-term,Oilseeds,Soybean,168,12362,28441
23.06,84.27,Hilly,Inceptisol,Irrigated,Rice,1.7,Short-term,Fruits,Banana,119,35753,100048
23.3,83.6,Plateau,Entisol,Rainfed,Maize,1.2,Long-term,Vegetables,Potato,172,7275,15952
23.54,84.73,Plain,Alfisol,Irrigated,Rice,2.6,Long-term,Fruits,Banana,178,11455,27776
23.46,83.52,Plain,Alfisol,Rainfed,Pulses,2.1,Long-term,Fruits,Banana,137,32826,53190
23.39,85.79,Plain,Alfisol,Irrigated,Maize,2.5,Long-term,Mixed,Intercropping,156,77947,189954
23.51,85.77,Hilly,Inceptisol,Irrigated,Oilseeds,1.4,Long-term,Pulses,Green Gram,163,92669,277657
23.16,84.5,Plain,Alfisol,Irrigated,Cash Crops,2.8,Short-term,Cereals,Millet,115,58452,139830
23.58,84.08,Plateau,Entisol,Irrigated,Cash Crops,1.9,Long-term,Vegetables,Cauliflower,171,80783,203139
24.18,85.21,Plain,Alfisol,Irrigated,Vegetables,1.2,Short-term,Pulses,Green Gram,92,24864,41766
24.17,85.72,Hilly,Inceptisol,Rainfed,Fruits,1.9,Long-term,Fruits,Guava,147,95420,157458
23.27,84.86,Plateau,Entisol,Irrigated,Cash Crops,1.7,Long-term,Vegetables,Cabbage,133,21704,48181
23.12,84.47,Hilly,Inceptisol,Irrigated,Cash Crops,1.9,Long-term,Vegetables,Tomato,129,4017,9125
23.17,84.65,Plateau,Entisol,Irrigated,Pulses,1.8,Short-term,Cash Crops,Cotton,95,52953,84828
23.76,83.96,Hilly,Inceptisol,Rainfed,Cash Crops,1.2,Short-term,Mixed,Agroforestry,98,65096,138442
23.36,85.65,Hilly,Inceptisol,Rainfed,Pulses,2.6,Short-term,Vegetables,Onion,96,12981,28358
23.81,85.69,Plateau,Entisol,Rainfed,Cash Crops,1.8,Long-term,Vegetables,Brinjal,165,55184,123926
23.93,83.78,Plain,Alfisol,Rainfed,Pulses,2.0,Long-term,Mixed,Intercropping,169,15897,31345
23.24,84.78,Plain,Alfisol,Rainfed,Rice,2.0,Short-term,Pulses,Black Gram,113,73500,113621
23.05,84.53,Hilly,Inceptisol,Irrigated,Oilseeds,1.9,Long-term,Pulses,Black Gram,130,74681,142115
23.24,84.43,Plateau,Entisol,Irrigated,Cash Crops,2.2,Short-term,Vegetables,Tomato,117,14157,38873
23.43,83.67,Plateau,Entisol,Irrigated,Pulses,2.4,Long-term,Fruits,Papaya,164,64293,178834
24.23,83.92,Plain,Alfisol,Rainfed,Rice,2.1,Short-term,Cereals,Wheat,116,9811,24017
23.09,85.03,Hilly,Inceptisol,Irrigated,Maize,1.5,Long-term,Oilseeds,Groundnut,142,16661,39348
24.44,84.09,Plateau,Entisol,Rainfed,Vegetables,2.9,Long-term,Pulses,Pigeon Pea,143,72631,184825
24.5,84.15,Plateau,Entisol,Rainfed,Cash Crops,1.2,Long-term,Oilseeds,Mustard,165,57301,113652
23.25,85.47,Hilly,Inceptisol,Rainfed,Pulses,1.5,Long-term,Cereals,Millet,146,92494,238378
23.1,84.77,Plain,Alfisol,Rainfed,Maize,2.5,Short-term,Oilseeds,Mustard,112,87778,154989
23.35,83.85,Hilly,Inceptisol,Rainfed,Oilseeds,2.4,Short-term,Oilseeds,Sunflower,104,78719,204867
23.32,85.47,Plain,Alfisol,Rainfed,Rice,1.6,Long-term,Cereals,Wheat,173,77411,152272
23.99,83.86,Plain,Alfisol,Irrigated,Oilseeds,2.5,Short-term,Vegetables,Potato,99,25096,57539
24.39,85.41,Hilly,Inceptisol,Rainfed,Vegetables,1.9,Short-term,Mixed,Intercropping,101,41911,85611
23.29,85.44,Hilly,Inceptisol,Rainfed,Cash Crops,2.2,Long-term,Cash Crops,Cotton,171,59822,171684
24.28,85.42,Plateau,Entisol,Rainfed,Fruits,1.9,Long-term,Vegetables,Potato,120,39320,81963
24.04,85.55,Plain,Alfisol,Irrigated,Maize,1.9,Short-term,Fruits,Mango,107,97919,162831
24.4,84.59,Plateau,Entisol,Irrigated,Oilseeds,1.3,Long-term,Pulses,Lentil,176,88293,247247
24.3,84.76,Plain,Alfisol,Rainfed,Rice,2.5,Short-term,Mixed,Agroforestry,111,54012,93991
24.04,84.96,Plain,Alfisol,Rainfed,Fruits,1.9,Long-term,Vegetables,Brinjal,135,40904,89926
23.96,84.4,Plain,Alfisol,Rainfed,Maize,2.8,Short-term,Vegetables,Cauliflower,97,87995,188435
23.79,85.95,Plain,Alfisol,Rainfed,Rice,2.3,Long-term,Cereals,Millet,153,73370,216486
23.36,85.3,Plateau,Entisol,Rainfed,Pulses,1.1,Short-term,Fruits,Banana,117,39784,88201
23.51,84.84,Hilly,Inceptisol,Rainfed,Cash Crops,1.9,Long-term,Mixed,Silvipasture,144,93760,191055
23.56,83.72,Hilly,Inceptisol,Irrigated,Fruits,1.5,Short-term,Fruits,Mango,92,38289,114330
23.93,84.29,Hilly,Inceptisol,Rainfed,Rice,1.9,Short-term,Fruits,Mango,112,60394,105015
24.24,84.59,Plain,Alfisol,Irrigated,Maize,2.3,Short-term,Cereals,Millet,91,16271,48093
24.13,85.03,Hilly,Inceptisol,Rainfed,Pulses,1.8,Long-term,Cash Crops,Tobacco,148,55686,122020
24.05,83.78,Plain,Alfisol,Rainfed,Oilseeds,1.8,Short-term,Fruits,Guava,99,46373,135300
23.6,85.29,Hilly,Inceptisol,Rainfed,Oilseeds,1.1,Long-term,Mixed,Agroforestry,157,60761,164147
23.21,83.69,Plain,Alfisol,Irrigated,Fruits,3.0,Short-term,Cash Crops,Jute,97,69207,142906
24.05,84.91,Plateau,Entisol,Rainfed,Fruits,2.0,Short-term,Cash Crops,Sugarcane,107,20058,42712
24.06,83.82,Plateau,Entisol,Rainfed,Oilseeds,2.7,Long-term,Vegetables,Cauliflower,122,80413,128158
24.18,84.75,Hilly,Inceptisol,Rainfed,Vegetables,1.2,Short-term,Fruits,Papaya,112,45416,83346
23.17,85.39,Plain,Alfisol,Rainfed,Maize,1.3,Long-term,Oilseeds,Sesame,165,97701,173895
24.08,85.93,Hilly,Inceptisol,Rainfed,Oilseeds,1.2,Long-term,Pulses,Black Gram,170,21684,56110
24.39,84.08,Hilly,Inceptisol,Rainfed,Oilseeds,1.1,Long-term,Oilseeds,Soybean,152,57234,90647
24.16,83.61,Plain,Alfisol,Rainfed,Rice,3.0,Long-term,Cereals,Millet,179,38737,102270
24.34,84.54,Hilly,Inceptisol,Rainfed,Vegetables,1.4,Long-term,Pulses,Green Gram,127,98566,208943
23.54,85.72,Plain,Alfisol,Irrigated,Cash Crops,1.9,Short-term,Oilseeds,Sesame,94,31279,63665
23.48,84.51,Plateau,Entisol,Rainfed,Oilseeds,2.5,Short-term,Oilseeds,Soybean,102,17620,48562
24.38,85.56,Hilly,Inceptisol,Rainfed,Fruits,2.7,Long-term,Cereals,Wheat,148,98019,239056
23.29,84.7,Plain,Alfisol,Rainfed,Oilseeds,2.2,Long-term,Cereals,Millet,161,10852,20868
23.71,85.16,Hilly,Inceptisol,Rainfed,Rice,2.7,Long-term,Oilseeds,Sesame,180,18848,39342
24.34,84.29,Plateau,Entisol,Irrigated,Vegetables,2.7,Long-term,Pulses,Black Gram,150,86038,169916
23.72,85.59,Hilly,Inceptisol,Rainfed,Cash Crops,1.8,Short-term,Mixed,Silvipasture,118,40899,115178
23.44,84.26,Plateau,Entisol,Rainfed,Rice,2.3,Long-term,Cash Crops,Cotton,164,53664,80807
24.14,85.6,Plateau,Entisol,Irrigated,Pulses,2.2,Short-term,Cash Crops,Tobacco,90,68126,104636
23.1,83.76,Hilly,Inceptisol,Rainfed,Vegetables,2.5,Long-term,Cash Crops,Cotton,140,76938,217290
24.49,84.0,Plateau,Entisol,Rainfed,Oilseeds,2.4,Short-term,Cereals,Barley,94,72279,125153
23.98,84.73,Plateau,Entisol,Rainfed,Oilseeds,1.2,Long-term,Oilseeds,Groundnut,122,22543,55087
23.63,84.56,Plain,Alfisol,Rainfed,Maize,1.5,Long-term,Cash Crops,Jute,132,42489,75663
23.12,85.2,Hilly,Inceptisol,Irrigated,Vegetables,2.8,Long-term,Vegetables,Onion,176,38874,59301
23.42,84.19,Plateau,Entisol,Rainfed,Maize,2.8,Short-term,Mixed,Agroforestry,104,6069,9502
23.99,85.45,Hilly,Inceptisol,Irrigated,Maize,2.4,Long-term,Cereals,Barley,124,58786,92736
24.11,84.4,Plain,Alfisol,Rainfed,Maize,1.5,Long-term,Mixed,Agroforestry,133,23559,55615
23.01,83.97,Plain,Alfisol,Irrigated,Fruits,2.9,Short-term,Cereals,Rice,115,41552,121680
24.48,84.95,Hilly,Inceptisol,Rainfed,Pulses,2.7,Short-term,Mixed,Silvipasture,94,9620,16925
23.07,85.8,Plain,Alfisol,Rainfed,Rice,1.3,Short-term,Vegetables,Cauliflower,94,98331,203225
23.43,83.99,Plateau,Entisol,Rainfed,Fruits,1.8,Long-term,Oilseeds,Mustard,170,56022,138238
23.91,84.62,Plain,Alfisol,Irrigated,Fruits,2.6,Short-term,Cereals,Rice,118,39000,114814
23.77,85.5,Plain,Alfisol,Rainfed,Rice,2.5,Long-term,Fruits,Banana,143,69103,188371
24.38,85.19,Plain,Alfisol,Irrigated,Oilseeds,2.8,Long-term,Pulses,Lentil,149,16523,39045
23.47,84.19,Plateau,Entisol,Irrigated,Vegetables,2.4,Short-term,Cereals,Maize,117,38267,96894
23.8,85.12,Hilly,Inceptisol,Rainfed,Rice,1.0,Long-term,Cash Crops,Jute,136,72138,144746
24.16,84.01,Hilly,Inceptisol,Rainfed,Maize,1.1,Long-term,Vegetables,Tomato,147,93265,236573
23.38,84.71,Plain,Alfisol,Rainfed,Fruits,2.5,Long-term,Oilseeds,Groundnut,174,97767,214951
23.07,84.22,Hilly,Inceptisol,Rainfed,Rice,1.6,Long-term,Vegetables,Cauliflower,152,37057,59253
23.63,83.81,Plateau,Entisol,Rainfed,Cash Crops,2.6,Long-term,Cash Crops,Cotton,139,28148,47966
23.85,84.41,Plateau,Entisol,Rainfed,Rice,1.9,Short-term,Cash Crops,Tobacco,116,27567,54533
24.27,83.77,Plain,Alfisol,Rainfed,Oilseeds,1.4,Short-term,Vegetables,Brinjal,112,60832,100219
23.71,83.61,Plateau,Entisol,Rainfed,Rice,1.4,Long-term,Cash Crops,Tobacco,174,85476,206413
24.32,84.91,Plateau,Entisol,Irrigated,Vegetables,1.4,Short-term,Pulses,Pigeon Pea,103,17347,44161
24.49,84.51,Hilly,Inceptisol,Rainfed,Pulses,2.0,Long-term,Mixed,Agroforestry,167,36239,85911
24.03,84.34,Hilly,Inceptisol,Rainfed,Cash Crops,1.6,Long-term,Cereals,Maize,160,69923,201443
23.03,83.91,Plateau,Entisol,Irrigated,Pulses,2.9,Long-term,Oilseeds,Groundnut,162,92177,260800
23.64,83.65,Plateau,Entisol,Irrigated,Rice,2.6,Short-term,Vegetables,Cabbage,90,21160,62861
23.37,84.42,Plain,Alfisol,Rainfed,Rice,2.2,Long-term,Oilseeds,Sesame,130,46085,109687
23.96,84.99,Plain,Alfisol,Rainfed,Vegetables,1.2,Long-term,Fruits,Papaya,125,42239,84885
23.26,84.27,Plain,Alfisol,Rainfed,Maize,1.4,Long-term,Fruits,Banana,144,79733,207713
23.75,84.25,Plateau,Entisol,Rainfed,Fruits,2.8,Short-term,Mixed,Agroforestry,114,71519,108710
23.47,84.56,Plateau,Entisol,Rainfed,Cash Crops,2.3,Short-term,Cereals,Barley,116,68864,103932
24.49,83.81,Plain,Alfisol,Irrigated,Vegetables,1.9,Long-term,Vegetables,Onion,138,38771,76951
23.07,83.94,Plateau,Entisol,Rainfed,Cash Crops,2.7,Long-term,Cash Crops,Sugarcane,171,46866,91811
24.29,85.93,Plateau,Entisol,Irrigated,Maize,2.4,Long-term,Cash Crops,Tobacco,137,7287,17853
23.08,85.06,Hilly,Inceptisol,Rainfed,Maize,1.3,Long-term,Mixed,Silvipasture,122,36519,84675
23.97,84.69,Plain,Alfisol,Irrigated,Oilseeds,2.9,Short-term,Vegetables,Cauliflower,111,47530,80896
23.01,85.07,Plain,Alfisol,Rainfed,Fruits,2.3,Long-term,Cash Crops,Cotton,172,21510,46883
24.14,84.46,Plain,Alfisol,Irrigated,Maize,2.9,Short-term,Vegetables,Brinjal,105,56545,115150
23.4,84.93,Hilly,Inceptisol,Irrigated,Maize,1.3,Short-term,Fruits,Mango,108,80000,166610
23.37,84.35,Hilly,Inceptisol,Rainfed,Fruits,3.0,Long-term,Oilseeds,Soybean,151,49620,148322
23.81,83.67,Plain,Alfisol,Irrigated,Fruits,2.4,Long-term,Mixed,Agroforestry,130,67283,179051
23.41,83.65,Plain,Alfisol,Rainfed,Rice,1.3,Long-term,Vegetables,Brinjal,175,19992,51062
23.85,85.17,Plateau,Entisol,Irrigated,Vegetables,1.5,Short-term,Fruits,Papaya,101,80080,186850
24.16,84.44,Hilly,Inceptisol,Rainfed,Maize,1.8,Long-term,Fruits,Mango,128,13656,35198
23.95,84.97,Plateau,Entisol,Irrigated,Oilseeds,2.5,Long-term,Vegetables,Brinjal,177,66942,122765
23.05,85.26,Hilly,Inceptisol,Irrigated,Fruits,2.0,Long-term,Mixed,Silvipasture,162,87213,156330
23.01,83.53,Plateau,Entisol,Rainfed,Fruits,1.2,Long-term,Oilseeds,Sesame,179,33591,96255
23.07,83.65,Hilly,Inceptisol,Rainfed,Rice,2.6,Long-term,Cash Crops,Sugarcane,157,49480,81008
23.19,84.46,Hilly,Inceptisol,Rainfed,Maize,2.9,Short-term,Mixed,Intercropping,95,49728,140053
24.49,84.15,Plateau,Entisol,Irrigated,Vegetables,2.1,Long-term,Oilseeds,Mustard,175,48155,136741
23.08,84.73,Plateau,Entisol,Rainfed,Vegetables,1.9,Long-term,Cereals,Rice,131,52448,127005
23.28,84.03,Plain,Alfisol,Rainfed,Maize,2.2,Short-term,Vegetables,Cauliflower,115,65240,160793
24.07,83.83,Plateau,Entisol,Rainfed,Oilseeds,1.4,Short-term,Cereals,Rice,109,38001,87574
23.35,85.58,Plain,Alfisol,Rainfed,Fruits,1.7,Long-term,Cereals,Sorghum,145,55415,101777
24.14,84.98,Plateau,Entisol,Rainfed,Rice,1.8,Long-term,Pulses,Gram,133,35239,99736
24.21,83.95,Hilly,Inceptisol,Rainfed,Oilseeds,2.7,Long-term,Oilseeds,Soybean,133,14935,37414
24.14,85.6,Hilly,Inceptisol,Irrigated,Vegetables,2.1,Long-term,Fruits,Litchi,175,26154,39718
23.73,83.88,Plain,Alfisol,Irrigated,Fruits,2.5,Long-term,Cereals,Millet,123,46721,82579
24.05,83.61,Plain,Alfisol,Irrigated,Pulses,1.4,Long-term,Vegetables,Cabbage,171,78405,142257
24.02,84.48,Plateau,Entisol,Irrigated,Maize,1.7,Long-term,Pulses,Green Gram,157,31291,57921
24.26,85.74,Plain,Alfisol,Rainfed,Cash Crops,2.9,Short-term,Fruits,Guava,90,84200,239911
23.22,84.79,Plateau,Entisol,Rainfed,Maize,2.4,Short-term,Mixed,Silvipasture,114,94745,216316
23.32,86.0,Plain,Alfisol,Irrigated,Oilseeds,1.6,Long-term,Cereals,Sorghum,159,55896,120877
23.18,83.91,Plain,Alfisol,Rainfed,Vegetables,2.0,Long-term,Fruits,Guava,125,4454,11181
24.04,83.77,Plateau,Entisol,Irrigated,Maize,1.9,Long-term,Oilseeds,Soybean,172,60855,94731
24.01,85.63,Plateau,Entisol,Rainfed,Vegetables,2.1,Long-term,Cash Crops,Sugarcane,146,17146,46428
23.12,84.44,Hilly,Inceptisol,Rainfed,Vegetables,2.2,Long-term,Fruits,Guava,127,27825,60751
24.49,84.09,Plateau,Entisol,Rainfed,Fruits,2.1,Short-term,Fruits,Papaya,109,61740,113553
23.96,83.66,Hilly,Inceptisol,Rainfed,Oilseeds,1.6,Long-term,Cereals,Wheat,137,30886,60960
23.91,84.09,Plateau,Entisol,Rainfed,Maize,2.1,Long-term,Vegetables,Brinjal,127,55366,104015
23.06,84.28,Plain,Alfisol,Rainfed,Oilseeds,2.3,Short-term,Cash Crops,Jute,112,55624,140668
23.03,83.73,Plateau,Entisol,Rainfed,Oilseeds,2.5,Long-term,Pulses,Pigeon Pea,157,54145,88306
23.39,85.01,Plateau,Entisol,Rainfed,Vegetables,1.2,Long-term,Pulses,Black Gram,173,24600,72624
24.43,85.52,Plateau,Entisol,Rainfed,Rice,2.9,Long-term,Mixed,Intercropping,160,97146,231765
23.92,85.21,Hilly,Inceptisol,Rainfed,Rice,2.2,Long-term,Cereals,Sorghum,156,60240,113980
23.69,84.65,Plain,Alfisol,Rainfed,Pulses,1.4,Long-term,Oilseeds,Groundnut,161,22735,63462
23.95,85.45,Plain,Alfisol,Rainfed,Rice,1.3,Long-term,Vegetables,Cabbage,142,52888,89773
24.3,85.47,Plateau,Entisol,Irrigated,Vegetables,1.2,Long-term,Mixed,Silvipasture,139,72745,190446
23.06,84.1,Hilly,Inceptisol,Rainfed,Cash Crops,1.5,Long-term,Mixed,Intercropping,151,66705,101834
24.46,84.87,Plain,Alfisol,Irrigated,Vegetables,1.6,Short-term,Cash Crops,Tobacco,115,59840,117222
23.2,83.57,Plateau,Entisol,Rainfed,Maize,1.9,Long-term,Pulses,Pigeon Pea,175,23187,37698
23.75,85.1,Plain,Alfisol,Rainfed,Fruits,1.1,Long-term,Mixed,Silvipasture,150,80087,192187
23.13,85.24,Plateau,Entisol,Irrigated,Fruits,2.8,Short-term,Vegetables,Potato,110,25025,38851
23.01,85.89,Plain,Alfisol,Irrigated,Cash Crops,1.8,Long-term,Oilseeds,Mustard,138,7182,12004
23.78,84.71,Plateau,Entisol,Rainfed,Cash Crops,1.1,Long-term,Mixed,Silvipasture,158,38782,64337
23.19,84.22,Hilly,Inceptisol,Rainfed,Cash Crops,1.6,Long-term,Vegetables,Tomato,154,26893,48185
23.59,84.59,Hilly,Inceptisol,Rainfed,Fruits,1.1,Long-term,Oilseeds,Sesame,177,17164,41281
23.52,84.69,Plain,Alfisol,Rainfed,Cash Crops,1.1,Long-term,Oilseeds,Groundnut,141,50004,95431
23.36,85.93,Plain,Alfisol,Rainfed,Oilseeds,1.5,Long-term,Mixed,Silvipasture,124,4462,11567
23.28,83.61,Plain,Alfisol,Rainfed,Pulses,1.7,Short-term,Oilseeds,Sunflower,105,10808,24774
23.08,85.81,Hilly,Inceptisol,Rainfed,Cash Crops,2.2,Long-term,Fruits,Banana,139,76014,116055
23.46,85.91,Plateau,Entisol,Rainfed,Rice,2.9,Long-term,Pulses,Green Gram,123,8656,23876
24.2,84.51,Plain,Alfisol,Irrigated,Maize,2.4,Short-term,Cereals,Barley,92,84868,153612
24.15,85.7,Plateau,Entisol,Irrigated,Pulses,1.3,Long-term,Cash Crops,Cotton,179,41163,70751
23.09,83.74,Plateau,Entisol,Rainfed,Rice,2.7,Long-term,Mixed,Silvipasture,151,30738,80178
23.51,85.58,Plateau,Entisol,Rainfed,Fruits,2.9,Long-term,Cereals,Barley,123,17273,35542
23.57,84.17,Hilly,Inceptisol,Irrigated,Cash Crops,1.0,Long-term,Pulses,Lentil,178,69615,136326
23.55,85.88,Plateau,Entisol,Irrigated,Cash Crops,1.4,Long-term,Cereals,Maize,136,30355,66080
23.31,85.47,Hilly,Inceptisol,Irrigated,Vegetables,2.5,Long-term,Mixed,Intercropping,124,72103,148880
24.27,84.48,Plain,Alfisol,Irrigated,Fruits,1.3,Short-term,Fruits,Banana,119,71264,126509
24.26,85.56,Plain,Alfisol,Rainfed,Fruits,2.6,Long-term,Mixed,Agroforestry,143,58552,163733
23.01,84.96,Plain,Alfisol,Irrigated,Oilseeds,2.7,Short-term,Pulses,Green Gram,97,85591,255900
24.01,85.03,Hilly,Inceptisol,Irrigated,Maize,1.8,Short-term,Cash Crops,Sugarcane,106,92135,158510
23.91,85.32,Plain,Alfisol,Irrigated,Cash Crops,2.6,Long-term,Cash Crops,Tobacco,171,20950,61624
23.74,83.92,Plain,Alfisol,Rainfed,Cash Crops,2.3,Short-term,Oilseeds,Soybean,111,3376,7942
23.95,85.16,Plateau,Entisol,Irrigated,Fruits,2.3,Long-term,Cereals,Barley,131,18527,44635
23.95,83.55,Plateau,Entisol,Rainfed,Maize,1.2,Short-term,Mixed,Agroforestry,112,28468,81247
23.39,85.27,Plateau,Entisol,Rainfed,Cash Crops,2.9,Long-term,Oilseeds,Soybean,162,13370,21972
23.55,85.96,Plateau,Entisol,Rainfed,Vegetables,2.0,Long-term,Pulses,Green Gram,177,70734,162128
24.41,85.23,Plateau,Entisol,Irrigated,Fruits,2.2,Long-term,Pulses,Lentil,143,75828,131413
23.32,83.54,Plateau,Entisol,Rainfed,Maize,1.6,Short-term,Vegetables,Tomato,102,87548,208051
23.41,84.31,Plateau,Entisol,Irrigated,Maize,2.9,Long-term,Vegetables,Cabbage,164,73276,214072
23.22,84.38,Plateau,Entisol,Rainfed,Cash Crops,2.5,Long-term,Mixed,Agroforestry,138,90810,150881
23.04,84.07,Plateau,Entisol,Rainfed,Maize,1.9,Short-term,Vegetables,Potato,101,37471,100201
23.84,83.69,Hilly,Inceptisol,Irrigated,Vegetables,2.4,Long-term,Oilseeds,Sunflower,156,14526,39532
23.2,85.38,Hilly,Inceptisol,Rainfed,Oilseeds,1.8,Short-term,Mixed,Intercropping,104,46896,107264
23.36,85.69,Hilly,Inceptisol,Irrigated,Oilseeds,2.8,Short-term,Oilseeds,Sunflower,110,74556,208646
23.5,84.89,Plain,Alfisol,Irrigated,Fruits,1.9,Short-term,Pulses,Green Gram,99,38139,100451
23.79,83.6,Plateau,Entisol,Rainfed,Fruits,1.4,Long-term,Mixed,Agroforestry,139,97432,270887
23.5,84.05,Hilly,Inceptisol,Irrigated,Vegetables,1.2,Long-term,Mixed,Agroforestry,143,45516,73474
23.68,85.34,Hilly,Inceptisol,Rainfed,Vegetables,2.7,Long-term,Oilseeds,Sesame,162,97015,248944
23.18,85.55,Plain,Alfisol,Rainfed,Pulses,1.8,Short-term,Oilseeds,Sesame,104,49230,123209
23.97,84.71,Plateau,Entisol,Rainfed,Maize,1.9,Long-term,Cash Crops,Sugarcane,155,76215,122886
23.9,85.4,Hilly,Inceptisol,Rainfed,Oilseeds,2.8,Long-term,Oilseeds,Groundnut,167,48050,133497
23.18,85.53,Plateau,Entisol,Rainfed,Maize,1.8,Short-term,Cereals,Maize,116,93230,270567
24.42,85.13,Plain,Alfisol,Rainfed,Pulses,2.9,Long-term,Oilseeds,Soybean,137,11562,26998
24.08,85.64,Plateau,Entisol,Rainfed,Pulses,2.4,Short-term,Cereals,Millet,93,23062,48718
23.63,83.5,Plateau,Entisol,Rainfed,Vegetables,1.9,Long-term,Mixed,Agroforestry,170,99434,169407
23.41,84.14,Plateau,Entisol,Rainfed,Fruits,2.9,Short-term,Fruits,Banana,111,68721,192772
23.94,85.19,Plain,Alfisol,Irrigated,Vegetables,1.8,Short-term,Vegetables,Tomato,115,41132,110570
23.63,85.2,Hilly,Inceptisol,Rainfed,Pulses,2.3,Short-term,Vegetables,Tomato,95,37125,61612
24.09,83.89,Hilly,Inceptisol,Irrigated,Rice,1.3,Short-term,Cereals,Millet,99,17466,45881
23.85,85.49,Plain,Alfisol,Rainfed,Cash Crops,1.2,Long-term,Fruits,Litchi,165,35664,98007
24.16,84.86,Plain,Alfisol,Rainfed,Maize,1.1,Long-term,Mixed,Silvipasture,128,73401,112955
23.27,85.16,Plateau,Entisol,Irrigated,Vegetables,2.0,Long-term,Cereals,Maize,147,32141,75181
23.42,85.48,Plain,Alfisol,Rainfed,Fruits,2.2,Long-term,Cash Crops,Tobacco,137,23715,37099
24.06,84.96,Plain,Alfisol,Irrigated,Vegetables,1.0,Long-term,Cash Crops,Cotton,178,36830,106430
23.44,85.2,Plain,Alfisol,Rainfed,Oilseeds,1.4,Long-term,Pulses,Green Gram,160,6066,14630
23.38,84.09,Hilly,Inceptisol,Rainfed,Rice,1.3,Long-term,Vegetables,Cauliflower,158,90466,258358
24.49,86.0,Plateau,Entisol,Irrigated,Fruits,2.0,Long-term,Pulses,Pigeon Pea,178,72952,126811
24.23,84.37,Plateau,Entisol,Irrigated,Maize,1.3,Long-term,Pulses,Black Gram,180,16348,29208
23.77,85.14,Hilly,Inceptisol,Rainfed,Maize,1.5,Long-term,Pulses,Lentil,175,84845,198207
24.25,85.17,Plain,Alfisol,Irrigated,Pulses,1.1,Long-term,Vegetables,Onion,141,9258,14264
23.58,85.36,Plain,Alfisol,Irrigated,Oilseeds,1.5,Long-term,Cereals,Rice,147,82763,182562
24.27,84.39,Plain,Alfisol,Rainfed,Rice,1.9,Long-term,Vegetables,Cauliflower,146,32425,64733
24.02,86.0,Plain,Alfisol,Irrigated,Pulses,1.2,Long-term,Cereals,Rice,130,69553,194443
24.09,84.77,Plateau,Entisol,Irrigated,Oilseeds,2.4,Long-term,Oilseeds,Soybean,121,42984,65786
23.64,83.54,Hilly,Inceptisol,Rainfed,Pulses,2.0,Long-term,Cereals,Sorghum,124,19230,29626
23.02,83.74,Plain,Alfisol,Irrigated,Oilseeds,1.8,Long-term,Oilseeds,Groundnut,148,20927,45320
23.32,85.83,Hilly,Inceptisol,Rainfed,Fruits,2.7,Long-term,Cash Crops,Tobacco,167,50349,85235
23.68,83.9,Hilly,Inceptisol,Rainfed,Fruits,1.9,Long-term,Mixed,Silvipasture,164,18083,32263
23.3,85.7,Hilly,Inceptisol,Rainfed,Vegetables,2.5,Short-term,Oilseeds,Groundnut,105,43748,124861
24.28,85.95,Plain,Alfisol,Rainfed,Rice,3.0,Long-term,Fruits,Litchi,153,57151,104032
24.11,85.64,Plateau,Entisol,Rainfed,Cash Crops,2.3,Short-term,Cereals,Barley,95,43673,118550
23.9,85.06,Plateau,Entisol,Irrigated,Oilseeds,2.9,Long-term,Cash Crops,Tobacco,139,49754,145855
23.26,84.41,Hilly,Inceptisol,Rainfed,Fruits,1.0,Short-term,Vegetables,Cauliflower,119,18918,30911
24.07,85.72,Plain,Alfisol,Irrigated,Pulses,3.0,Long-term,Oilseeds,Sesame,175,58030,122487
23.75,85.93,Plateau,Entisol,Irrigated,Fruits,1.9,Long-term,Cereals,Barley,149,82829,225398
23.07,84.59,Plain,Alfisol,Irrigated,Rice,1.4,Short-term,Oilseeds,Groundnut,107,5606,9255
24.02,85.1,Plain,Alfisol,Irrigated,Rice,2.2,Short-term,Mixed,Agroforestry,96,5561,16574
23.41,85.16,Plain,Alfisol,Irrigated,Oilseeds,2.4,Short-term,Mixed,Agroforestry,91,58871,140619
24.22,84.22,Plain,Alfisol,Rainfed,Vegetables,2.6,Long-term,Cash Crops,Sugarcane,133,73976,186838
24.49,84.79,Plateau,Entisol,Rainfed,Vegetables,2.4,Long-term,Fruits,Guava,165,86500,210842
23.01,85.45,Plain,Alfisol,Rainfed,Rice,1.8,Long-term,Mixed,Agroforestry,164,30550,54696
23.79,83.68,Hilly,Inceptisol,Rainfed,Oilseeds,2.2,Short-term,Pulses,Gram,113,30574,72368
23.35,85.66,Plateau,Entisol,Rainfed,Maize,1.1,Long-term,Cereals,Millet,154,21728,33955
24.32,85.04,Hilly,Inceptisol,Rainfed,Vegetables,1.7,Long-term,Cereals,Maize,122,67788,119605
23.82,85.89,Plain,Alfisol,Rainfed,Oilseeds,1.7,Long-term,Pulses,Pigeon Pea,124,89129,156335
23.12,85.9,Plateau,Entisol,Irrigated,Cash Crops,3.0,Long-term,Vegetables,Onion,135,46918,101759
23.59,85.34,Hilly,Inceptisol,Irrigated,Pulses,1.6,Short-term,Mixed,Silvipasture,106,26277,59425
23.04,83.53,Plain,Alfisol,Rainfed,Fruits,1.7,Short-term,Oilseeds,Groundnut,103,29941,61321
23.1,84.59,Hilly,Inceptisol,Irrigated,Vegetables,1.4,Short-term,Fruits,Banana,98,49111,132990
23.7,83.52,Plateau,Entisol,Irrigated,Cash Crops,2.2,Short-term,Cereals,Sorghum,108,56965,126153
23.57,85.9,Hilly,Inceptisol,Rainfed,Maize,1.1,Short-term,Oilseeds,Sesame,95,86737,221516
23.5,84.1,Hilly,Inceptisol,Irrigated,Fruits,1.8,Long-term,Oilseeds,Soybean,144,49427,123436
23.06,83.74,Plateau,Entisol,Rainfed,Fruits,1.0,Long-term,Oilseeds,Sesame,126,43590,71632
23.87,85.15,Hilly,Inceptisol,Irrigated,Pulses,2.3,Long-term,Cereals,Wheat,161,38381,92831
24.17,85.23,Hilly,Inceptisol,Irrigated,Oilseeds,2.6,Long-term,Oilseeds,Soybean,170,95483,270213
23.77,84.06,Plateau,Entisol,Irrigated,Fruits,2.5,Short-term,Cereals,Millet,117,67472,157484
24.22,83.69,Plain,Alfisol,Rainfed,Maize,2.3,Short-term,Mixed,Agroforestry,104,99072,284352
24.13,84.87,Plateau,Entisol,Irrigated,Pulses,3.0,Short-term,Cash Crops,Sugarcane,103,6093,11911
23.08,83.68,Plateau,Entisol,Rainfed,Fruits,1.8,Long-term,Oilseeds,Sunflower,121,15888,29082
23.07,84.72,Plain,Alfisol,Rainfed,Rice,1.1,Long-term,Cereals,Millet,176,32750,74386
24.29,85.36,Plateau,Entisol,Rainfed,Maize,1.2,Long-term,Cereals,Rice,156,33330,59822
23.12,84.84,Plain,Alfisol,Irrigated,Rice,2.0,Short-term,Oilseeds,Groundnut,106,32497,64385
24.16,85.98,Plain,Alfisol,Rainfed,Pulses,1.2,Short-term,Cereals,Rice,91,80808,200332
23.74,84.23,Hilly,Inceptisol,Rainfed,Fruits,2.8,Long-term,Pulses,Lentil,143,71075,170882
23.87,83.52,Plain,Alfisol,Rainfed,Oilseeds,2.4,Long-term,Fruits,Mango,136,73157,202722
24.47,85.19,Plateau,Entisol,Rainfed,Cash Crops,2.7,Short-term,Pulses,Green Gram,91,53262,100763
23.46,84.75,Plateau,Entisol,Rainfed,Maize,2.5,Short-term,Vegetables,Tomato,98,66085,150539
23.54,84.88,Plateau,Entisol,Rainfed,Fruits,1.8,Long-term,Cereals,Maize,139,28165,75174
23.36,85.15,Plateau,Entisol,Rainfed,Fruits,1.9,Short-term,Cereals,Rice,112,43423,129738
24.34,83.64,Plain,Alfisol,Rainfed,Oilseeds,1.5,Short-term,Oilseeds,Soybean,96,21449,56339
23.69,84.34,Hilly,Inceptisol,Rainfed,Cash Crops,2.7,Short-term,Pulses,Lentil,119,32903,82224
24.47,84.86,Plain,Alfisol,Rainfed,Cash Crops,1.8,Long-term,Fruits,Papaya,144,76982,132652
24.13,85.85,Hilly,Inceptisol,Rainfed,Fruits,1.2,Short-term,Pulses,Pigeon Pea,101,38599,61353
23.82,84.14,Plain,Alfisol,Rainfed,Fruits,1.5,Long-term,Pulses,Green Gram,135,4578,11570
23.59,84.31,Hilly,Inceptisol,Rainfed,Fruits,1.8,Long-term,Vegetables,Brinjal,176,39045,63279
23.11,85.5,Plateau,Entisol,Rainfed,Pulses,1.8,Long-term,Oilseeds,Sunflower,142,35019,77198
23.39,84.9,Plateau,Entisol,Rainfed,Vegetables,2.0,Short-term,Oilseeds,Soybean,90,8028,22071
23.99,83.93,Hilly,Inceptisol,Irrigated,Cash Crops,3.0,Short-term,Cereals,Barley,119,60362,120441
24.15,84.85,Hilly,Inceptisol,Rainfed,Pulses,1.9,Long-term,Pulses,Black Gram,157,50359,117088
24.06,84.61,Plain,Alfisol,Rainfed,Pulses,1.7,Short-term,Vegetables,Potato,97,51093,131690
23.47,85.04,Plain,Alfisol,Irrigated,Maize,1.7,Long-term,Cereals,Sorghum,144,41281,104311
23.75,84.21,Plain,Alfisol,Irrigated,Vegetables,1.8,Short-term,Oilseeds,Sunflower,111,10906,26102
23.96,83.73,Plateau,Entisol,Irrigated,Vegetables,1.3,Short-term,Fruits,Litchi,102,49215,118382
23.87,84.03,Plateau,Entisol,Irrigated,Pulses,1.9,Long-term,Pulses,Pigeon Pea,151,56537,140302
23.89,83.93,Plain,Alfisol,Irrigated,Cash Crops,1.4,Long-term,Oilseeds,Sunflower,158,59596,174360
24.09,84.48,Hilly,Inceptisol,Rainfed,Pulses,2.3,Short-term,Mixed,Agroforestry,97,81827,204210
24.42,85.14,Hilly,Inceptisol,Irrigated,Fruits,1.8,Long-term,Fruits,Litchi,138,29501,61343
23.69,84.73,Plateau,Entisol,Irrigated,Oilseeds,2.9,Long-term,Fruits,Guava,176,75152,129327
23.94,84.63,Plain,Alfisol,Rainfed,Rice,2.2,Short-term,Oilseeds,Groundnut,117,84967,184463
23.62,84.7,Plateau,Entisol,Rainfed,Pulses,2.5,Long-term,Fruits,Mango,155,5537,13692
24.03,84.24,Plateau,Entisol,Rainfed,Oilseeds,2.8,Short-term,Cereals,Maize,99,56517,169074
23.79,85.96,Plain,Alfisol,Irrigated,Fruits,1.8,Long-term,Fruits,Mango,173,6353,12077
23.85,84.91,Hilly,Inceptisol,Irrigated,Oilseeds,1.6,Short-term,Cereals,Rice,104,11706,21468
24.15,83.69,Plateau,Entisol,Irrigated,Oilseeds,1.9,Long-term,Cereals,Sorghum,138,80930,233880
23.14,84.24,Plateau,Entisol,Irrigated,Fruits,2.8,Long-term,Fruits,Banana,150,97293,206035
24.22,83.91,Hilly,Inceptisol,Irrigated,Cash Crops,1.3,Long-term,Mixed,Silvipasture,160,36761,57502
23.66,85.84,Plateau,Entisol,Rainfed,Pulses,2.3,Short-term,Pulses,Black Gram,93,72948,163373
23.85,84.49,Hilly,Inceptisol,Rainfed,Cash Crops,2.2,Long-term,Oilseeds,Soybean,174,35208,73216
23.67,84.12,Plateau,Entisol,Rainfed,Vegetables,2.2,Short-term,Oilseeds,Sesame,104,54818,143986
23.22,85.56,Hilly,Inceptisol,Rainfed,Oilseeds,2.6,Long-term,Pulses,Lentil,121,12025,19557
23.65,85.74,Plateau,Entisol,Irrigated,Oilseeds,1.5,Short-term,Cash Crops,Sugarcane,90,92531,249521
23.54,84.72,Hilly,Inceptisol,Rainfed,Fruits,2.3,Long-term,Oilseeds,Soybean,149,69626,111605
24.05,84.7,Plateau,Entisol,Irrigated,Cash Crops,2.8,Short-term,Vegetables,Potato,101,55073,115982
24.47,85.4,Plateau,Entisol,Rainfed,Vegetables,1.5,Long-term,Pulses,Lentil,137,34916,92933
23.36,85.2,Plain,Alfisol,Irrigated,Rice,2.7,Long-term,Cash Crops,Jute,171,26670,43921
24.33,85.53,Hilly,Inceptisol,Rainfed,Fruits,1.8,Long-term,Fruits,Papaya,143,21158,61015
23.72,84.59,Plateau,Entisol,Irrigated,Vegetables,1.7,Short-term,Mixed,Agroforestry,110,64116,180536
24.32,85.07,Plain,Alfisol,Irrigated,Rice,1.4,Short-term,Vegetables,Brinjal,114,28870,80635
24.33,85.41,Hilly,Inceptisol,Irrigated,Maize,1.2,Short-term,Vegetables,Tomato,95,95110,240484
23.16,83.82,Plain,Alfisol,Rainfed,Rice,2.8,Long-term,Vegetables,Cauliflower,134,49723,88807
23.72,85.86,Hilly,Inceptisol,Irrigated,Fruits,1.8,Long-term,Oilseeds,Groundnut,134,34084,86061
24.12,85.43,Plateau,Entisol,Rainfed,Vegetables,2.4,Long-term,Vegetables,Tomato,142,35843,54142
24.17,84.13,Plain,Alfisol,Rainfed,Maize,2.3,Long-term,Fruits,Litchi,166,81581,128031
23.45,85.98,Plateau,Entisol,Rainfed,Vegetables,1.2,Long-term,Cereals,Wheat,168,53736,140101
23.47,84.27,Plain,Alfisol,Irrigated,Maize,1.9,Long-term,Fruits,Mango,132,46451,73096
23.86,84.99,Hilly,Inceptisol,Rainfed,Fruits,1.4,Short-term,Oilseeds,Sesame,91,77976,178236
23.6,85.27,Plain,Alfisol,Rainfed,Rice,1.3,Short-term,Vegetables,Cauliflower,96,34000,89544
23.97,85.3,Plain,Alfisol,Rainfed,Maize,2.9,Long-term,Cash Crops,Jute,166,91108,188646
23.44,85.2,Plateau,Entisol,Rainfed,Maize,1.1,Short-term,Fruits,Litchi,94,5418,15716
24.38,84.28,Hilly,Inceptisol,Rainfed,Maize,2.9,Long-term,Oilseeds,Mustard,141,97685,262154
24.39,84.82,Plateau,Entisol,Rainfed,Oilseeds,2.0,Short-term,Oilseeds,Soybean,92,55575,125718
23.23,84.96,Hilly,Inceptisol,Irrigated,Rice,2.7,Long-term,Mixed,Silvipasture,121,7293,20460
24.37,84.43,Plateau,Entisol,Irrigated,Pulses,1.4,Long-term,Oilseeds,Mustard,158,90152,171525
23.56,84.11,Plateau,Entisol,Irrigated,Vegetables,2.4,Short-term,Fruits,Guava,100,58634,147356
24.48,85.46,Hilly,Inceptisol,Irrigated,Rice,2.6,Long-term,Cash Crops,Tobacco,155,88305,218092
23.8,85.58,Plateau,Entisol,Rainfed,Cash Crops,1.7,Short-term,Cereals,Wheat,94,84118,161819
23.54,85.34,Hilly,Inceptisol,Rainfed,Oilseeds,1.1,Long-term,Cash Crops,Sugarcane,122,66841,135271
23.15,85.71,Plateau,Entisol,Rainfed,Oilseeds,1.2,Long-term,Pulses,Green Gram,173,82138,228521
23.9,84.51,Plain,Alfisol,Rainfed,Cash Crops,1.7,Long-term,Vegetables,Cabbage,151,69810,190727
24.13,83.63,Plain,Alfisol,Rainfed,Vegetables,2.2,Long-term,Cereals,Maize,131,33248,97385
23.63,84.65,Hilly,Inceptisol,Rainfed,Rice,2.9,Long-term,Cash Crops,Sugarcane,121,19694,37120
24.42,85.16,Plain,Alfisol,Irrigated,Fruits,1.3,Long-term,Cash Crops,Tobacco,136,84203,217964
24.11,83.96,Plain,Alfisol,Rainfed,Vegetables,2.8,Short-term,Fruits,Papaya,94,58376,122221
24.36,84.75,Plateau,Entisol,Irrigated,Oilseeds,1.7,Long-term,Oilseeds,Groundnut,157,30765,65354
24.5,84.15,Plain,Alfisol,Rainfed,Pulses,1.9,Short-term,Cash Crops,Cotton,94,31035,47865
23.33,84.06,Hilly,Inceptisol,Rainfed,Maize,2.1,Short-term,Pulses,Pigeon Pea,104,86601,136721
23.7,84.41,Plain,Alfisol,Irrigated,Pulses,2.6,Long-term,Vegetables,Potato,158,20399,37935
23.96,85.04,Hilly,Inceptisol,Rainfed,Maize,2.0,Long-term,Cash Crops,Tobacco,151,90800,265539
23.04,85.56,Hilly,Inceptisol,Rainfed,Rice,1.2,Long-term,Vegetables,Tomato,152,81154,208493
23.66,83.77,Hilly,Inceptisol,Rainfed,Pulses,2.8,Long-term,Vegetables,Cauliflower,159,63847,181166
24.32,84.27,Plateau,Entisol,Rainfed,Fruits,2.9,Short-term,Vegetables,Cabbage,97,55260,129938
23.31,85.65,Plateau,Entisol,Irrigated,Pulses,2.1,Long-term,Fruits,Banana,138,61140,129768
23.69,84.0,Hilly,Inceptisol,Rainfed,Rice,2.9,Long-term,Cash Crops,Cotton,159,72200,172959
24.4,84.8,Plain,Alfisol,Rainfed,Fruits,2.6,Long-term,Fruits,Mango,166,55300,91984
24.36,84.94,Plateau,Entisol,Irrigated,Pulses,2.1,Long-term,Oilseeds,Groundnut,153,81609,193636
23.79,83.78,Plateau,Entisol,Rainfed,Oilseeds,1.2,Short-term,Vegetables,Cabbage,112,34302,59419
23.5,84.55,Hilly,Inceptisol,Irrigated,Rice,2.1,Short-term,Vegetables,Tomato,113,30968,60226
23.67,84.13,Plain,Alfisol,Irrigated,Maize,1.4,Long-term,Fruits,Guava,123,23337,60746
24.44,84.5,Plain,Alfisol,Rainfed,Vegetables,1.4,Long-term,Cereals,Rice,127,72473,117393
23.51,84.61,Plateau,Entisol,Irrigated,Maize,1.6,Long-term,Fruits,Mango,142,39423,76304
23.41,85.67,Plateau,Entisol,Rainfed,Fruits,2.2,Long-term,Pulses,Green Gram,128,23853,37243
23.67,83.87,Plateau,Entisol,Irrigated,Cash Crops,1.3,Long-term,Fruits,Mango,162,33567,98169
23.07,83.79,Plain,Alfisol,Irrigated,Fruits,1.3,Long-term,Cash Crops,Cotton,145,11440,26487
23.96,84.63,Plateau,Entisol,Rainfed,Fruits,2.5,Long-term,Cereals,Barley,141,21332,61649
23.14,83.87,Plain,Alfisol,Irrigated,Oilseeds,1.5,Long-term,Cereals,Millet,172,19166,43058
23.9,84.14,Hilly,Inceptisol,Rainfed,Rice,2.4,Long-term,Cash Crops,Tobacco,143,57806,121439
23.22,85.6,Plain,Alfisol,Rainfed,Pulses,2.5,Short-term,Fruits,Guava,110,78896,188026
24.28,83.76,Plateau,Entisol,Irrigated,Fruits,1.5,Long-term,Cereals,Barley,174,84614,221095
23.07,85.17,Plain,Alfisol,Rainfed,Vegetables,1.1,Long-term,Vegetables,Onion,143,17715,27489
23.59,85.09,Hilly,Inceptisol,Rainfed,Oilseeds,2.5,Long-term,Mixed,Agroforestry,130,15286,28232
23.97,85.76,Hilly,Inceptisol,Rainfed,Oilseeds,3.0,Long-term,Mixed,Agroforestry,125,70215,132646
23.82,83.93,Hilly,Inceptisol,Rainfed,Fruits,1.5,Long-term,Pulses,Lentil,150,18208,48962
23.83,85.34,Plain,Alfisol,Irrigated,Rice,1.1,Long-term,Mixed,Agroforestry,164,39361,117625
23.34,84.32,Hilly,Inceptisol,Rainfed,Maize,2.9,Long-term,Mixed,Intercropping,137,36989,100906
23.52,85.56,Plateau,Entisol,Rainfed,Cash Crops,2.3,Long-term,Mixed,Intercropping,120,80426,181415
24.44,83.92,Plateau,Entisol,Rainfed,Vegetables,1.0,Long-term,Fruits,Mango,151,66745,167624
23.28,85.99,Hilly,Inceptisol,Rainfed,Oilseeds,2.8,Short-term,Fruits,Papaya,97,41678,118445
23.04,83.95,Plain,Alfisol,Rainfed,Rice,1.5,Long-term,Vegetables,Brinjal,155,30242,75805
23.14,85.79,Plain,Alfisol,Rainfed,Vegetables,2.3,Short-term,Fruits,Litchi,100,15538,46269
24.3,85.88,Plain,Alfisol,Rainfed,Vegetables,1.7,Long-term,Cash Crops,Cotton,137,35519,88662
23.37,85.83,Hilly,Inceptisol,Rainfed,Rice,2.9,Long-term,Vegetables,Tomato,137,52980,127243
23.42,85.02,Plain,Alfisol,Rainfed,Vegetables,1.9,Short-term,Vegetables,Onion,111,65285,156682
24.12,85.45,Plateau,Entisol,Irrigated,Fruits,1.3,Short-term,Pulses,Green Gram,110,76296,189223
24.12,83.86,Hilly,Inceptisol,Irrigated,Maize,1.4,Long-term,Pulses,Black Gram,156,22550,39664
24.1,83.96,Plain,Alfisol,Rainfed,Oilseeds,1.2,Short-term,Pulses,Black Gram,96,55139,136335
23.24,85.88,Plain,Alfisol,Rainfed,Cash Crops,2.9,Long-term,Oilseeds,Mustard,149,30353,88346
23.35,84.53,Plain,Alfisol,Rainfed,Vegetables,2.6,Long-term,Mixed,Intercropping,127,35198,97039
24.5,85.96,Plateau,Entisol,Rainfed,Maize,1.3,Short-term,Mixed,Silvipasture,105,69645,159981
23.38,85.02,Hilly,Inceptisol,Irrigated,Cash Crops,1.4,Short-term,Cash Crops,Cotton,91,95438,262006
23.28,85.56,Plateau,Entisol,Irrigated,Pulses,2.8,Long-term,Cereals,Rice,141,75590,222331
23.96,85.57,Plateau,Entisol,Rainfed,Cash Crops,2.2,Short-term,Vegetables,Cabbage,103,88366,146038
24.35,84.72,Hilly,Inceptisol,Irrigated,Pulses,2.2,Long-term,Cereals,Rice,162,94193,189449
23.79,84.96,Hilly,Inceptisol,Rainfed,Rice,2.0,Short-term,Cash Crops,Jute,118,47250,81932
24.13,83.82,Plateau,Entisol,Rainfed,Vegetables,2.3,Short-term,Vegetables,Onion,97,83830,210815
23.15,83.53,Plain,Alfisol,Rainfed,Fruits,2.2,Long-term,Mixed,Silvipasture,155,26776,49953
23.73,85.64,Plain,Alfisol,Irrigated,Oilseeds,1.6,Long-term,Mixed,Silvipasture,153,83581,242607
23.05,85.11,Plateau,Entisol,Rainfed,Rice,2.5,Long-term,Pulses,Lentil,128,78510,193105
23.52,83.88,Plateau,Entisol,Rainfed,Rice,2.4,Long-term,Fruits,Papaya,155,40142,69737
23.95,83.56,Plateau,Entisol,Rainfed,Pulses,1.2,Long-term,Cash Crops,Jute,179,72173,132078
23.39,84.23,Hilly,Inceptisol,Irrigated,Oilseeds,2.7,Long-term,Pulses,Green Gram,131,74713,155798
23.06,84.93,Hilly,Inceptisol,Rainfed,Pulses,2.5,Short-term,Pulses,Black Gram,91,94589,228710
24.22,84.18,Plateau,Entisol,Rainfed,Oilseeds,1.0,Short-term,Fruits,Papaya,108,4835,11385
24.21,83.95,Plain,Alfisol,Rainfed,Pulses,1.6,Long-term,Mixed,Intercropping,143,62718,141918
23.76,85.54,Hilly,Inceptisol,Rainfed,Cash Crops,2.4,Short-term,Cash Crops,Cotton,94,26643,48103
24.12,85.03,Plain,Alfisol,Rainfed,Oilseeds,1.6,Long-term,Pulses,Black Gram,153,70331,150303
23.11,84.38,Hilly,Inceptisol,Irrigated,Pulses,2.3,Long-term,Fruits,Litchi,150,55628,113978
23.47,83.82,Plateau,Entisol,Irrigated,Vegetables,1.7,Short-term,Vegetables,Cabbage,113,52140,123465
24.36,84.15,Plateau,Entisol,Irrigated,Vegetables,1.7,Long-term,Oilseeds,Soybean,144,27437,55387
23.8,85.33,Hilly,Inceptisol,Irrigated,Cash Crops,2.9,Short-term,Oilseeds,Mustard,92,65383,169320
23.49,85.8,Plateau,Entisol,Irrigated,Maize,1.1,Long-term,Cash Crops,Jute,130,49791,79350
23.9,85.09,Plain,Alfisol,Irrigated,Oilseeds,1.8,Short-term,Fruits,Guava,119,36522,102962
24.36,83.78,Hilly,Inceptisol,Rainfed,Cash Crops,2.4,Short-term,Fruits,Guava,100,20846,46170
23.33,84.94,Plateau,Entisol,Irrigated,Cash Crops,1.6,Long-term,Vegetables,Tomato,180,43714,125255
23.99,83.82,Hilly,Inceptisol,Irrigated,Vegetables,2.6,Short-term,Mixed,Silvipasture,103,21696,42320
23.36,85.61,Hilly,Inceptisol,Rainfed,Vegetables,2.4,Long-term,Fruits,Litchi,141,21832,60403
23.49,85.85,Plateau,Entisol,Irrigated,Pulses,2.2,Long-term,Cereals,Sorghum,120,87622,150002
23.72,85.94,Plateau,Entisol,Irrigated,Rice,2.5,Long-term,Cereals,Wheat,173,63099,188906
24.1,83.76,Hilly,Inceptisol,Irrigated,Vegetables,2.9,Long-term,Pulses,Lentil,163,4841,13190
24.35,85.63,Plateau,Entisol,Rainfed,Rice,1.0,Long-term,Oilseeds,Groundnut,138,91767,218784
24.31,84.46,Hilly,Inceptisol,Rainfed,Maize,1.6,Long-term,Vegetables,Cabbage,180,20828,54947
23.19,83.57,Plain,Alfisol,Irrigated,Rice,1.6,Short-term,Oilseeds,Sunflower,98,36556,89873
24.41,84.43,Plain,Alfisol,Irrigated,Oilseeds,2.8,Long-term,Oilseeds,Sunflower,173,98026,223790
23.24,83.88,Plain,Alfisol,Irrigated,Cash Crops,2.4,Long-term,Cereals,Millet,142,99840,238680
24.35,84.41,Hilly,Inceptisol,Rainfed,Fruits,3.0,Long-term,Cash Crops,Jute,179,49396,143419
24.28,85.93,Hilly,Inceptisol,Rainfed,Cash Crops,2.5,Short-term,Fruits,Mango,93,77078,152956
23.59,84.98,Plain,Alfisol,Irrigated,Fruits,2.0,Short-term,Mixed,Agroforestry,92,88102,182462
23.61,85.87,Plain,Alfisol,Rainfed,Maize,2.1,Short-term,Fruits,Mango,93,44013,117737
23.36,85.62,Plain,Alfisol,Irrigated,Rice,1.5,Long-term,Pulses,Gram,148,52601,147463
23.33,83.54,Plain,Alfisol,Irrigated,Rice,2.5,Short-term,Cash Crops,Jute,101,38193,95634
23.77,84.24,Hilly,Inceptisol,Irrigated,Cash Crops,2.6,Short-term,Mixed,Intercropping,112,79257,199339
23.23,83.81,Plain,Alfisol,Rainfed,Vegetables,3.0,Short-term,Cash Crops,Cotton,96,26592,65331
23.55,84.34,Plain,Alfisol,Rainfed,Rice,2.6,Long-term,Oilseeds,Sunflower,178,67613,122441
23.99,84.94,Hilly,Inceptisol,Rainfed,Fruits,2.3,Long-term,Cereals,Maize,167,79063,153700
24.04,83.66,Hilly,Inceptisol,Irrigated,Rice,1.1,Long-term,Cereals,Sorghum,147,55836,94404
24.43,85.68,Plateau,Entisol,Irrigated,Vegetables,2.5,Long-term,Cash Crops,Sugarcane,126,20019,39753
24.17,85.17,Plateau,Entisol,Irrigated,Maize,1.6,Long-term,Cash Crops,Jute,170,88805,254175
23.38,84.83,Hilly,Inceptisol,Rainfed,Vegetables,1.8,Long-term,Mixed,Agroforestry,126,62872,102007
23.24,85.02,Plateau,Entisol,Irrigated,Fruits,2.4,Long-term,Pulses,Pigeon Pea,138,38461,66062
24.1,84.77,Plain,Alfisol,Irrigated,Pulses,1.4,Short-term,Vegetables,Cauliflower,101,94592,168019
23.04,84.08,Plain,Alfisol,Irrigated,Pulses,1.7,Long-term,Fruits,Mango,153,55424,115708
23.47,85.75,Plain,Alfisol,Irrigated,Cash Crops,1.5,Short-term,Oilseeds,Mustard,101,20943,56949
24.47,85.43,Hilly,Inceptisol,Rainfed,Vegetables,1.6,Long-term,Mixed,Agroforestry,152,12668,30846
24.0,85.43,Plateau,Entisol,Rainfed,Maize,1.2,Long-term,Cash Crops,Tobacco,163,67397,118392
23.8,85.9,Plateau,Entisol,Irrigated,Cash Crops,2.4,Long-term,Vegetables,Brinjal,169,66176,188304
23.05,85.56,Plateau,Entisol,Irrigated,Fruits,2.0,Short-term,Vegetables,Brinjal,118,4996,9135
23.37,84.18,Plain,Alfisol,Irrigated,Vegetables,1.6,Long-term,Cash Crops,Tobacco,151,96277,220666
23.01,85.59,Plateau,Entisol,Rainfed,Cash Crops,3.0,Short-term,Oilseeds,Sesame,102,38976,109965
23.62,83.59,Plain,Alfisol,Rainfed,Oilseeds,1.1,Short-term,Cash Crops,Cotton,117,19968,42843
24.29,83.55,Hilly,Inceptisol,Rainfed,Pulses,1.3,Long-term,Mixed,Intercropping,176,10549,17387
23.43,84.92,Plateau,Entisol,Rainfed,Cash Crops,1.5,Short-term,Fruits,Mango,102,39305,67126
24.24,83.84,Hilly,Inceptisol,Irrigated,Pulses,1.6,Long-term,Vegetables,Onion,133,10092,26186
24.0,84.23,Plain,Alfisol,Rainfed,Fruits,1.9,Long-term,Pulses,Green Gram,143,87131,172899
24.17,85.38,Plain,Alfisol,Rainfed,Oilseeds,2.8,Long-term,Mixed,Intercropping,167,95036,149045
23.41,85.65,Plain,Alfisol,Rainfed,Rice,2.1,Long-term,Cash Crops,Cotton,130,77861,184067
23.24,85.59,Plain,Alfisol,Rainfed,Fruits,1.9,Short-term,Cereals,Barley,114,61258,127639
24.05,85.3,Plateau,Entisol,Irrigated,Rice,1.5,Long-term,Cereals,Wheat,169,62932,109917
23.04,85.71,Hilly,Inceptisol,Irrigated,Oilseeds,2.7,Long-term,Pulses,Black Gram,129,60146,114254
24.23,84.06,Hilly,Inceptisol,Irrigated,Vegetables,2.9,Long-term,Mixed,Agroforestry,125,14277,41322
24.19,84.92,Hilly,Inceptisol,Rainfed,Maize,1.2,Long-term,Oilseeds,Mustard,148,90095,141945
23.88,83.98,Plain,Alfisol,Rainfed,Rice,1.9,Long-term,Cereals,Sorghum,132,63539,138956
23.01,84.74,Plain,Alfisol,Rainfed,Pulses,1.2,Long-term,Pulses,Lentil,128,17579,35084
23.99,85.89,Hilly,Inceptisol,Rainfed,Cash Crops,1.4,Long-term,Cereals,Wheat,127,3548,6962
23.08,85.28,Plain,Alfisol,Rainfed,Pulses,1.3,Long-term,Vegetables,Potato,155,77228,121114
23.47,85.55,Plain,Alfisol,Irrigated,Vegetables,2.4,Long-term,Cereals,Wheat,153,97554,238890
23.04,85.12,Hilly,Inceptisol,Irrigated,Fruits,1.9,Long-term,Pulses,Green Gram,141,85576,230732
23.14,85.47,Plateau,Entisol,Irrigated,Vegetables,2.3,Short-term,Fruits,Papaya,101,34770,80897
23.84,85.98,Plain,Alfisol,Irrigated,Fruits,1.6,Long-term,Oilseeds,Groundnut,145,29883,67347
23.31,85.43,Plateau,Entisol,Irrigated,Fruits,2.3,Long-term,Cereals,Sorghum,133,59590,178656
24.03,84.95,Plain,Alfisol,Rainfed,Pulses,2.7,Short-term,Oilseeds,Mustard,106,19186,53866
23.0,84.33,Plateau,Entisol,Irrigated,Rice,1.2,Long-term,Oilseeds,Soybean,122,41511,68033
24.1,84.13,Plateau,Entisol,Rainfed,Cash Crops,1.6,Long-term,Cash Crops,Sugarcane,122,81587,203891
23.86,85.63,Hilly,Inceptisol,Rainfed,Rice,1.4,Long-term,Oilseeds,Sesame,150,84661,189808
23.38,84.37,Hilly,Inceptisol,Irrigated,Cash Crops,1.1,Short-term,Cash Crops,Tobacco,116,89920,161787
24.26,83.65,Plateau,Entisol,Irrigated,Fruits,1.9,Short-term,Vegetables,Potato,109,81582,176226
23.06,85.67,Hilly,Inceptisol,Irrigated,Rice,3.0,Long-term,Cereals,Wheat,168,83871,162713
23.25,84.58,Plateau,Entisol,Rainfed,Cash Crops,1.8,Long-term,Cereals,Wheat,130,10855,31398
23.54,84.67,Hilly,Inceptisol,Irrigated,Maize,1.7,Short-term,Fruits,Banana,95,70453,115568
23.88,85.34,Plain,Alfisol,Irrigated,Oilseeds,2.3,Long-term,Mixed,Intercropping,173,41049,69522
23.96,84.15,Hilly,Inceptisol,Irrigated,Cash Crops,2.6,Short-term,Mixed,Agroforestry,112,79928,204295
24.24,85.85,Plain,Alfisol,Irrigated,Fruits,1.8,Long-term,Vegetables,Cauliflower,146,44455,81451
23.91,84.71,Hilly,Inceptisol,Irrigated,Rice,2.1,Long-term,Fruits,Papaya,143,74842,208915
23.19,85.09,Plateau,Entisol,Rainfed,Pulses,2.1,Long-term,Cash Crops,Cotton,123,49515,125848
23.24,84.21,Hilly,Inceptisol,Rainfed,Fruits,1.3,Short-term,Oilseeds,Sunflower,113,96691,186630
23.43,85.12,Plateau,Entisol,Rainfed,Vegetables,2.0,Long-term,Pulses,Lentil,175,89847,255571
24.47,84.49,Plain,Alfisol,Rainfed,Vegetables,2.1,Long-term,Vegetables,Onion,139,75199,136994
23.96,84.38,Plain,Alfisol,Rainfed,Vegetables,2.6,Long-term,Cash Crops,Tobacco,146,55004,84722
23.58,84.76,Plain,Alfisol,Rainfed,Fruits,2.3,Long-term,Oilseeds,Sesame,154,94413,167889
24.42,84.44,Hilly,Inceptisol,Irrigated,Vegetables,2.1,Long-term,Cash Crops,Jute,170,87736,252439
23.55,83.55,Plain,Alfisol,Rainfed,Maize,1.7,Long-term,Cereals,Barley,176,40555,82785
23.29,84.38,Plain,Alfisol,Irrigated,Fruits,1.9,Long-term,Mixed,Silvipasture,129,12481,32507
24.1,84.74,Plateau,Entisol,Irrigated,Maize,1.0,Short-term,Fruits,Mango,99,48954,142177
23.25,85.57,Hilly,Inceptisol,Rainfed,Fruits,3.0,Short-term,Oilseeds,Sesame,114,89978,182569
23.87,84.62,Plateau,Entisol,Rainfed,Vegetables,2.3,Long-term,Cash Crops,Sugarcane,162,36729,71598
23.74,84.85,Plain,Alfisol,Rainfed,Oilseeds,2.4,Short-term,Cereals,Wheat,90,79217,233201
24.33,83.56,Plain,Alfisol,Rainfed,Pulses,2.5,Long-term,Oilseeds,Groundnut,131,13890,33883
23.08,85.96,Hilly,Inceptisol,Rainfed,Pulses,3.0,Long-term,Oilseeds,Sesame,129,62932,163696
24.48,84.27,Plateau,Entisol,Irrigated,Maize,1.4,Long-term,Cereals,Barley,172,54057,89531
24.0,84.88,Hilly,Inceptisol,Rainfed,Vegetables,1.5,Long-term,Oilseeds,Sesame,123,10219,26412
23.8,85.14,Hilly,Inceptisol,Rainfed,Vegetables,1.5,Long-term,Pulses,Gram,172,88178,154583
24.27,85.75,Plateau,Entisol,Rainfed,Rice,2.9,Short-term,Vegetables,Potato,114,37514,81881
23.57,84.57,Plain,Alfisol,Irrigated,Fruits,1.5,Long-term,Fruits,Papaya,180,67068,119285
23.66,84.69,Hilly,Inceptisol,Rainfed,Pulses,1.4,Long-term,Cereals,Barley,134,7760,11792
23.58,85.23,Hilly,Inceptisol,Irrigated,Rice,2.9,Long-term,Pulses,Black Gram,166,75230,188464
23.27,84.55,Plain,Alfisol,Rainfed,Oilseeds,1.9,Long-term,Oilseeds,Mustard,143,73916,170091
24.04,84.26,Plain,Alfisol,Rainfed,Maize,2.1,Long-term,Cereals,Maize,174,13056,30685
23.5,85.6,Plateau,Entisol,Rainfed,Rice,2.7,Long-term,Fruits,Guava,129,31199,55038
23.56,83.94,Hilly,Inceptisol,Rainfed,Maize,2.2,Short-term,Cereals,Sorghum,102,70731,170440
23.05,85.68,Plain,Alfisol,Irrigated,Oilseeds,1.8,Long-term,Pulses,Black Gram,125,12137,34149
23.98,83.93,Plain,Alfisol,Rainfed,Oilseeds,2.1,Long-term,Fruits,Banana,172,61992,103732
23.78,83.68,Hilly,Inceptisol,Irrigated,Fruits,1.4,Long-term,Fruits,Litchi,143,8255,15211
24.18,85.62,Plain,Alfisol,Irrigated,Vegetables,2.8,Long-term,Cereals,Rice,166,24992,50722
23.32,84.33,Hilly,Inceptisol,Rainfed,Rice,1.3,Short-term,Cash Crops,Tobacco,114,4036,9703
23.18,84.29,Plain,Alfisol,Irrigated,Vegetables,1.2,Long-term,Oilseeds,Sesame,151,20348,35716
23.15,84.18,Plain,Alfisol,Rainfed,Maize,1.7,Long-term,Pulses,Lentil,122,35520,104635
23.2,85.14,Hilly,Inceptisol,Rainfed,Fruits,1.3,Long-term,Oilseeds,Sunflower,130,96606,189557
23.13,83.79,Plain,Alfisol,Irrigated,Vegetables,2.0,Long-term,Cereals,Maize,144,97457,215435
23.44,84.69,Hilly,Inceptisol,Irrigated,Oilseeds,2.1,Short-term,Vegetables,Tomato,104,32411,54232
23.53,83.73,Plateau,Entisol,Rainfed,Cash Crops,1.4,Long-term,Vegetables,Cauliflower,178,32695,78533
24.21,84.46,Plateau,Entisol,Rainfed,Oilseeds,2.3,Long-term,Fruits,Papaya,141,41901,100866
23.57,85.51,Plain,Alfisol,Rainfed,Cash Crops,1.9,Long-term,Pulses,Lentil,173,19385,47389
23.6,85.85,Plain,Alfisol,Irrigated,Maize,2.2,Long-term,Cash Crops,Tobacco,147,43457,125472
23.05,85.65,Hilly,Inceptisol,Rainfed,Oilseeds,1.1,Short-term,Cereals,Sorghum,119,66831,137050
23.76,85.26,Plateau,Entisol,Irrigated,Maize,1.4,Short-term,Cash Crops,Tobacco,112,86634,142807
24.01,83.99,Plateau,Entisol,Rainfed,Oilseeds,1.1,Long-term,Pulses,Gram,179,95624,176553
23.05,84.45,Plain,Alfisol,Rainfed,Rice,1.9,Long-term,Oilseeds,Mustard,150,72669,208665
24.0,83.59,Plateau,Entisol,Irrigated,Fruits,2.3,Long-term,Cash Crops,Jute,129,4233,10449
23.05,85.75,Hilly,Inceptisol,Rainfed,Rice,2.0,Short-term,Oilseeds,Groundnut,104,92574,197911
24.03,83.54,Hilly,Inceptisol,Irrigated,Vegetables,3.0,Long-term,Oilseeds,Sesame,145,69465,146190
23.47,84.09,Hilly,Inceptisol,Irrigated,Rice,1.6,Long-term,Cash Crops,Jute,148,10469,21976
23.6,85.35,Hilly,Inceptisol,Rainfed,Pulses,1.4,Long-term,Cash Crops,Tobacco,161,63250,135616
24.46,85.13,Hilly,Inceptisol,Irrigated,Fruits,3.0,Short-term,Vegetables,Tomato,93,26678,68286
23.57,84.39,Plain,Alfisol,Rainfed,Cash Crops,2.3,Long-term,Mixed,Intercropping,126,55382,145957
23.18,83.97,Hilly,Inceptisol,Rainfed,Cash Crops,3.0,Long-term,Cash Crops,Cotton,136,4118,6900
24.26,84.2,Plain,Alfisol,Rainfed,Cash Crops,1.8,Long-term,Cash Crops,Jute,133,11391,29274
23.77,84.08,Hilly,Inceptisol,Irrigated,Fruits,1.2,Long-term,Vegetables,Onion,122,37264,88146
23.35,83.8,Plain,Alfisol,Rainfed,Maize,2.9,Long-term,Vegetables,Onion,121,54661,154329
24.4,83.88,Plain,Alfisol,Irrigated,Vegetables,1.6,Short-term,Oilseeds,Soybean,99,72840,114598
23.26,84.76,Plain,Alfisol,Irrigated,Pulses,1.1,Short-term,Vegetables,Cabbage,118,50509,76544
24.41,85.93,Plateau,Entisol,Irrigated,Cash Crops,1.5,Short-term,Cash Crops,Cotton,90,58340,122858
23.37,84.08,Plateau,Entisol,Rainfed,Fruits,2.2,Short-term,Pulses,Pigeon Pea,90,96055,146356
24.12,84.17,Hilly,Inceptisol,Irrigated,Fruits,1.7,Long-term,Cash Crops,Tobacco,156,11966,19200
24.23,84.39,Plateau,Entisol,Irrigated,Vegetables,1.6,Long-term,Vegetables,Potato,124,40090,62058
24.01,85.51,Hilly,Inceptisol,Rainfed,Vegetables,1.1,Long-term,Pulses,Black Gram,157,70452,128865
23.05,85.46,Plateau,Entisol,Rainfed,Rice,2.6,Long-term,Pulses,Lentil,177,42380,70246
23.72,84.97,Hilly,Inceptisol,Irrigated,Vegetables,2.9,Long-term,Vegetables,Potato,126,61779,93312
24.42,85.39,Hilly,Inceptisol,Irrigated,Pulses,1.9,Long-term,Oilseeds,Sesame,150,63710,162497
24.3,84.29,Plain,Alfisol,Rainfed,Oilseeds,1.9,Short-term,Pulses,Pigeon Pea,102,15391,23282
24.14,84.67,Hilly,Inceptisol,Irrigated,Pulses,1.3,Short-term,Mixed,Agroforestry,96,27317,81139
24.09,84.7,Plateau,Entisol,Rainfed,Fruits,2.9,Long-term,Fruits,Litchi,128,62107,119806
24.31,84.33,Plateau,Entisol,Irrigated,Cash Crops,2.4,Long-term,Mixed,Silvipasture,175,61164,169453
23.68,85.06,Plateau,Entisol,Rainfed,Oilseeds,1.5,Long-term,Vegetables,Onion,136,56798,159819
24.32,85.43,Plain,Alfisol,Rainfed,Pulses,1.1,Long-term,Cash Crops,Cotton,153,81420,193558
24.08,84.56,Hilly,Inceptisol,Rainfed,Oilseeds,1.5,Long-term,Cash Crops,Tobacco,137,57085,140310
23.1,85.61,Plain,Alfisol,Rainfed,Oilseeds,1.1,Long-term,Cash Crops,Jute,124,94497,158274
23.29,83.53,Hilly,Inceptisol,Rainfed,Fruits,2.0,Short-term,Pulses,Pigeon Pea,103,92411,243411
23.62,83.87,Hilly,Inceptisol,Irrigated,Maize,1.7,Long-term,Cash Crops,Cotton,146,16083,45469
23.12,84.8,Plateau,Entisol,Irrigated,Rice,2.6,Long-term,Vegetables,Onion,127,19134,36084
24.38,85.79,Plateau,Entisol,Rainfed,Oilseeds,1.0,Long-term,Vegetables,Potato,146,60175,101586
24.0,85.68,Hilly,Inceptisol,Rainfed,Maize,1.5,Short-term,Vegetables,Onion,95,79279,200846
24.44,84.75,Hilly,Inceptisol,Irrigated,Vegetables,1.1,Long-term,Cereals,Maize,178,11237,28213
23.32,83.52,Plain,Alfisol,Rainfed,Oilseeds,1.6,Long-term,Cash Crops,Sugarcane,172,70491,145548
23.44,85.38,Plain,Alfisol,Rainfed,Maize,2.3,Long-term,Oilseeds,Soybean,123,71047,173827
23.61,85.21,Plateau,Entisol,Irrigated,Fruits,1.3,Long-term,Vegetables,Potato,120,72795,109561
23.51,84.49,Hilly,Inceptisol,Rainfed,Oilseeds,2.6,Short-term,Pulses,Black Gram,111,27173,66250
23.98,83.6,Plain,Alfisol,Irrigated,Oilseeds,2.6,Short-term,Cash Crops,Tobacco,117,16406,42001
24.23,85.76,Hilly,Inceptisol,Irrigated,Oilseeds,2.8,Long-term,Fruits,Mango,171,75805,222840
23.69,85.55,Plain,Alfisol,Irrigated,Oilseeds,1.9,Long-term,Cereals,Millet,173,18322,53062
24.38,85.76,Plain,Alfisol,Irrigated,Rice,2.7,Long-term,Pulses,Pigeon Pea,128,59698,172849
24.19,83.87,Hilly,Inceptisol,Rainfed,Vegetables,2.2,Short-term,Fruits,Mango,107,37284,97861
24.13,85.1,Hilly,Inceptisol,Rainfed,Cash Crops,2.5,Long-term,Cash Crops,Cotton,174,87082,181754
24.23,83.81,Plain,Alfisol,Rainfed,Pulses,2.1,Long-term,Cereals,Wheat,170,40975,80627
23.32,85.31,Plateau,Entisol,Irrigated,Rice,2.5,Long-term,Cereals,Sorghum,121,39263,105419
23.54,85.72,Plain,Alfisol,Irrigated,Pulses,2.8,Short-term,Oilseeds,Sesame,119,57516,167326
23.93,84.24,Plain,Alfisol,Irrigated,Pulses,2.1,Long-term,Cash Crops,Sugarcane,128,71849,113718
24.24,83.56,Plain,Alfisol,Rainfed,Pulses,1.5,Long-term,Pulses,Lentil,128,35816,63286
23.52,85.85,Hilly,Inceptisol,Rainfed,Fruits,2.9,Long-term,Vegetables,Cauliflower,165,68057,165275
24.06,84.41,Plateau,Entisol,Irrigated,Pulses,2.7,Long-term,Fruits,Guava,149,76987,228877
23.24,83.61,Plain,Alfisol,Rainfed,Pulses,2.3,Short-term,Fruits,Litchi,94,29811,64887
23.42,84.33,Hilly,Inceptisol,Rainfed,Rice,2.2,Short-term,Cash Crops,Sugarcane,107,19114,33136
23.01,84.17,Plain,Alfisol,Rainfed,Vegetables,2.8,Short-term,Vegetables,Cauliflower,93,74176,128378
24.04,85.69,Plateau,Entisol,Rainfed,Vegetables,2.2,Short-term,Oilseeds,Mustard,112,37649,60971
23.15,83.77,Hilly,Inceptisol,Irrigated,Maize,1.9,Short-term,Oilseeds,Sunflower,97,8399,17943
23.96,84.46,Hilly,Inceptisol,Irrigated,Pulses,1.8,Long-term,Fruits,Mango,133,44646,107197
23.96,85.85,Plain,Alfisol,Irrigated,Cash Crops,1.4,Long-term,Fruits,Banana,144,98990,211684
23.39,84.88,Plateau,Entisol,Rainfed,Cash Crops,2.0,Long-term,Pulses,Green Gram,172,41926,121805
23.7,83.69,Plateau,Entisol,Irrigated,Rice,2.1,Long-term,Cash Crops,Tobacco,175,73475,163018
23.79,85.59,Hilly,Inceptisol,Rainfed,Maize,2.1,Short-term,Oilseeds,Sesame,107,47342,102246
23.43,85.8,Hilly,Inceptisol,Rainfed,Maize,2.5,Long-term,Cash Crops,Cotton,166,68140,151888
24.22,84.76,Plateau,Entisol,Rainfed,Pulses,1.7,Long-term,Pulses,Black Gram,155,55384,120827
23.03,85.15,Plateau,Entisol,Rainfed,Fruits,1.5,Long-term,Oilseeds,Sunflower,150,70454,109146
24.34,83.79,Plain,Alfisol,Rainfed,Rice,2.6,Short-term,Mixed,Agroforestry,93,28361,83281
23.84,83.89,Hilly,Inceptisol,Irrigated,Vegetables,2.5,Long-term,Cash Crops,Jute,123,24013,57001
24.1,83.67,Hilly,Inceptisol,Rainfed,Rice,1.3,Long-term,Vegetables,Cabbage,170,18435,28961
23.82,84.73,Hilly,Inceptisol,Rainfed,Rice,1.2,Long-term,Pulses,Gram,171,74860,179316
23.88,85.19,Plateau,Entisol,Irrigated,Cash Crops,1.1,Short-term,Oilseeds,Groundnut,103,63475,120356
24.25,85.97,Plain,Alfisol,Irrigated,Oilseeds,2.6,Long-term,Cash Crops,Jute,149,23039,34603
23.08,85.05,Plain,Alfisol,Irrigated,Rice,1.1,Long-term,Cash Crops,Sugarcane,176,58219,133239
23.76,85.28,Plateau,Entisol,Rainfed,Rice,2.8,Long-term,Mixed,Agroforestry,168,50276,98987
24.17,84.75,Plain,Alfisol,Irrigated,Maize,2.0,Long-term,Oilseeds,Mustard,172,15193,42757
24.21,84.11,Hilly,Inceptisol,Rainfed,Rice,1.1,Short-term,Cash Crops,Jute,95,79779,138261
23.93,85.19,Hilly,Inceptisol,Rainfed,Oilseeds,2.8,Long-term,Fruits,Banana,125,21447,54260
23.76,84.34,Plateau,Entisol,Rainfed,Pulses,1.3,Short-term,Vegetables,Onion,99,80936,154122
23.42,85.3,Plateau,Entisol,Rainfed,Rice,1.9,Long-term,Pulses,Black Gram,167,92701,190559
24.26,84.51,Hilly,Inceptisol,Irrigated,Vegetables,2.3,Long-term,Mixed,Silvipasture,139,99290,261943
24.49,83.92,Hilly,Inceptisol,Rainfed,Pulses,1.6,Long-term,Cash Crops,Sugarcane,133,93814,207317
23.83,84.71,Plateau,Entisol,Irrigated,Oilseeds,1.7,Long-term,Fruits,Banana,158,13699,37575
23.57,85.28,Plain,Alfisol,Irrigated,Pulses,1.9,Short-term,Vegetables,Potato,102,50096,132420
23.64,83.66,Plateau,Entisol,Rainfed,Fruits,2.2,Long-term,Cash Crops,Sugarcane,150,25975,70170
24.16,85.92,Plateau,Entisol,Rainfed,Pulses,2.7,Long-term,Oilseeds,Groundnut,144,17044,45090
23.69,85.56,Plateau,Entisol,Rainfed,Maize,2.9,Long-term,Vegetables,Cauliflower,179,11243,20883
24.4,83.94,Hilly,Inceptisol,Rainfed,Maize,1.8,Long-term,Fruits,Banana,130,37235,84205
23.71,84.93,Plateau,Entisol,Rainfed,Pulses,1.0,Long-term,Cereals,Rice,147,94275,182349
23.77,83.88,Hilly,Inceptisol,Rainfed,Pulses,1.6,Long-term,Oilseeds,Mustard,156,48440,128199
23.65,84.73,Plateau,Entisol,Irrigated,Vegetables,1.8,Long-term,Pulses,Lentil,138,8225,14268
23.89,85.13,Plateau,Entisol,Irrigated,Cash Crops,1.3,Short-term,Cereals,Maize,112,65594,151897
23.5,84.42,Plateau,Entisol,Rainfed,Pulses,1.2,Long-term,Cash Crops,Cotton,173,3754,8251
23.57,83.83,Hilly,Inceptisol,Rainfed,Maize,2.5,Long-term,Oilseeds,Sunflower,146,36191,104856
23.92,84.17,Hilly,Inceptisol,Irrigated,Vegetables,2.8,Long-term,Mixed,Intercropping,162,73725,122749
24.03,85.05,Plateau,Entisol,Irrigated,Pulses,2.7,Long-term,Oilseeds,Sunflower,175,67277,134966
24.47,84.44,Plateau,Entisol,Irrigated,Oilseeds,2.8,Long-term,Cash Crops,Cotton,175,86106,211475
24.27,85.74,Plateau,Entisol,Rainfed,Oilseeds,1.6,Short-term,Mixed,Intercropping,115,63500,169888
24.1,84.91,Plateau,Entisol,Rainfed,Fruits,1.3,Short-term,Mixed,Agroforestry,100,44968,87905
23.36,84.97,Plateau,Entisol,Irrigated,Oilseeds,2.4,Long-term,Pulses,Lentil,130,14998,42710
23.92,84.62,Plateau,Entisol,Irrigated,Rice,2.3,Long-term,Vegetables,Cabbage,124,47037,73507
23.68,84.7,Plain,Alfisol,Irrigated,Maize,1.4,Long-term,Cereals,Maize,180,50094,119300
23.87,85.96,Plain,Alfisol,Rainfed,Vegetables,2.2,Long-term,Fruits,Mango,161,76007,226903
23.56,83.89,Plain,Alfisol,Rainfed,Pulses,1.7,Long-term,Cash Crops,Cotton,172,18752,54351
23.5,85.23,Hilly,Inceptisol,Rainfed,Cash Crops,1.1,Long-term,Cash Crops,Cotton,158,23116,54980
23.1,85.87,Hilly,Inceptisol,Rainfed,Oilseeds,2.7,Long-term,Cash Crops,Jute,166,53499,126532
23.68,83.88,Hilly,Inceptisol,Rainfed,Cash Crops,1.8,Short-term,Cash Crops,Jute,103,4496,7781
24.31,84.82,Plain,Alfisol,Rainfed,Maize,2.6,Long-term,Oilseeds,Sunflower,140,57364,160400
24.23,85.02,Plain,Alfisol,Rainfed,Fruits,2.1,Long-term,Fruits,Litchi,166,7318,21650
23.38,84.87,Plateau,Entisol,Rainfed,Oilseeds,2.1,Short-term,Oilseeds,Sesame,109,84848,203718
24.16,85.42,Plain,Alfisol,Rainfed,Maize,1.1,Long-term,Fruits,Papaya,166,30416,60617
23.76,84.97,Plain,Alfisol,Irrigated,Pulses,2.7,Short-term,Cereals,Maize,90,9108,26289
24.07,85.28,Plain,Alfisol,Rainfed,Vegetables,2.8,Long-term,Fruits,Banana,148,41728,94998
24.02,85.45,Hilly,Inceptisol,Rainfed,Cash Crops,1.3,Long-term,Pulses,Green Gram,171,58838,130372
24.09,85.99,Hilly,Inceptisol,Rainfed,Oilseeds,1.8,Short-term,Cash Crops,Tobacco,103,88903,189191
23.24,84.06,Plateau,Entisol,Rainfed,Oilseeds,2.7,Long-term,Cereals,Maize,153,7636,12515
23.26,84.56,Plain,Alfisol,Rainfed,Fruits,1.5,Short-term,Fruits,Papaya,92,31730,82863
23.59,84.94,Plain,Alfisol,Irrigated,Cash Crops,2.2,Short-term,Oilseeds,Mustard,99,48198,112594
23.83,85.82,Plateau,Entisol,Rainfed,Cash Crops,2.1,Short-term,Vegetables,Onion,112,51891,144226
24.31,84.9,Hilly,Inceptisol,Irrigated,Cash Crops,2.8,Long-term,Pulses,Black Gram,141,26891,51987
23.18,85.05,Hilly,Inceptisol,Rainfed,Pulses,2.5,Long-term,Pulses,Gram,147,66671,103417
23.14,84.55,Hilly,Inceptisol,Rainfed,Vegetables,2.4,Short-term,Pulses,Pigeon Pea,112,82950,125291
23.88,83.66,Plateau,Entisol,Irrigated,Vegetables,2.6,Long-term,Pulses,Pigeon Pea,153,19306,39436
23.5,84.58,Hilly,Inceptisol,Irrigated,Oilseeds,1.7,Short-term,Fruits,Guava,99,74062,219306
23.12,83.75,Hilly,Inceptisol,Rainfed,Vegetables,1.6,Short-term,Pulses,Green Gram,111,64834,129404
24.02,83.83,Hilly,Inceptisol,Irrigated,Maize,3.0,Short-term,Cereals,Wheat,110,71479,150979
23.97,84.63,Plain,Alfisol,Rainfed,Vegetables,1.8,Long-term,Mixed,Silvipasture,168,51605,128520
24.5,84.69,Plain,Alfisol,Irrigated,Vegetables,1.7,Long-term,Cash Crops,Sugarcane,155,80059,185446
23.69,84.72,Plateau,Entisol,Irrigated,Oilseeds,2.2,Short-term,Fruits,Mango,119,24720,61420
23.25,85.77,Plateau,Entisol,Rainfed,Maize,1.2,Short-term,Vegetables,Cauliflower,92,15114,41985
24.27,85.95,Plain,Alfisol,Irrigated,Maize,1.0,Long-term,Cereals,Millet,124,92916,220685
24.31,85.52,Plain,Alfisol,Rainfed,Vegetables,1.2,Short-term,Cereals,Barley,119,23076,37122
23.17,84.61,Plain,Alfisol,Rainfed,Maize,1.9,Long-term,Cereals,Wheat,125,79699,144803
24.17,83.98,Hilly,Inceptisol,Rainfed,Rice,2.5,Long-term,Mixed,Agroforestry,123,38485,73695
23.03,85.05,Plain,Alfisol,Rainfed,Cash Crops,2.2,Long-term,Fruits,Banana,178,49143,75898
23.79,84.27,Plain,Alfisol,Rainfed,Fruits,2.0,Long-term,Cash Crops,Tobacco,132,46009,115547
23.05,85.17,Hilly,Inceptisol,Rainfed,Maize,2.2,Long-term,Cash Crops,Tobacco,169,38339,73662
23.2,85.53,Plain,Alfisol,Rainfed,Rice,1.2,Long-term,Vegetables,Onion,150,22328,53363
24.26,83.93,Plain,Alfisol,Rainfed,Vegetables,1.4,Long-term,Mixed,Silvipasture,136,89613,199384
24.15,84.66,Hilly,Inceptisol,Rainfed,Fruits,2.2,Short-term,Vegetables,Cabbage,113,10496,21743
23.36,83.87,Plateau,Entisol,Rainfed,Maize,1.8,Short-term,Mixed,Silvipasture,111,63551,140789
24.15,84.12,Hilly,Inceptisol,Rainfed,Fruits,1.1,Long-term,Cereals,Rice,137,98817,229511
23.34,84.79,Plain,Alfisol,Rainfed,Pulses,1.3,Long-term,Oilseeds,Sesame,144,44044,71091
23.45,83.53,Plateau,Entisol,Rainfed,Vegetables,1.8,Short-term,Mixed,Agroforestry,96,50336,149411
23.58,84.25,Plateau,Entisol,Rainfed,Maize,2.1,Long-term,Cereals,Millet,173,4522,6815
24.1,85.11,Plateau,Entisol,Rainfed,Rice,1.0,Long-term,Cereals,Wheat,142,22684,50609
23.96,83.9,Plateau,Entisol,Rainfed,Cash Crops,2.7,Long-term,Vegetables,Cabbage,139,12184,29101
23.58,84.06,Hilly,Inceptisol,Rainfed,Rice,1.2,Long-term,Oilseeds,Sesame,142,75385,187381
23.29,85.67,Plain,Alfisol,Rainfed,Cash Crops,2.1,Long-term,Pulses,Black Gram,121,94795,259221
23.82,85.51,Hilly,Inceptisol,Rainfed,Pulses,1.8,Short-term,Cereals,Maize,100,28130,83575
23.87,83.77,Plateau,Entisol,Irrigated,Pulses,2.2,Short-term,Cereals,Barley,101,77923,184264
23.97,85.72,Plain,Alfisol,Rainfed,Maize,1.0,Long-term,Vegetables,Onion,130,13218,21157
23.43,83.89,Plateau,Entisol,Rainfed,Maize,2.7,Long-term,Cash Crops,Tobacco,162,91780,202695
24.12,85.67,Hilly,Inceptisol,Rainfed,Pulses,1.7,Long-term,Cereals,Barley,124,7831,17915
23.63,84.71,Hilly,Inceptisol,Rainfed,Vegetables,3.0,Long-term,Fruits,Guava,149,91648,251726
23.25,83.76,Hilly,Inceptisol,Rainfed,Maize,2.9,Long-term,Oilseeds,Sesame,149,99946,179339
23.42,85.61,Plateau,Entisol,Rainfed,Pulses,2.5,Short-term,Mixed,Silvipasture,111,91294,169037
24.47,83.56,Hilly,Inceptisol,Rainfed,Pulses,1.9,Long-term,Cash Crops,Cotton,150,85350,179000
24.13,85.34,Hilly,Inceptisol,Rainfed,Pulses,2.7,Long-term,Pulses,Pigeon Pea,159,5814,12077
23.21,85.36,Plain,Alfisol,Rainfed,Pulses,2.7,Long-term,Pulses,Gram,149,29045,49403
24.33,84.3,Hilly,Inceptisol,Irrigated,Fruits,2.2,Short-term,Fruits,Papaya,118,45926,81624
23.43,84.15,Plateau,Entisol,Rainfed,Rice,1.5,Long-term,Oilseeds,Groundnut,138,79489,204932
23.02,84.34,Plain,Alfisol,Rainfed,Vegetables,1.2,Long-term,Oilseeds,Mustard,131,32968,86305
23.68,84.83,Hilly,Inceptisol,Rainfed,Vegetables,1.3,Long-term,Fruits,Banana,150,87932,216963
23.02,84.27,Hilly,Inceptisol,Irrigated,Oilseeds,1.7,Long-term,Pulses,Pigeon Pea,172,75257,114204
23.21,84.69,Hilly,Inceptisol,Rainfed,Fruits,1.5,Long-term,Oilseeds,Groundnut,164,61469,166883
23.17,85.24,Plateau,Entisol,Rainfed,Pulses,2.5,Long-term,Oilseeds,Sunflower,170,10547,22343
23.79,84.72,Plain,Alfisol,Rainfed,Fruits,1.6,Long-term,Fruits,Mango,131,62737,153118
23.95,84.23,Hilly,Inceptisol,Rainfed,Oilseeds,1.9,Short-term,Oilseeds,Sunflower,104,3305,7089
23.5,85.38,Hilly,Inceptisol,Rainfed,Rice,2.3,Long-term,Cash Crops,Sugarcane,172,35672,86994
23.37,85.43,Hilly,Inceptisol,Rainfed,Vegetables,1.0,Long-term,Mixed,Intercropping,133,11616,25002
24.39,84.78,Plateau,Entisol,Rainfed,Maize,1.6,Long-term,Cash Crops,Sugarcane,128,43571,78624
24.3,83.51,Hilly,Inceptisol,Irrigated,Rice,1.2,Long-term,Cereals,Wheat,143,17354,37909
24.39,85.46,Plain,Alfisol,Irrigated,Rice,1.0,Short-term,Vegetables,Cabbage,96,75378,199885
23.16,84.98,Plain,Alfisol,Rainfed,Pulses,1.3,Long-term,Pulses,Pigeon Pea,143,89545,141126
23.39,84.1,Plateau,Entisol,Rainfed,Maize,2.3,Long-term,Cash Crops,Cotton,122,93479,245684
24.25,84.56,Plateau,Entisol,Rainfed,Maize,2.4,Short-term,Cash Crops,Tobacco,103,89971,157860
23.36,85.47,Plateau,Entisol,Rainfed,Fruits,1.9,Short-term,Vegetables,Tomato,117,73130,134492
23.22,84.19,Plain,Alfisol,Irrigated,Maize,1.4,Short-term,Cereals,Maize,104,21209,33808
24.01,84.42,Plain,Alfisol,Rainfed,Rice,1.1,Short-term,Fruits,Papaya,95,59166,156195
24.06,85.4,Hilly,Inceptisol,Irrigated,Pulses,1.7,Long-term,Pulses,Pigeon Pea,164,41733,122218
23.36,85.28,Hilly,Inceptisol,Irrigated,Maize,1.9,Short-term,Oilseeds,Sunflower,97,71213,177772
23.13,84.58,Hilly,Inceptisol,Irrigated,Vegetables,1.2,Long-term,Cereals,Barley,141,19423,34942
23.95,84.94,Hilly,Inceptisol,Rainfed,Maize,2.6,Short-term,Cash Crops,Sugarcane,109,72462,127098
23.29,84.13,Plateau,Entisol,Rainfed,Oilseeds,1.1,Short-term,Cereals,Maize,96,9812,24834
24.37,84.6,Plateau,Entisol,Rainfed,Vegetables,2.3,Long-term,Cash Crops,Tobacco,142,44402,73143
23.45,85.45,Plateau,Entisol,Rainfed,Maize,1.3,Short-term,Cereals,Rice,117,18046,37864
23.75,84.32,Plateau,Entisol,Rainfed,Cash Crops,2.7,Long-term,Mixed,Intercropping,175,58427,134890
23.88,85.02,Hilly,Inceptisol,Irrigated,Maize,1.6,Long-term,Mixed,Silvipasture,135,53062,92883
23.05,84.53,Hilly,Inceptisol,Rainfed,Cash Crops,2.8,Long-term,Cash Crops,Cotton,122,96121,161250
24.46,84.58,Plain,Alfisol,Rainfed,Fruits,2.6,Short-term,Mixed,Silvipasture,93,93543,208828
24.07,83.78,Hilly,Inceptisol,Irrigated,Rice,2.5,Short-term,Vegetables,Brinjal,97,59006,122535
23.35,84.02,Plateau,Entisol,Rainfed,Pulses,1.4,Long-term,Mixed,Agroforestry,137,31924,55218
23.94,84.47,Plateau,Entisol,Rainfed,Pulses,1.8,Long-term,Cereals,Millet,138,89923,238121
23.87,85.76,Hilly,Inceptisol,Irrigated,Vegetables,1.8,Short-term,Oilseeds,Sesame,111,35614,74019
23.69,85.38,Plateau,Entisol,Rainfed,Fruits,2.7,Long-term,Pulses,Pigeon Pea,135,57074,95052
23.07,85.67,Plain,Alfisol,Irrigated,Cash Crops,1.1,Short-term,Oilseeds,Groundnut,118,36119,71542
24.25,84.31,Plain,Alfisol,Rainfed,Cash Crops,1.9,Short-term,Oilseeds,Soybean,115,11111,19092
24.25,84.23,Hilly,Inceptisol,Rainfed,Vegetables,2.5,Long-term,Oilseeds,Sunflower,147,10661,30713
24.2,84.01,Plain,Alfisol,Irrigated,Fruits,1.9,Short-term,Mixed,Intercropping,109,66522,163113
23.66,83.8,Hilly,Inceptisol,Irrigated,Cash Crops,1.7,Long-term,Cereals,Rice,162,45245,84338
23.95,84.97,Plateau,Entisol,Rainfed,Oilseeds,2.3,Long-term,Cash Crops,Cotton,166,16303,28666
23.87,84.33,Hilly,Inceptisol,Rainfed,Maize,1.6,Long-term,Cereals,Sorghum,175,59312,171712
23.7,84.57,Plateau,Entisol,Irrigated,Pulses,1.2,Short-term,Pulses,Black Gram,110,39383,104084
24.22,83.74,Plain,Alfisol,Rainfed,Rice,1.6,Long-term,Cash Crops,Jute,172,97485,191974
24.37,84.76,Hilly,Inceptisol,Rainfed,Pulses,1.1,Long-term,Vegetables,Tomato,163,20185,46223
23.64,85.09,Plateau,Entisol,Rainfed,Cash Crops,1.1,Long-term,Pulses,Pigeon Pea,153,23846,57371
23.17,84.15,Plain,Alfisol,Rainfed,Oilseeds,2.5,Short-term,Vegetables,Cauliflower,119,52107,101676
24.11,85.98,Hilly,Inceptisol,Rainfed,Vegetables,2.7,Long-term,Fruits,Banana,141,60372,159168
23.43,83.84,Plain,Alfisol,Rainfed,Cash Crops,1.7,Long-term,Vegetables,Cauliflower,156,35957,83584
23.83,85.2,Plateau,Entisol,Irrigated,Pulses,1.4,Long-term,Cereals,Wheat,134,69908,177589
23.73,84.37,Hilly,Inceptisol,Irrigated,Rice,1.5,Long-term,Fruits,Guava,149,25666,44926
23.2,83.94,Plain,Alfisol,Irrigated,Pulses,1.3,Long-term,Mixed,Silvipasture,167,11345,29223
23.84,84.37,Plain,Alfisol,Rainfed,Pulses,1.6,Long-term,Mixed,Intercropping,175,14487,28714
23.63,85.29,Plain,Alfisol,Irrigated,Vegetables,1.1,Long-term,Cash Crops,Cotton,147,98942,178327
24.32,83.94,Hilly,Inceptisol,Rainfed,Fruits,1.6,Short-term,Pulses,Green Gram,108,95439,229946
23.59,85.93,Hilly,Inceptisol,Rainfed,Fruits,2.4,Long-term,Cash Crops,Tobacco,168,35710,55010
23.67,84.94,Plateau,Entisol,Rainfed,Oilseeds,2.6,Long-term,Mixed,Silvipasture,142,84347,137316
23.07,85.37,Plateau,Entisol,Rainfed,Cash Crops,1.2,Short-term,Vegetables,Tomato,113,22754,47740
23.67,83.54,Plain,Alfisol,Rainfed,Fruits,2.9,Long-term,Oilseeds,Sunflower,120,71909,151529
23.39,84.46,Plain,Alfisol,Rainfed,Oilseeds,2.7,Long-term,Fruits,Guava,169,28390,50639
23.88,85.9,Hilly,Inceptisol,Rainfed,Fruits,2.5,Long-term,Cereals,Wheat,155,27508,66597
23.44,84.85,Hilly,Inceptisol,Rainfed,Cash Crops,2.2,Short-term,Fruits,Mango,112,91684,246197
23.25,84.0,Hilly,Inceptisol,Rainfed,Rice,2.3,Long-term,Mixed,Intercropping,177,82632,236446
23.1,85.16,Hilly,Inceptisol,Rainfed,Pulses,2.5,Short-term,Pulses,Green Gram,111,19305,41341
24.1,85.4,Hilly,Inceptisol,Irrigated,Cash Crops,1.1,Long-term,Cash Crops,Sugarcane,165,57733,100553
23.65,84.3,Plateau,Entisol,Irrigated,Oilseeds,2.8,Long-term,Vegetables,Onion,164,76373,173799
23.74,84.58,Hilly,Inceptisol,Rainfed,Pulses,1.5,Long-term,Cash Crops,Tobacco,122,91559,169100
23.09,84.49,Plain,Alfisol,Rainfed,Vegetables,1.3,Long-term,Oilseeds,Sunflower,171,77893,158129
23.97,83.7,Hilly,Inceptisol,Irrigated,Fruits,2.2,Long-term,Fruits,Mango,157,39747,72313
23.5,84.41,Plain,Alfisol,Rainfed,Oilseeds,2.9,Short-term,Mixed,Agroforestry,107,4401,10000
24.27,84.22,Plain,Alfisol,Rainfed,Oilseeds,2.2,Long-term,Vegetables,Tomato,150,26488,43594
23.33,84.23,Plain,Alfisol,Rainfed,Cash Crops,2.3,Long-term,Oilseeds,Mustard,159,6782,10459
24.0,85.95,Plateau,Entisol,Rainfed,Pulses,1.2,Long-term,Vegetables,Cabbage,156,93025,226048
24.48,84.12,Plateau,Entisol,Rainfed,Cash Crops,1.1,Long-term,Fruits,Papaya,157,58815,100931
24.35,83.84,Hilly,Inceptisol,Rainfed,Cash Crops,1.9,Long-term,Vegetables,Brinjal,149,56947,99989
23.26,83.81,Plain,Alfisol,Rainfed,Rice,1.1,Long-term,Vegetables,Brinjal,135,66339,178584
24.24,84.55,Plain,Alfisol,Rainfed,Cash Crops,2.1,Short-term,Mixed,Agroforestry,94,11684,22437
23.1,83.66,Hilly,Inceptisol,Irrigated,Vegetables,3.0,Long-term,Cereals,Maize,150,32859,53911
23.01,83.71,Plain,Alfisol,Irrigated,Oilseeds,1.1,Short-term,Mixed,Silvipasture,113,88416,172503
23.93,85.79,Plateau,Entisol,Rainfed,Pulses,3.0,Long-term,Vegetables,Onion,123,48558,82761
23.9,83.86,Plateau,Entisol,Rainfed,Cash Crops,2.3,Long-term,Mixed,Silvipasture,157,79848,140210
23.86,83.69,Hilly,Inceptisol,Rainfed,Rice,1.6,Long-term,Oilseeds,Mustard,120,15381,40698
23.35,84.1,Plateau,Entisol,Irrigated,Rice,2.6,Short-term,Cereals,Wheat,106,16109,33732
24.24,83.88,Hilly,Inceptisol,Rainfed,Maize,1.2,Long-term,Oilseeds,Sesame,159,13740,31679
24.03,85.25,Hilly,Inceptisol,Rainfed,Cash Crops,1.2,Long-term,Cereals,Wheat,132,41066,100074
23.41,85.99,Hilly,Inceptisol,Rainfed,Fruits,1.7,Long-term,Pulses,Green Gram,153,6369,10204
24.15,83.68,Plateau,Entisol,Rainfed,Vegetables,2.2,Short-term,Oilseeds,Groundnut,115,34114,61287
24.0,85.97,Hilly,Inceptisol,Rainfed,Pulses,2.7,Long-term,Oilseeds,Groundnut,142,9437,16163
23.56,84.66,Plain,Alfisol,Rainfed,Oilseeds,2.6,Long-term,Mixed,Agroforestry,178,73438,119246
23.51,83.64,Hilly,Inceptisol,Irrigated,Cash Crops,1.0,Short-term,Oilseeds,Mustard,112,48955,112352
24.13,85.49,Hilly,Inceptisol,Rainfed,Fruits,2.8,Short-term,Vegetables,Onion,100,91499,265588
24.37,84.32,Hilly,Inceptisol,Rainfed,Rice,2.4,Long-term,Pulses,Pigeon Pea,143,13357,35809
24.36,85.38,Plateau,Entisol,Irrigated,Maize,2.5,Long-term,Cereals,Millet,128,26550,78103
23.58,84.81,Plateau,Entisol,Irrigated,Maize,2.2,Short-term,Cash Crops,Cotton,98,5628,9876
23.25,84.16,Plateau,Entisol,Rainfed,Pulses,2.5,Short-term,Fruits,Guava,108,30209,71813
23.54,84.86,Plain,Alfisol,Irrigated,Maize,1.1,Long-term,Pulses,Lentil,139,42538,104565
24.16,85.99,Plain,Alfisol,Rainfed,Fruits,1.1,Long-term,Cereals,Wheat,169,95947,165563
23.95,85.51,Plateau,Entisol,Rainfed,Rice,2.2,Long-term,Cash Crops,Jute,172,8541,16204
23.17,85.32,Plateau,Entisol,Rainfed,Oilseeds,1.4,Long-term,Cereals,Millet,148,48032,114083
23.47,84.77,Hilly,Inceptisol,Irrigated,Maize,2.4,Long-term,Cash Crops,Cotton,167,57430,107982
23.2,85.05,Plateau,Entisol,Rainfed,Maize,1.8,Long-term,Mixed,Agroforestry,161,97922,156380
24.27,85.35,Hilly,Inceptisol,Irrigated,Cash Crops,1.3,Long-term,Cereals,Rice,132,57560,149739
24.29,83.92,Hilly,Inceptisol,Rainfed,Fruits,1.7,Long-term,Vegetables,Onion,164,42995,124013
23.1,84.1,Hilly,Inceptisol,Irrigated,Vegetables,1.4,Long-term,Oilseeds,Sesame,126,82740,160453
24.37,84.41,Plateau,Entisol,Irrigated,Rice,3.0,Short-term,Fruits,Banana,108,29637,52632
23.17,84.33,Plain,Alfisol,Irrigated,Pulses,1.5,Long-term,Pulses,Black Gram,167,25186,65653
24.26,84.78,Plain,Alfisol,Rainfed,Maize,3.0,Long-term,Cereals,Millet,120,72175,111339
23.49,83.55,Plain,Alfisol,Rainfed,Pulses,1.4,Short-term,Vegetables,Cauliflower,115,93013,185805
23.74,84.53,Plain,Alfisol,Rainfed,Rice,1.9,Long-term,Oilseeds,Soybean,155,57320,161120
23.98,84.98,Hilly,Inceptisol,Rainfed,Cash Crops,1.4,Long-term,Fruits,Papaya,164,66374,113100
24.32,84.3,Plain,Alfisol,Irrigated,Rice,2.9,Short-term,Cereals,Maize,113,7651,11863
23.12,85.11,Plateau,Entisol,Irrigated,Rice,1.9,Long-term,Mixed,Agroforestry,178,65872,154995
24.37,84.24,Plain,Alfisol,Rainfed,Maize,1.7,Long-term,Fruits,Mango,156,54150,100870
23.81,85.79,Plateau,Entisol,Irrigated,Cash Crops,1.6,Long-term,Pulses,Gram,171,39910,108910
23.79,83.95,Plain,Alfisol,Rainfed,Oilseeds,1.8,Long-term,Mixed,Agroforestry,142,24214,69597
23.21,84.06,Plateau,Entisol,Rainfed,Cash Crops,1.3,Long-term,Fruits,Papaya,165,55745,139897
24.17,83.91,Hilly,Inceptisol,Irrigated,Pulses,1.2,Short-term,Vegetables,Cauliflower,93,88667,217259
23.33,85.83,Hilly,Inceptisol,Irrigated,Rice,1.5,Long-term,Oilseeds,Sesame,147,71573,145061
24.06,83.75,Plateau,Entisol,Irrigated,Rice,1.5,Short-term,Mixed,Silvipasture,117,94347,147985
23.55,84.77,Plateau,Entisol,Irrigated,Vegetables,1.1,Short-term,Oilseeds,Sesame,114,48141,111320
23.91,85.27,Hilly,Inceptisol,Rainfed,Pulses,1.9,Long-term,Vegetables,Cabbage,166,35237,68491
23.22,85.21,Plain,Alfisol,Rainfed,Rice,2.6,Long-term,Cash Crops,Sugarcane,165,57800,152569
23.68,84.69,Plain,Alfisol,Irrigated,Vegetables,2.4,Long-term,Pulses,Lentil,124,63683,110251
23.55,85.65,Plain,Alfisol,Rainfed,Rice,1.4,Long-term,Pulses,Pigeon Pea,178,78803,139994
23.62,85.79,Hilly,Inceptisol,Rainfed,Vegetables,2.8,Long-term,Pulses,Lentil,136,42112,69527
24.46,84.81,Plateau,Entisol,Irrigated,Maize,1.2,Long-term,Mixed,Intercropping,154,87494,255012
23.52,84.82,Plateau,Entisol,Rainfed,Fruits,2.2,Short-term,Mixed,Agroforestry,103,54659,162199
24.42,84.54,Plain,Alfisol,Rainfed,Vegetables,1.2,Short-term,Mixed,Silvipasture,119,91334,198148
23.95,84.13,Plain,Alfisol,Irrigated,Maize,2.4,Short-term,Vegetables,Tomato,112,29061,53949
23.53,84.75,Hilly,Inceptisol,Rainfed,Rice,1.9,Short-term,Fruits,Litchi,104,87715,225103
23.96,84.58,Plain,Alfisol,Irrigated,Vegetables,1.1,Long-term,Cereals,Millet,169,69576,113907
23.28,84.86,Plateau,Entisol,Irrigated,Oilseeds,1.8,Short-term,Oilseeds,Groundnut,102,53489,157897
24.48,84.71,Hilly,Inceptisol,Irrigated,Pulses,1.5,Long-term,Oilseeds,Soybean,166,49896,137179
23.91,84.77,Hilly,Inceptisol,Rainfed,Fruits,3.0,Long-term,Cereals,Sorghum,152,87604,218440
23.26,85.26,Plain,Alfisol,Irrigated,Fruits,1.3,Long-term,Pulses,Black Gram,138,47435,75728
24.43,85.46,Plain,Alfisol,Rainfed,Rice,2.6,Short-term,Cash Crops,Tobacco,93,81030,154122
23.63,83.72,Plateau,Entisol,Rainfed,Oilseeds,2.1,Long-term,Oilseeds,Groundnut,141,66873,199734
23.4,85.94,Hilly,Inceptisol,Rainfed,Vegetables,1.7,Long-term,Mixed,Intercropping,162,82033,200651
24.13,85.29,Hilly,Inceptisol,Rainfed,Oilseeds,1.8,Short-term,Oilseeds,Soybean,112,44345,78987
23.17,84.8,Hilly,Inceptisol,Rainfed,Fruits,1.9,Short-term,Cereals,Sorghum,101,46052,113852
23.54,85.65,Plateau,Entisol,Rainfed,Rice,2.5,Short-term,Vegetables,Potato,112,83251,210087
23.2,84.81,Plain,Alfisol,Rainfed,Maize,2.0,Long-term,Mixed,Agroforestry,175,14011,38175
24.26,83.76,Plain,Alfisol,Irrigated,Rice,2.8,Long-term,Cash Crops,Sugarcane,134,65202,98578
23.29,84.84,Plateau,Entisol,Rainfed,Fruits,2.8,Long-term,Cereals,Barley,120,87051,226577
23.43,85.71,Plateau,Entisol,Rainfed,Oilseeds,2.4,Long-term,Vegetables,Cauliflower,144,8214,24211
23.81,83.53,Plain,Alfisol,Rainfed,Cash Crops,1.2,Long-term,Fruits,Guava,174,58242,148128
24.36,84.64,Plain,Alfisol,Rainfed,Vegetables,1.1,Long-term,Oilseeds,Groundnut,145,59350,92620
23.55,84.33,Plain,Alfisol,Rainfed,Maize,2.2,Short-term,Pulses,Pigeon Pea,105,57754,133449
24.07,85.5,Plateau,Entisol,Irrigated,Maize,2.6,Short-term,Mixed,Agroforestry,113,16496,38397
24.37,85.18,Hilly,Inceptisol,Rainfed,Cash Crops,1.7,Short-term,Pulses,Lentil,91,56283,165132
23.04,84.09,Hilly,Inceptisol,Irrigated,Rice,2.4,Long-term,Pulses,Black Gram,127,49942,147117
23.41,84.34,Plateau,Entisol,Rainfed,Fruits,2.1,Long-term,Cash Crops,Jute,136,97290,204045
23.87,85.68,Plateau,Entisol,Irrigated,Oilseeds,2.3,Long-term,Cereals,Rice,163,18775,45903
23.63,85.78,Hilly,Inceptisol,Rainfed,Rice,1.1,Short-term,Mixed,Agroforestry,101,25899,67539
24.07,84.05,Plain,Alfisol,Irrigated,Oilseeds,2.1,Long-term,Oilseeds,Sesame,174,67704,127905
23.73,84.6,Hilly,Inceptisol,Rainfed,Rice,2.2,Long-term,Vegetables,Cabbage,155,67616,119648
24.06,83.91,Plain,Alfisol,Rainfed,Pulses,1.5,Long-term,Pulses,Black Gram,178,13955,32201
24.15,84.18,Plain,Alfisol,Rainfed,Rice,1.0,Short-term,Cereals,Maize,97,69091,187208
23.96,84.12,Plain,Alfisol,Rainfed,Maize,2.6,Short-term,Vegetables,Brinjal,96,14716,23956
24.07,84.9,Plain,Alfisol,Irrigated,Pulses,1.6,Long-term,Oilseeds,Sesame,146,20535,61219
23.53,84.5,Plateau,Entisol,Rainfed,Cash Crops,1.1,Short-term,Fruits,Litchi,90,66572,130849
23.19,83.58,Plain,Alfisol,Rainfed,Pulses,1.3,Short-term,Oilseeds,Sunflower,111,77903,212111
23.04,84.21,Plain,Alfisol,Irrigated,Cash Crops,1.9,Long-term,Mixed,Silvipasture,161,45922,84878
23.03,84.6,Plain,Alfisol,Irrigated,Vegetables,1.3,Long-term,Fruits,Mango,164,12354,24970
24.44,84.47,Hilly,Inceptisol,Rainfed,Fruits,1.2,Long-term,Oilseeds,Sunflower,144,72520,121683
23.27,84.1,Plain,Alfisol,Irrigated,Vegetables,2.3,Short-term,Pulses,Gram,101,14634,26740
23.67,85.44,Hilly,Inceptisol,Rainfed,Oilseeds,1.9,Short-term,Pulses,Gram,92,29577,44520
24.19,85.08,Plain,Alfisol,Irrigated,Pulses,1.7,Long-term,Pulses,Gram,173,65899,182928
24.39,85.3,Plateau,Entisol,Irrigated,Rice,1.4,Short-term,Pulses,Gram,106,40180,64723
24.36,85.72,Plain,Alfisol,Irrigated,Vegetables,2.1,Long-term,Cereals,Barley,178,13665,26227
23.45,84.89,Plain,Alfisol,Irrigated,Rice,1.8,Long-term,Cash Crops,Sugarcane,134,98014,178365
24.41,85.54,Hilly,Inceptisol,Rainfed,Pulses,1.8,Short-term,Cash Crops,Tobacco,108,25900,73490
23.81,85.55,Plateau,Entisol,Rainfed,Oilseeds,2.8,Short-term,Vegetables,Cauliflower,111,21893,37066
23.0,85.03,Plain,Alfisol,Rainfed,Oilseeds,1.1,Long-term,Oilseeds,Sunflower,162,93094,157576
23.86,85.05,Plateau,Entisol,Irrigated,Pulses,1.4,Long-term,Vegetables,Potato,143,49056,125743
23.92,85.01,Plain,Alfisol,Rainfed,Rice,2.0,Short-term,Oilseeds,Sunflower,115,23304,44567
23.87,85.54,Plain,Alfisol,Irrigated,Rice,3.0,Long-term,Oilseeds,Sesame,166,89687,214131
23.5,84.99,Plateau,Entisol,Rainfed,Pulses,2.7,Long-term,Cereals,Sorghum,157,92068,187449
23.74,85.8,Plain,Alfisol,Rainfed,Rice,1.7,Short-term,Fruits,Papaya,105,28436,65123
23.87,84.4,Hilly,Inceptisol,Rainfed,Fruits,1.8,Long-term,Cash Crops,Tobacco,148,67998,158564
23.27,85.54,Plain,Alfisol,Rainfed,Fruits,2.4,Short-term,Cash Crops,Jute,91,73829,129524
23.98,84.14,Hilly,Inceptisol,Rainfed,Vegetables,2.5,Long-term,Pulses,Green Gram,148,7848,20035
23.24,84.81,Hilly,Inceptisol,Rainfed,Vegetables,3.0,Long-term,Pulses,Black Gram,145,43840,125469
23.38,84.79,Plain,Alfisol,Rainfed,Rice,2.8,Long-term,Pulses,Pigeon Pea,144,51539,83300
23.99,84.35,Plateau,Entisol,Rainfed,Cash Crops,1.1,Long-term,Pulses,Pigeon Pea,159,76434,161683
24.04,85.67,Plain,Alfisol,Rainfed,Rice,1.2,Long-term,Vegetables,Cabbage,151,42652,95090
23.64,85.86,Hilly,Inceptisol,Rainfed,Oilseeds,2.5,Short-term,Cash Crops,Cotton,118,97684,288550
23.92,85.02,Plateau,Entisol,Rainfed,Pulses,2.4,Long-term,Cereals,Maize,130,89223,150120
23.04,83.9,Plateau,Entisol,Irrigated,Cash Crops,2.0,Short-term,Fruits,Papaya,113,25753,66299
23.55,84.58,Hilly,Inceptisol,Rainfed,Vegetables,2.5,Long-term,Oilseeds,Sunflower,144,31276,70577
23.35,85.46,Hilly,Inceptisol,Rainfed,Oilseeds,2.1,Long-term,Pulses,Lentil,146,89895,140100
23.12,84.99,Plateau,Entisol,Rainfed,Cash Crops,2.3,Long-term,Pulses,Pigeon Pea,120,35330,76166
23.59,83.8,Plateau,Entisol,Rainfed,Fruits,1.1,Long-term,Fruits,Guava,120,29688,52723
24.03,84.14,Plain,Alfisol,Irrigated,Pulses,2.5,Long-term,Fruits,Mango,134,47526,88682
24.5,83.66,Hilly,Inceptisol,Rainfed,Cash Crops,2.4,Long-term,Vegetables,Cauliflower,143,32720,57634
23.04,85.06,Plain,Alfisol,Irrigated,Rice,3.0,Long-term,Fruits,Banana,176,62961,107534
23.68,84.69,Plateau,Entisol,Rainfed,Pulses,1.7,Short-term,Vegetables,Potato,97,55080,126444
24.37,85.62,Plain,Alfisol,Irrigated,Fruits,2.2,Long-term,Mixed,Agroforestry,126,11462,34196
23.98,85.01,Plateau,Entisol,Rainfed,Maize,1.1,Short-term,Fruits,Litchi,92,9793,19231
23.57,85.35,Hilly,Inceptisol,Rainfed,Maize,1.1,Long-term,Cereals,Sorghum,138,77095,117910
23.7,85.09,Hilly,Inceptisol,Rainfed,Oilseeds,1.7,Short-term,Mixed,Agroforestry,96,96026,147054
23.29,85.5,Hilly,Inceptisol,Irrigated,Maize,1.1,Short-term,Cash Crops,Sugarcane,105,6479,16593
24.32,85.13,Plain,Alfisol,Irrigated,Pulses,1.4,Long-term,Pulses,Gram,148,4898,8620
24.04,85.27,Hilly,Inceptisol,Rainfed,Rice,2.7,Short-term,Cereals,Sorghum,102,92689,191526
24.11,85.79,Plateau,Entisol,Rainfed,Rice,1.7,Long-term,Mixed,Intercropping,165,35673,94230
23.28,85.71,Plateau,Entisol,Rainfed,Vegetables,1.6,Long-term,Cereals,Wheat,163,41913,91944
23.55,85.6,Hilly,Inceptisol,Rainfed,Rice,1.9,Short-term,Pulses,Gram,107,42702,66935
23.51,85.29,Plain,Alfisol,Irrigated,Vegetables,1.3,Short-term,Oilseeds,Soybean,91,46447,121477
23.56,83.5,Plateau,Entisol,Rainfed,Fruits,1.7,Long-term,Vegetables,Brinjal,146,35015,77013
23.99,84.27,Plateau,Entisol,Irrigated,Vegetables,2.4,Short-term,Vegetables,Cauliflower,95,27116,50569
23.03,85.12,Plateau,Entisol,Rainfed,Cash Crops,1.6,Long-term,Pulses,Green Gram,140,37407,81546
23.77,84.86,Plain,Alfisol,Irrigated,Oilseeds,3.0,Long-term,Oilseeds,Groundnut,143,71440,108875
23.38,85.23,Plateau,Entisol,Rainfed,Fruits,2.4,Short-term,Mixed,Silvipasture,98,60007,160439
23.27,84.87,Plateau,Entisol,Irrigated,Pulses,1.7,Short-term,Mixed,Intercropping,110,76986,122430
23.59,85.73,Hilly,Inceptisol,Rainfed,Cash Crops,1.3,Long-term,Oilseeds,Soybean,129,40516,109140
24.37,84.83,Hilly,Inceptisol,Rainfed,Oilseeds,2.0,Long-term,Cash Crops,Cotton,159,6385,18853
23.5,85.58,Hilly,Inceptisol,Rainfed,Fruits,2.4,Short-term,Mixed,Intercropping,99,28186,68645
23.28,85.04,Hilly,Inceptisol,Irrigated,Cash Crops,1.6,Long-term,Mixed,Intercropping,163,26152,45475
23.16,85.54,Plateau,Entisol,Irrigated,Maize,1.3,Long-term,Fruits,Guava,149,38803,89459
24.26,84.89,Plain,Alfisol,Rainfed,Oilseeds,1.8,Long-term,Mixed,Intercropping,120,83065,216575
23.49,84.29,Plain,Alfisol,Rainfed,Fruits,2.1,Long-term,Cash Crops,Cotton,148,31058,89403
23.41,84.44,Hilly,Inceptisol,Rainfed,Oilseeds,2.8,Short-term,Vegetables,Cabbage,109,18293,37758
24.45,84.3,Plain,Alfisol,Irrigated,Pulses,1.8,Long-term,Mixed,Silvipasture,140,4743,10351
23.03,85.9,Hilly,Inceptisol,Rainfed,Oilseeds,2.2,Long-term,Mixed,Silvipasture,136,8342,24896
24.45,84.74,Plateau,Entisol,Irrigated,Cash Crops,2.1,Long-term,Cash Crops,Tobacco,131,33016,64928
24.32,84.76,Hilly,Inceptisol,Rainfed,Fruits,1.1,Long-term,Oilseeds,Sunflower,164,71524,157558
23.99,84.44,Hilly,Inceptisol,Rainfed,Fruits,2.4,Long-term,Pulses,Green Gram,137,66371,185771
23.06,84.94,Hilly,Inceptisol,Rainfed,Oilseeds,1.4,Short-term,Cereals,Sorghum,93,92545,193520
24.11,84.13,Hilly,Inceptisol,Rainfed,Rice,1.4,Long-term,Cereals,Barley,178,87849,241207
24.24,84.46,Hilly,Inceptisol,Rainfed,Rice,2.4,Long-term,Oilseeds,Sesame,124,52011,86356
24.39,85.71,Hilly,Inceptisol,Rainfed,Rice,1.7,Short-term,Vegetables,Tomato,117,75335,126975
24.45,85.15,Plateau,Entisol,Irrigated,Pulses,1.8,Long-term,Mixed,Silvipasture,151,59496,160827
24.42,85.69,Hilly,Inceptisol,Irrigated,Oilseeds,2.2,Short-term,Cash Crops,Jute,107,12111,30925
24.41,85.86,Hilly,Inceptisol,Rainfed,Cash Crops,2.1,Long-term,Oilseeds,Groundnut,129,79472,226404
24.35,84.79,Plateau,Entisol,Irrigated,Fruits,1.8,Short-term,Pulses,Lentil,92,39513,101877
23.32,85.93,Plateau,Entisol,Rainfed,Oilseeds,1.6,Long-term,Mixed,Intercropping,130,48047,113885
23.93,84.56,Hilly,Inceptisol,Rainfed,Fruits,1.1,Long-term,Vegetables,Potato,133,81261,163041
23.01,84.29,Plain,Alfisol,Rainfed,Pulses,2.1,Long-term,Fruits,Papaya,141,41659,92807
23.83,84.19,Plateau,Entisol,Irrigated,Vegetables,1.3,Long-term,Pulses,Black Gram,180,43744,124033
23.27,84.89,Plain,Alfisol,Irrigated,Maize,2.8,Short-term,Cereals,Sorghum,106,45802,89378
23.37,85.73,Hilly,Inceptisol,Rainfed,Maize,2.6,Short-term,Mixed,Intercropping,94,42656,101233
23.06,85.35,Hilly,Inceptisol,Rainfed,Vegetables,2.4,Short-term,Pulses,Lentil,93,38920,69028
23.71,85.41,Plateau,Entisol,Rainfed,Fruits,1.6,Short-term,Fruits,Banana,93,7486,12479
23.37,85.92,Plain,Alfisol,Irrigated,Rice,2.3,Long-term,Cash Crops,Cotton,126,66503,150545
24.24,85.63,Plateau,Entisol,Rainfed,Rice,1.0,Long-term,Mixed,Intercropping,176,5878,15685
23.74,84.3,Plain,Alfisol,Rainfed,Fruits,1.2,Short-term,Oilseeds,Sunflower,95,62751,109374
23.03,84.22,Hilly,Inceptisol,Rainfed,Vegetables,1.5,Long-term,Oilseeds,Soybean,133,81337,176626
23.71,85.34,Hilly,Inceptisol,Rainfed,Cash Crops,2.0,Short-term,Pulses,Black Gram,104,96215,276792
23.55,84.39,Plain,Alfisol,Rainfed,Maize,1.8,Long-term,Fruits,Mango,130,8149,15116
24.27,85.85,Hilly,Inceptisol,Irrigated,Pulses,1.2,Long-term,Cash Crops,Tobacco,133,47649,97742
23.75,85.55,Hilly,Inceptisol,Irrigated,Pulses,1.3,Long-term,Pulses,Green Gram,161,48001,100015
24.47,83.84,Hilly,Inceptisol,Irrigated,Vegetables,2.5,Long-term,Mixed,Agroforestry,120,59468,118302
23.86,83.96,Hilly,Inceptisol,Irrigated,Pulses,2.5,Long-term,Cash Crops,Cotton,170,47753,100715
23.58,84.98,Hilly,Inceptisol,Rainfed,Pulses,1.4,Short-term,Cash Crops,Sugarcane,117,61304,121875
23.82,84.99,Plateau,Entisol,Irrigated,Vegetables,1.2,Short-term,Mixed,Silvipasture,99,86415,231953
23.32,83.62,Plain,Alfisol,Irrigated,Pulses,3.0,Long-term,Mixed,Agroforestry,148,9696,18260
24.44,83.5,Plain,Alfisol,Irrigated,Maize,2.6,Short-term,Pulses,Green Gram,119,22262,51988
24.31,85.85,Plateau,Entisol,Rainfed,Vegetables,1.5,Short-term,Cereals,Millet,103,54141,83439
23.87,85.34,Plain,Alfisol,Rainfed,Fruits,2.5,Short-term,Cash Crops,Tobacco,97,78976,182499
23.15,83.88,Plain,Alfisol,Irrigated,Rice,1.3,Long-term,Pulses,Gram,132,95608,238222
23.74,85.68,Hilly,Inceptisol,Irrigated,Oilseeds,1.7,Short-term,Pulses,Green Gram,93,74438,159446
24.22,84.46,Hilly,Inceptisol,Rainfed,Cash Crops,2.0,Long-term,Mixed,Agroforestry,173,89831,212461
23.77,83.57,Plateau,Entisol,Irrigated,Pulses,2.9,Short-term,Cereals,Millet,93,73440,184943
23.18,84.38,Plain,Alfisol,Irrigated,Pulses,1.8,Long-term,Cereals,Sorghum,140,69979,111496
24.13,84.12,Hilly,Inceptisol,Rainfed,Oilseeds,1.1,Long-term,Pulses,Lentil,171,80562,195860
24.16,85.53,Hilly,Inceptisol,Irrigated,Fruits,2.3,Short-term,Mixed,Intercropping,107,59082,139500
23.7,85.28,Plateau,Entisol,Rainfed,Oilseeds,2.1,Long-term,Fruits,Papaya,140,84415,162415
24.14,84.82,Plain,Alfisol,Irrigated,Oilseeds,2.5,Long-term,Mixed,Intercropping,171,91944,163263
23.03,85.3,Plain,Alfisol,Irrigated,Vegetables,1.1,Long-term,Vegetables,Onion,121,92007,251603
24.12,84.94,Plateau,Entisol,Rainfed,Fruits,2.8,Long-term,Oilseeds,Sunflower,131,7226,12903
24.19,84.86,Plain,Alfisol,Rainfed,Rice,2.4,Long-term,Pulses,Black Gram,154,13383,22044
23.34,84.84,Hilly,Inceptisol,Irrigated,Pulses,1.1,Long-term,Cereals,Sorghum,122,4016,10152
23.47,84.24,Plateau,Entisol,Rainfed,Oilseeds,2.7,Long-term,Fruits,Mango,130,71840,198719
23.68,85.31,Hilly,Inceptisol,Irrigated,Rice,1.5,Short-term,Oilseeds,Sunflower,117,69700,164773
24.0,84.83,Plateau,Entisol,Irrigated,Oilseeds,2.5,Long-term,Fruits,Papaya,126,22589,60250
23.01,84.68,Plateau,Entisol,Rainfed,Rice,1.5,Long-term,Cereals,Rice,134,6003,9128
24.21,84.98,Hilly,Inceptisol,Rainfed,Fruits,2.8,Long-term,Cash Crops,Sugarcane,121,84457,253082
23.93,84.16,Plateau,Entisol,Rainfed,Pulses,1.2,Long-term,Cash Crops,Sugarcane,179,26628,55656
23.63,85.45,Plain,Alfisol,Irrigated,Rice,1.3,Short-term,Mixed,Silvipasture,119,5303,10915
24.18,86.0,Hilly,Inceptisol,Rainfed,Oilseeds,2.0,Long-term,Fruits,Banana,145,37084,90652
24.22,85.63,Plain,Alfisol,Rainfed,Vegetables,2.9,Long-term,Cash Crops,Cotton,139,67891,106591
23.81,84.79,Hilly,Inceptisol,Rainfed,Pulses,1.9,Short-term,Vegetables,Tomato,96,26586,51249
23.85,84.45,Plain,Alfisol,Rainfed,Vegetables,2.3,Long-term,Cash Crops,Tobacco,154,51539,120861
24.01,85.85,Plain,Alfisol,Irrigated,Rice,2.4,Long-term,Cash Crops,Jute,156,93378,177824
24.11,84.28,Plain,Alfisol,Rainfed,Maize,2.5,Short-term,Vegetables,Cauliflower,101,95954,232849
24.14,83.89,Plain,Alfisol,Rainfed,Oilseeds,1.9,Long-term,Oilseeds,Sesame,137,74978,137094
23.54,84.05,Plateau,Entisol,Irrigated,Pulses,2.3,Short-term,Fruits,Guava,112,14175,34336
23.27,84.78,Plateau,Entisol,Rainfed,Maize,1.5,Long-term,Fruits,Litchi,174,94932,207177
24.16,84.18,Plain,Alfisol,Rainfed,Pulses,1.5,Long-term,Pulses,Lentil,166,38901,71796
23.57,84.98,Plateau,Entisol,Irrigated,Fruits,2.2,Short-term,Vegetables,Cauliflower,90,10470,17290
24.08,84.62,Plateau,Entisol,Irrigated,Vegetables,1.1,Long-term,Vegetables,Onion,120,40120,119808
23.8,85.11,Plain,Alfisol,Irrigated,Rice,1.3,Short-term,Pulses,Pigeon Pea,108,26807,40468
23.13,85.41,Plateau,Entisol,Rainfed,Rice,1.3,Long-term,Fruits,Litchi,169,43418,84096
23.75,84.82,Hilly,Inceptisol,Rainfed,Pulses,2.3,Long-term,Cereals,Sorghum,134,23134,60557
24.23,85.0,Hilly,Inceptisol,Irrigated,Fruits,1.6,Short-term,Cash Crops,Tobacco,100,82760,193409
23.81,84.82,Plain,Alfisol,Irrigated,Pulses,1.9,Long-term,Oilseeds,Sunflower,179,69231,171461
24.22,84.84,Plain,Alfisol,Irrigated,Maize,2.6,Long-term,Vegetables,Cauliflower,131,57061,146490
24.37,83.62,Plateau,Entisol,Irrigated,Cash Crops,2.1,Long-term,Mixed,Intercropping,165,38509,77553
24.18,83.65,Hilly,Inceptisol,Rainfed,Vegetables,1.3,Long-term,Oilseeds,Soybean,144,80366,156125
23.48,83.89,Hilly,Inceptisol,Irrigated,Oilseeds,1.4,Long-term,Cash Crops,Sugarcane,120,7145,13275
23.9,84.78,Hilly,Inceptisol,Irrigated,Pulses,2.0,Short-term,Cereals,Sorghum,118,16237,46235
23.02,84.41,Plateau,Entisol,Rainfed,Fruits,1.8,Short-term,Vegetables,Cauliflower,96,11727,33043
23.08,85.81,Plateau,Entisol,Irrigated,Pulses,1.2,Short-term,Pulses,Lentil,92,26687,73503
23.95,84.32,Plateau,Entisol,Rainfed,Maize,2.1,Long-term,Vegetables,Onion,123,58950,136666
23.09,85.95,Plain,Alfisol,Rainfed,Pulses,1.4,Short-term,Vegetables,Brinjal,108,50965,134819
24.43,85.87,Plateau,Entisol,Rainfed,Cash Crops,2.0,Long-term,Cereals,Wheat,153,17551,37068
23.83,84.94,Plateau,Entisol,Rainfed,Vegetables,1.6,Short-term,Cash Crops,Tobacco,108,42167,88412
24.08,83.66,Plain,Alfisol,Rainfed,Pulses,1.9,Long-term,Cash Crops,Jute,146,36415,72912
23.16,85.15,Hilly,Inceptisol,Rainfed,Maize,2.9,Short-term,Cash Crops,Sugarcane,90,61376,146488
24.09,84.66,Plain,Alfisol,Rainfed,Oilseeds,2.8,Long-term,Pulses,Green Gram,178,56471,165454
24.24,84.53,Plain,Alfisol,Rainfed,Cash Crops,1.9,Long-term,Cereals,Maize,179,50142,92731
24.2,85.39,Hilly,Inceptisol,Rainfed,Vegetables,1.0,Long-term,Cash Crops,Tobacco,121,21831,43455
24.34,84.14,Hilly,Inceptisol,Irrigated,Rice,2.1,Short-term,Vegetables,Tomato,116,39458,115298
24.08,85.93,Plain,Alfisol,Irrigated,Pulses,1.6,Short-term,Pulses,Pigeon Pea,117,99898,181342
23.86,84.43,Hilly,Inceptisol,Irrigated,Cash Crops,2.3,Short-term,Oilseeds,Mustard,118,61933,120931
24.06,85.03,Plain,Alfisol,Rainfed,Vegetables,2.3,Long-term,Vegetables,Brinjal,125,92910,154370
23.93,85.4,Plain,Alfisol,Irrigated,Cash Crops,1.7,Long-term,Vegetables,Brinjal,178,30061,68635
24.13,85.2,Plain,Alfisol,Rainfed,Oilseeds,1.3,Long-term,Fruits,Mango,172,81696,147671
24.19,85.32,Plateau,Entisol,Rainfed,Rice,2.5,Long-term,Cereals,Wheat,168,70618,169056
23.03,85.15,Hilly,Inceptisol,Rainfed,Cash Crops,1.3,Long-term,Pulses,Lentil,154,63676,115921
24.05,83.65,Plateau,Entisol,Irrigated,Vegetables,2.6,Long-term,Oilseeds,Groundnut,159,68452,187119
24.01,84.25,Plateau,Entisol,Rainfed,Pulses,2.1,Short-term,Cereals,Maize,113,97882,277761
24.37,83.7,Hilly,Inceptisol,Rainfed,Fruits,2.2,Long-term,Mixed,Intercropping,130,5728,9404
24.14,85.04,Hilly,Inceptisol,Rainfed,Cash Crops,1.6,Long-term,Mixed,Intercropping,163,95560,240710
24.13,84.02,Hilly,Inceptisol,Irrigated,Fruits,1.6,Long-term,Oilseeds,Groundnut,144,49200,115426
23.07,83.5,Plateau,Entisol,Irrigated,Oilseeds,1.1,Long-term,Fruits,Mango,152,15036,29803
23.97,84.87,Hilly,Inceptisol,Irrigated,Vegetables,2.2,Short-term,Mixed,Silvipasture,117,33034,66092
24.36,83.95,Plateau,Entisol,Rainfed,Oilseeds,1.9,Long-term,Cereals,Wheat,145,21686,64551
23.52,84.84,Hilly,Inceptisol,Irrigated,Oilseeds,1.7,Short-term,Oilseeds,Soybean,95,5246,14226
23.57,85.44,Hilly,Inceptisol,Irrigated,Fruits,1.4,Long-term,Cash Crops,Tobacco,142,85618,204663
23.33,85.3,Plateau,Entisol,Irrigated,Cash Crops,2.4,Short-term,Cash Crops,Cotton,114,52421,124726
23.24,83.63,Hilly,Inceptisol,Irrigated,Rice,2.1,Short-term,Cash Crops,Jute,118,84585,216299
23.88,84.62,Plain,Alfisol,Rainfed,Rice,1.1,Long-term,Pulses,Green Gram,121,66388,134479
23.42,84.62,Plateau,Entisol,Irrigated,Rice,2.4,Long-term,Pulses,Pigeon Pea,136,28592,53893
24.47,83.86,Plain,Alfisol,Rainfed,Vegetables,1.3,Short-term,Pulses,Green Gram,111,54172,107308
23.5,85.71,Hilly,Inceptisol,Rainfed,Oilseeds,1.2,Short-term,Cash Crops,Jute,116,44001,101290
24.0,85.82,Plain,Alfisol,Irrigated,Rice,2.6,Long-term,Cereals,Rice,140,21542,42207
23.81,84.76,Plateau,Entisol,Irrigated,Oilseeds,1.6,Short-term,Mixed,Agroforestry,99,38195,69473
24.33,85.2,Hilly,Inceptisol,Irrigated,Rice,2.1,Long-term,Fruits,Banana,148,98555,152371
23.89,84.14,Hilly,Inceptisol,Rainfed,Vegetables,2.4,Long-term,Cash Crops,Tobacco,132,23654,57635
23.42,83.95,Hilly,Inceptisol,Rainfed,Rice,1.6,Short-term,Vegetables,Potato,112,73483,140216
24.47,83.91,Plateau,Entisol,Irrigated,Maize,1.8,Long-term,Oilseeds,Mustard,128,55926,85045
23.03,84.19,Hilly,Inceptisol,Rainfed,Pulses,2.2,Short-term,Mixed,Silvipasture,114,62272,167003
23.44,84.42,Hilly,Inceptisol,Rainfed,Oilseeds,1.8,Short-term,Fruits,Mango,114,21893,46109
23.42,84.79,Plain,Alfisol,Rainfed,Fruits,2.7,Short-term,Pulses,Green Gram,109,12329,23586
23.19,85.85,Plain,Alfisol,Rainfed,Rice,1.6,Long-term,Oilseeds,Sunflower,163,50399,98751
24.01,83.93,Plateau,Entisol,Rainfed,Fruits,1.1,Long-term,Pulses,Pigeon Pea,146,15608,43592
23.67,85.79,Plateau,Entisol,Irrigated,Cash Crops,1.5,Short-term,Cereals,Millet,108,51060,111533
23.19,85.62,Plain,Alfisol,Rainfed,Cash Crops,2.1,Long-term,Mixed,Intercropping,143,75386,130470
24.38,84.08,Hilly,Inceptisol,Rainfed,Cash Crops,2.3,Short-term,Pulses,Pigeon Pea,101,86340,248008
23.89,83.94,Hilly,Inceptisol,Irrigated,Vegetables,1.4,Long-term,Fruits,Banana,157,22366,49801
23.5,85.94,Plain,Alfisol,Rainfed,Maize,1.1,Long-term,Oilseeds,Sesame,155,95454,250635
23.41,84.64,Hilly,Inceptisol,Irrigated,Rice,1.3,Long-term,Cash Crops,Tobacco,176,80156,136533
23.84,85.72,Hilly,Inceptisol,Rainfed,Maize,2.1,Short-term,Pulses,Lentil,98,9766,17134
23.41,85.39,Plateau,Entisol,Irrigated,Rice,1.6,Long-term,Cash Crops,Jute,166,93319,179710
23.6,83.74,Plain,Alfisol,Irrigated,Rice,2.3,Long-term,Cash Crops,Tobacco,156,9297,22633
23.19,84.97,Plateau,Entisol,Rainfed,Rice,2.9,Long-term,Vegetables,Brinjal,156,80016,158417
24.0,83.84,Plain,Alfisol,Irrigated,Vegetables,1.4,Short-term,Oilseeds,Sesame,118,67335,127820
23.59,85.37,Hilly,Inceptisol,Irrigated,Cash Crops,2.4,Long-term,Cereals,Sorghum,155,36638,83353
23.07,84.57,Plateau,Entisol,Irrigated,Rice,1.4,Short-term,Mixed,Silvipasture,118,59294,150078
23.18,84.26,Plain,Alfisol,Irrigated,Maize,2.3,Long-term,Cash Crops,Tobacco,127,92381,241083
23.36,84.39,Hilly,Inceptisol,Rainfed,Pulses,1.8,Long-term,Pulses,Green Gram,123,87824,251411
24.08,85.09,Hilly,Inceptisol,Rainfed,Maize,2.9,Short-term,Vegetables,Cauliflower,104,92030,234100
23.4,83.78,Plain,Alfisol,Rainfed,Vegetables,1.9,Short-term,Mixed,Intercropping,93,37104,78831
23.58,85.58,Plateau,Entisol,Irrigated,Vegetables,1.6,Long-term,Cash Crops,Jute,170,24600,46790
23.6,84.87,Plain,Alfisol,Rainfed,Rice,1.5,Short-term,Oilseeds,Sunflower,92,55182,92475
23.0,84.5,Hilly,Inceptisol,Irrigated,Rice,3.0,Short-term,Oilseeds,Mustard,95,18111,32688
24.45,85.98,Plateau,Entisol,Irrigated,Maize,2.5,Short-term,Oilseeds,Sunflower,119,22853,50315
23.49,83.98,Plateau,Entisol,Rainfed,Fruits,2.5,Long-term,Cereals,Rice,137,70188,142751
23.29,84.18,Plateau,Entisol,Rainfed,Maize,2.2,Short-term,Pulses,Green Gram,99,18044,51499
23.17,84.16,Plateau,Entisol,Irrigated,Maize,2.6,Long-term,Cereals,Wheat,150,55859,156092
23.82,84.8,Plateau,Entisol,Irrigated,Fruits,1.1,Short-term,Cereals,Rice,98,12595,25949
24.14,84.77,Plain,Alfisol,Rainfed,Fruits,1.3,Long-term,Cash Crops,Jute,158,15405,34060
24.48,83.95,Plateau,Entisol,Irrigated,Fruits,2.1,Long-term,Cash Crops,Cotton,124,50433,129834
23.68,84.26,Plain,Alfisol,Irrigated,Rice,2.6,Long-term,Cash Crops,Sugarcane,154,6765,11329
23.53,84.86,Hilly,Inceptisol,Irrigated,Maize,3.0,Short-term,Mixed,Silvipasture,96,27876,69533
23.24,84.21,Plain,Alfisol,Rainfed,Pulses,1.2,Long-term,Fruits,Banana,135,80806,165018
24.46,83.77,Hilly,Inceptisol,Rainfed,Maize,2.6,Long-term,Cereals,Barley,153,22351,57724
24.31,85.8,Plateau,Entisol,Irrigated,Pulses,1.5,Long-term,Cereals,Sorghum,179,12065,28374
24.09,83.52,Hilly,Inceptisol,Rainfed,Maize,2.9,Long-term,Vegetables,Cabbage,162,76875,117245
24.19,84.5,Hilly,Inceptisol,Irrigated,Oilseeds,2.1,Long-term,Mixed,Silvipasture,125,52334,91420
24.31,84.04,Hilly,Inceptisol,Irrigated,Maize,2.9,Long-term,Vegetables,Tomato,133,62941,180346
23.14,83.53,Plateau,Entisol,Irrigated,Cash Crops,2.1,Short-term,Cereals,Maize,91,77254,225216
24.12,83.61,Hilly,Inceptisol,Rainfed,Vegetables,1.7,Short-term,Cereals,Millet,116,13332,21810
23.12,85.66,Plain,Alfisol,Irrigated,Cash Crops,1.6,Long-term,Cash Crops,Cotton,151,5267,9169
24.44,85.22,Plain,Alfisol,Irrigated,Maize,2.8,Long-term,Cash Crops,Jute,156,49973,90151
23.61,85.47,Plateau,Entisol,Rainfed,Pulses,2.0,Short-term,Cereals,Wheat,118,59747,151089
23.23,83.66,Plain,Alfisol,Irrigated,Oilseeds,1.5,Short-term,Cash Crops,Tobacco,114,30385,73068
24.06,85.98,Hilly,Inceptisol,Rainfed,Pulses,2.2,Short-term,Cash Crops,Sugarcane,119,15680,45729
24.49,83.8,Hilly,Inceptisol,Rainfed,Maize,2.5,Long-term,Oilseeds,Groundnut,172,43703,127066
24.15,85.51,Plateau,Entisol,Rainfed,Oilseeds,2.6,Short-term,Vegetables,Tomato,105,69713,114760
23.97,85.28,Plain,Alfisol,Irrigated,Vegetables,1.3,Long-term,Mixed,Agroforestry,155,23014,55896
23.87,85.83,Plateau,Entisol,Irrigated,Pulses,1.2,Short-term,Fruits,Guava,96,90242,136173
24.41,84.68,Hilly,Inceptisol,Irrigated,Pulses,1.3,Long-term,Mixed,Agroforestry,150,82840,219072
23.66,84.91,Hilly,Inceptisol,Rainfed,Fruits,2.8,Long-term,Fruits,Litchi,178,67448,159365
24.35,84.41,Hilly,Inceptisol,Rainfed,Maize,2.4,Long-term,Cash Crops,Jute,138,34029,101187
23.88,85.41,Hilly,Inceptisol,Irrigated,Oilseeds,1.6,Short-term,Oilseeds,Soybean,92,71578,211431
23.95,83.99,Plain,Alfisol,Rainfed,Oilseeds,1.5,Long-term,Mixed,Intercropping,173,25844,56216
23.28,84.85,Plain,Alfisol,Rainfed,Pulses,2.7,Long-term,Cash Crops,Tobacco,125,92625,237289
23.14,83.96,Plateau,Entisol,Rainfed,Pulses,2.5,Short-term,Fruits,Guava,117,55660,131806
23.82,85.51,Plain,Alfisol,Rainfed,Fruits,2.7,Long-term,Fruits,Guava,132,28407,62507
24.46,84.93,Plateau,Entisol,Rainfed,Oilseeds,1.1,Short-term,Vegetables,Cabbage,106,5993,15954
23.78,84.01,Hilly,Inceptisol,Rainfed,Rice,3.0,Short-term,Fruits,Litchi,115,23224,65757
23.7,84.02,Plateau,Entisol,Rainfed,Oilseeds,2.0,Short-term,Cash Crops,Tobacco,115,33889,87165
23.13,85.19,Plain,Alfisol,Rainfed,Maize,1.8,Short-term,Cereals,Barley,111,73746,149017
23.48,85.25,Hilly,Inceptisol,Rainfed,Cash Crops,1.9,Short-term,Fruits,Mango,94,93251,145300
24.21,83.63,Plateau,Entisol,Rainfed,Vegetables,1.8,Long-term,Fruits,Guava,139,14228,31122
24.43,83.78,Plateau,Entisol,Irrigated,Fruits,1.1,Long-term,Pulses,Black Gram,129,40852,114593
23.96,83.92,Plain,Alfisol,Rainfed,Oilseeds,1.4,Short-term,Pulses,Green Gram,103,31307,51936
24.09,84.39,Hilly,Inceptisol,Rainfed,Vegetables,2.5,Short-term,Vegetables,Cabbage,112,65119,166614
23.5,84.66,Plain,Alfisol,Irrigated,Pulses,2.7,Long-term,Oilseeds,Sunflower,126,25491,46394
23.33,83.71,Plain,Alfisol,Rainfed,Pulses,1.9,Short-term,Pulses,Pigeon Pea,117,15348,42279
24.13,85.5,Plateau,Entisol,Irrigated,Maize,2.6,Long-term,Oilseeds,Soybean,179,84521,239281
23.6,83.51,Hilly,Inceptisol,Rainfed,Oilseeds,1.4,Long-term,Fruits,Litchi,133,38106,82115
23.19,84.86,Hilly,Inceptisol,Irrigated,Oilseeds,2.7,Long-term,Vegetables,Tomato,125,80069,229905
24.29,84.36,Plain,Alfisol,Irrigated,Fruits,1.3,Long-term,Pulses,Pigeon Pea,152,81807,190934
23.45,84.95,Plateau,Entisol,Rainfed,Fruits,2.2,Long-term,Fruits,Papaya,161,63734,164256
23.76,84.68,Plateau,Entisol,Irrigated,Oilseeds,2.8,Short-term,Cash Crops,Jute,109,81838,213658
24.32,84.42,Plateau,Entisol,Rainfed,Pulses,2.4,Long-term,Cash Crops,Tobacco,129,30887,85405
23.07,85.5,Hilly,Inceptisol,Rainfed,Rice,1.1,Long-term,Fruits,Litchi,178,64376,157774
24.07,83.65,Plain,Alfisol,Rainfed,Cash Crops,2.7,Short-term,Pulses,Lentil,118,17702,35304
24.0,84.14,Plateau,Entisol,Irrigated,Rice,2.1,Long-term,Fruits,Litchi,151,41863,87693
24.07,85.74,Plateau,Entisol,Irrigated,Oilseeds,1.3,Long-term,Cash Crops,Tobacco,158,95908,264328
24.04,85.05,Plateau,Entisol,Rainfed,Vegetables,1.3,Short-term,Cereals,Millet,112,34405,75706
24.16,84.57,Plateau,Entisol,Irrigated,Rice,1.8,Long-term,Cereals,Maize,130,98683,203408
23.95,85.89,Plain,Alfisol,Rainfed,Vegetables,1.4,Short-term,Cash Crops,Sugarcane,90,7590,16296
23.61,83.54,Plateau,Entisol,Irrigated,Vegetables,2.6,Short-term,Pulses,Green Gram,115,81771,131238
24.13,85.86,Plain,Alfisol,Irrigated,Oilseeds,1.1,Long-term,Mixed,Intercropping,159,30018,48760
23.78,85.43,Plain,Alfisol,Rainfed,Vegetables,1.5,Long-term,Pulses,Black Gram,130,96123,148941
24.36,85.86,Plain,Alfisol,Irrigated,Maize,1.3,Long-term,Cash Crops,Cotton,151,89009,166411
23.08,84.93,Hilly,Inceptisol,Rainfed,Pulses,2.6,Long-term,Pulses,Lentil,141,56675,108568
23.01,83.84,Hilly,Inceptisol,Rainfed,Pulses,2.1,Long-term,Fruits,Mango,167,14093,40514
23.33,85.98,Hilly,Inceptisol,Irrigated,Oilseeds,2.7,Long-term,Cereals,Barley,159,97001,275872
23.11,84.57,Plain,Alfisol,Rainfed,Pulses,1.6,Short-term,Mixed,Intercropping,115,41457,82092
23.03,84.1,Hilly,Inceptisol,Rainfed,Rice,2.4,Long-term,Cereals,Maize,156,43855,94183
23.59,84.18,Hilly,Inceptisol,Rainfed,Cash Crops,1.9,Short-term,Pulses,Gram,96,57711,103931
24.4,84.61,Hilly,Inceptisol,Irrigated,Pulses,1.2,Long-term,Oilseeds,Mustard,137,84892,149119
23.38,83.83,Hilly,Inceptisol,Rainfed,Pulses,2.9,Short-term,Vegetables,Tomato,96,55086,104936
23.05,85.02,Hilly,Inceptisol,Irrigated,Oilseeds,2.5,Long-term,Oilseeds,Mustard,162,70424,109542
24.43,85.56,Hilly,Inceptisol,Rainfed,Fruits,2.3,Long-term,Cash Crops,Tobacco,141,79933,172904
24.45,85.35,Hilly,Inceptisol,Rainfed,Cash Crops,1.5,Long-term,Vegetables,Potato,139,34205,55221
24.4,84.18,Plateau,Entisol,Rainfed,Maize,1.1,Long-term,Vegetables,Tomato,156,36032,98084
23.4,84.68,Hilly,Inceptisol,Irrigated,Fruits,2.5,Long-term,Oilseeds,Sunflower,178,24886,47268
24.49,84.69,Plain,Alfisol,Rainfed,Rice,2.7,Long-term,Vegetables,Cauliflower,154,70523,157543
24.32,83.51,Hilly,Inceptisol,Rainfed,Maize,1.4,Long-term,Pulses,Green Gram,123,29792,85703
24.11,83.7,Plateau,Entisol,Rainfed,Fruits,2.5,Long-term,Mixed,Agroforestry,174,27869,83015
23.24,85.34,Plain,Alfisol,Rainfed,Pulses,1.9,Short-term,Mixed,Intercropping,113,63329,155460
23.03,85.87,Plateau,Entisol,Rainfed,Pulses,1.7,Long-term,Mixed,Silvipasture,138,75858,189226
23.03,85.84,Plain,Alfisol,Rainfed,Cash Crops,1.2,Short-term,Vegetables,Cauliflower,106,19509,57241
24.18,84.25,Plateau,Entisol,Rainfed,Vegetables,1.5,Short-term,Oilseeds,Mustard,101,3547,6890
23.35,84.93,Plateau,Entisol,Irrigated,Rice,2.7,Long-term,Mixed,Intercropping,145,43820,88672
23.58,83.91,Plateau,Entisol,Rainfed,Oilseeds,2.1,Long-term,Cash Crops,Jute,122,83725,225006
23.08,84.58,Plain,Alfisol,Rainfed,Vegetables,1.5,Long-term,Pulses,Black Gram,121,96389,262536
23.77,84.59,Hilly,Inceptisol,Irrigated,Oilseeds,1.2,Long-term,Cash Crops,Tobacco,132,55352,145705
23.07,83.78,Plateau,Entisol,Rainfed,Vegetables,2.0,Long-term,Cash Crops,Tobacco,157,97737,275365
24.43,85.69,Plain,Alfisol,Irrigated,Rice,2.1,Long-term,Fruits,Mango,137,81583,230145
23.85,85.26,Plateau,Entisol,Irrigated,Pulses,2.4,Long-term,Mixed,Agroforestry,142,69791,121652
23.26,85.11,Plain,Alfisol,Rainfed,Cash Crops,1.4,Long-term,Cash Crops,Sugarcane,138,21577,39364
23.39,83.79,Plateau,Entisol,Rainfed,Vegetables,1.6,Short-term,Oilseeds,Sesame,115,29312,74771
23.96,83.72,Hilly,Inceptisol,Rainfed,Rice,2.0,Long-term,Cereals,Rice,156,56411,165877
24.26,83.88,Plateau,Entisol,Irrigated,Rice,2.6,Long-term,Fruits,Guava,171,50990,105691
24.36,85.23,Hilly,Inceptisol,Rainfed,Pulses,1.1,Long-term,Mixed,Agroforestry,159,86615,184830
23.37,85.8,Plateau,Entisol,Rainfed,Fruits,1.4,Long-term,Pulses,Gram,130,94117,159587
24.28,83.64,Plateau,Entisol,Irrigated,Cash Crops,2.0,Long-term,Pulses,Lentil,180,34746,54545
23.59,85.9,Plateau,Entisol,Rainfed,Vegetables,2.9,Short-term,Cereals,Maize,108,95838,168956
23.59,85.6,Plain,Alfisol,Irrigated,Pulses,1.4,Long-term,Oilseeds,Groundnut,170,71179,199659
23.68,85.09,Plain,Alfisol,Irrigated,Fruits,2.0,Long-term,Pulses,Black Gram,166,32573,66496
24.04,84.05,Hilly,Inceptisol,Rainfed,Vegetables,1.6,Long-term,Cash Crops,Cotton,138,66160,118141
23.47,83.84,Plain,Alfisol,Rainfed,Pulses,1.4,Short-term,Vegetables,Tomato,103,91580,219641
23.09,84.51,Hilly,Inceptisol,Irrigated,Maize,2.6,Short-term,Oilseeds,Mustard,105,73112,199248
23.95,84.16,Hilly,Inceptisol,Rainfed,Fruits,2.4,Long-term,Cereals,Millet,129,46280,109725
23.53,85.29,Plain,Alfisol,Rainfed,Oilseeds,1.7,Short-term,Cereals,Maize,113,52274,78733
24.47,84.85,Plateau,Entisol,Rainfed,Fruits,1.9,Short-term,Vegetables,Potato,109,95469,202199
23.64,84.96,Plain,Alfisol,Rainfed,Maize,2.7,Short-term,Oilseeds,Mustard,95,73261,169812
24.32,85.16,Plain,Alfisol,Irrigated,Oilseeds,2.1,Long-term,Mixed,Agroforestry,144,64698,130645
23.23,85.82,Hilly,Inceptisol,Rainfed,Cash Crops,1.1,Long-term,Cereals,Rice,163,22684,50000
23.04,83.67,Hilly,Inceptisol,Rainfed,Maize,2.4,Long-term,Pulses,Gram,163,59247,122451
23.86,84.29,Plain,Alfisol,Irrigated,Vegetables,1.5,Short-term,Vegetables,Cabbage,101,56874,104316
24.24,84.12,Plateau,Entisol,Irrigated,Rice,2.6,Long-term,Cash Crops,Jute,121,7823,13669
23.9,85.46,Hilly,Inceptisol,Irrigated,Pulses,2.1,Long-term,Vegetables,Brinjal,122,18372,30065
24.04,85.15,Hilly,Inceptisol,Irrigated,Pulses,2.4,Short-term,Cereals,Maize,117,98450,152487
24.05,84.41,Plateau,Entisol,Rainfed,Fruits,2.7,Long-term,Vegetables,Cauliflower,160,85045,180905
24.31,85.45,Hilly,Inceptisol,Rainfed,Maize,1.6,Long-term,Oilseeds,Groundnut,152,94338,174259
24.5,84.47,Plain,Alfisol,Rainfed,Fruits,2.7,Short-term,Cash Crops,Sugarcane,118,13357,26674
23.07,85.41,Plateau,Entisol,Rainfed,Maize,2.9,Short-term,Oilseeds,Sesame,110,58760,154178
24.28,85.69,Plain,Alfisol,Rainfed,Pulses,2.1,Short-term,Cash Crops,Sugarcane,101,8266,15261
24.19,84.58,Hilly,Inceptisol,Irrigated,Fruits,1.3,Long-term,Oilseeds,Mustard,160,33368,75085
23.83,85.11,Hilly,Inceptisol,Rainfed,Maize,1.7,Long-term,Mixed,Silvipasture,124,49435,134334
23.01,83.93,Plateau,Entisol,Rainfed,Vegetables,2.9,Long-term,Vegetables,Cauliflower,121,49702,118092
23.85,85.63,Plateau,Entisol,Irrigated,Maize,1.6,Short-term,Pulses,Lentil,116,59554,99267
23.24,86.0,Plain,Alfisol,Rainfed,Rice,2.7,Short-term,Fruits,Banana,117,29062,76698
23.54,83.93,Hilly,Inceptisol,Rainfed,Cash Crops,2.0,Long-term,Vegetables,Tomato,162,20358,57613
24.04,84.98,Plateau,Entisol,Irrigated,Oilseeds,1.5,Long-term,Mixed,Intercropping,174,94147,249798
23.52,83.96,Hilly,Inceptisol,Rainfed,Cash Crops,1.3,Short-term,Mixed,Agroforestry,111,20084,51605
23.58,83.82,Plain,Alfisol,Irrigated,Maize,1.8,Short-term,Oilseeds,Mustard,105,73844,185526
24.13,84.56,Plain,Alfisol,Irrigated,Pulses,2.0,Long-term,Cereals,Sorghum,139,89348,137218
23.09,85.37,Plateau,Entisol,Rainfed,Pulses,3.0,Long-term,Cash Crops,Cotton,160,14969,32334
23.17,84.64,Plain,Alfisol,Rainfed,Fruits,2.5,Long-term,Mixed,Intercropping,125,43620,128539
23.32,84.41,Plain,Alfisol,Irrigated,Pulses,2.5,Long-term,Cereals,Rice,121,39792,100622
24.2,85.73,Plateau,Entisol,Irrigated,Oilseeds,1.7,Long-term,Cereals,Sorghum,140,55468,142400
24.12,85.3,Hilly,Inceptisol,Irrigated,Oilseeds,1.7,Long-term,Cereals,Wheat,149,7909,23287
23.19,84.54,Plateau,Entisol,Irrigated,Fruits,1.4,Short-term,Mixed,Silvipasture,110,63702,173305
23.35,85.54,Plain,Alfisol,Rainfed,Fruits,1.7,Long-term,Mixed,Agroforestry,129,34815,79302
23.95,84.4,Plain,Alfisol,Rainfed,Rice,2.0,Long-term,Oilseeds,Soybean,145,88764,239934
23.55,84.26,Hilly,Inceptisol,Rainfed,Cash Crops,2.3,Long-term,Oilseeds,Soybean,174,52652,82260
23.12,85.19,Hilly,Inceptisol,Rainfed,Vegetables,2.5,Long-term,Vegetables,Onion,150,50002,124880
23.87,85.94,Hilly,Inceptisol,Rainfed,Fruits,2.2,Short-term,Vegetables,Cabbage,119,24514,51167
23.16,84.54,Hilly,Inceptisol,Irrigated,Rice,1.1,Short-term,Fruits,Papaya,90,70342,124056
24.42,83.88,Plain,Alfisol,Rainfed,Maize,2.0,Short-term,Cereals,Maize,105,75938,132589
23.43,85.5,Plain,Alfisol,Rainfed,Maize,1.6,Long-term,Mixed,Agroforestry,149,81092,217060
23.85,83.51,Hilly,Inceptisol,Rainfed,Pulses,1.5,Long-term,Pulses,Gram,174,51444,150298
23.44,84.51,Plain,Alfisol,Irrigated,Cash Crops,1.9,Long-term,Cash Crops,Sugarcane,128,18853,44784
23.78,83.61,Plain,Alfisol,Irrigated,Oilseeds,1.2,Short-term,Cereals,Millet,118,60052,112673
24.14,83.65,Plain,Alfisol,Rainfed,Cash Crops,2.8,Short-term,Mixed,Intercropping,117,39477,70153
23.11,84.49,Hilly,Inceptisol,Rainfed,Cash Crops,1.8,Short-term,Cereals,Rice,99,59302,107441
23.87,84.99,Plateau,Entisol,Rainfed,Pulses,2.4,Long-term,Cereals,Sorghum,163,57851,116926
23.29,83.81,Plain,Alfisol,Rainfed,Vegetables,2.2,Long-term,Mixed,Silvipasture,121,79733,194749
24.27,85.02,Plateau,Entisol,Irrigated,Cash Crops,1.8,Long-term,Cash Crops,Sugarcane,169,53488,126599
23.2,84.7,Plateau,Entisol,Irrigated,Pulses,1.9,Long-term,Cash Crops,Tobacco,141,82515,123962
23.18,85.19,Hilly,Inceptisol,Irrigated,Cash Crops,1.2,Long-term,Cash Crops,Cotton,177,79022,193931
23.96,85.14,Plateau,Entisol,Rainfed,Fruits,2.9,Long-term,Pulses,Gram,151,19551,49967
24.02,84.17,Plateau,Entisol,Rainfed,Rice,1.3,Short-term,Pulses,Black Gram,110,73653,133368
23.22,85.65,Plain,Alfisol,Rainfed,Maize,1.6,Long-term,Cash Crops,Tobacco,133,56035,95982
23.81,83.86,Plain,Alfisol,Irrigated,Maize,2.7,Short-term,Vegetables,Cauliflower,98,84539,189065
24.13,84.3,Plateau,Entisol,Rainfed,Oilseeds,1.9,Long-term,Vegetables,Potato,153,35734,83319
24.01,85.89,Hilly,Inceptisol,Rainfed,Maize,2.7,Short-term,Oilseeds,Groundnut,95,83308,152040
24.13,83.99,Plateau,Entisol,Rainfed,Pulses,1.1,Long-term,Fruits,Guava,152,49367,131427
23.48,85.99,Plain,Alfisol,Rainfed,Cash Crops,1.7,Long-term,Vegetables,Brinjal,136,74969,170530
23.56,85.75,Plain,Alfisol,Rainfed,Maize,2.7,Long-term,Cash Crops,Sugarcane,139,89722,207164
24.45,84.56,Plain,Alfisol,Rainfed,Maize,2.7,Long-term,Vegetables,Brinjal,137,63485,172003
23.22,85.12,Hilly,Inceptisol,Irrigated,Rice,2.2,Long-term,Vegetables,Onion,180,13226,23130
24.15,85.45,Plain,Alfisol,Rainfed,Fruits,1.6,Short-term,Mixed,Silvipasture,102,15613,24600
24.44,84.2,Plain,Alfisol,Irrigated,Fruits,2.3,Long-term,Fruits,Litchi,178,95873,159308
23.58,85.52,Plain,Alfisol,Irrigated,Oilseeds,1.9,Long-term,Pulses,Gram,129,17176,26568
23.49,83.77,Plain,Alfisol,Rainfed,Maize,1.1,Short-term,Mixed,Agroforestry,119,92482,218370
23.22,84.23,Plateau,Entisol,Irrigated,Vegetables,1.1,Short-term,Cash Crops,Tobacco,106,20684,45216
23.13,83.93,Plateau,Entisol,Irrigated,Oilseeds,1.4,Long-term,Oilseeds,Sunflower,174,38972,87755
24.23,85.96,Plain,Alfisol,Rainfed,Maize,1.7,Short-term,Cereals,Barley,101,87852,146585
24.43,85.22,Plateau,Entisol,Rainfed,Vegetables,1.6,Long-term,Mixed,Silvipasture,146,36704,60836
24.31,84.25,Hilly,Inceptisol,Irrigated,Rice,2.2,Long-term,Fruits,Litchi,151,16709,47371
23.09,85.41,Hilly,Inceptisol,Rainfed,Rice,1.0,Long-term,Mixed,Silvipasture,162,72060,195840
23.77,83.76,Plain,Alfisol,Rainfed,Cash Crops,1.1,Short-term,Fruits,Papaya,92,29266,48782
24.45,85.9,Plain,Alfisol,Rainfed,Rice,2.8,Long-term,Vegetables,Cauliflower,162,67252,167058
24.25,85.63,Hilly,Inceptisol,Irrigated,Oilseeds,1.1,Long-term,Cash Crops,Jute,170,93296,204179
24.02,84.38,Plain,Alfisol,Rainfed,Fruits,2.2,Long-term,Fruits,Banana,178,67899,163370
23.02,83.88,Plain,Alfisol,Rainfed,Pulses,2.3,Short-term,Pulses,Pigeon Pea,108,27267,56691
24.28,85.53,Plateau,Entisol,Rainfed,Rice,2.4,Short-term,Fruits,Mango,96,8157,14824
23.99,83.91,Plain,Alfisol,Rainfed,Vegetables,1.6,Long-term,Oilseeds,Groundnut,130,96352,198881
24.13,84.07,Plain,Alfisol,Rainfed,Cash Crops,2.5,Long-term,Cash Crops,Sugarcane,129,54973,132289
23.06,85.84,Plateau,Entisol,Irrigated,Cash Crops,2.5,Long-term,Pulses,Lentil,137,11793,27344
24.23,84.09,Hilly,Inceptisol,Irrigated,Pulses,2.4,Long-term,Cereals,Maize,151,45128,68818
24.35,83.55,Plain,Alfisol,Rainfed,Maize,1.7,Short-term,Fruits,Papaya,119,13561,22983
23.55,84.55,Hilly,Inceptisol,Irrigated,Pulses,2.9,Short-term,Oilseeds,Soybean,102,51061,118935
23.46,84.28,Plateau,Entisol,Rainfed,Maize,1.5,Long-term,Fruits,Guava,152,61993,127508
24.05,85.29,Plain,Alfisol,Irrigated,Rice,1.0,Long-term,Pulses,Pigeon Pea,128,52465,132413
24.16,83.87,Plateau,Entisol,Rainfed,Vegetables,1.3,Long-term,Mixed,Silvipasture,127,53978,161406
24.37,83.65,Plain,Alfisol,Irrigated,Cash Crops,1.3,Long-term,Pulses,Gram,129,54226,122220
24.41,85.99,Plain,Alfisol,Rainfed,Pulses,2.5,Short-term,Vegetables,Tomato,103,97877,171525
23.75,85.11,Plateau,Entisol,Irrigated,Cash Crops,1.3,Short-term,Mixed,Intercropping,108,55852,134376
23.44,84.76,Hilly,Inceptisol,Rainfed,Vegetables,2.7,Short-term,Oilseeds,Sesame,97,81178,236113
23.52,83.53,Plateau,Entisol,Irrigated,Vegetables,1.6,Long-term,Cash Crops,Tobacco,159,7425,19216
23.43,85.25,Plain,Alfisol,Irrigated,Rice,1.0,Long-term,Mixed,Silvipasture,146,5246,10965
23.42,83.77,Hilly,Inceptisol,Irrigated,Oilseeds,1.2,Long-term,Oilseeds,Soybean,168,25962,42740
24.49,85.29,Plateau,Entisol,Irrigated,Oilseeds,2.5,Long-term,Oilseeds,Soybean,128,88176,163206
23.69,85.35,Plateau,Entisol,Irrigated,Oilseeds,1.5,Short-term,Cash Crops,Sugarcane,90,6065,11607
23.7,85.97,Plateau,Entisol,Rainfed,Vegetables,2.8,Short-term,Cash Crops,Sugarcane,109,47119,113931
24.31,83.63,Plateau,Entisol,Rainfed,Cash Crops,2.6,Long-term,Vegetables,Onion,126,82654,164589
24.28,85.7,Hilly,Inceptisol,Rainfed,Cash Crops,2.0,Long-term,Pulses,Gram,149,14630,29039
24.45,85.45,Plateau,Entisol,Irrigated,Fruits,2.3,Long-term,Cereals,Millet,148,17313,48694
23.51,84.46,Plateau,Entisol,Rainfed,Cash Crops,1.3,Short-term,Fruits,Mango,111,7389,14225
24.06,85.33,Hilly,Inceptisol,Irrigated,Oilseeds,2.1,Long-term,Cereals,Barley,137,6744,10320
23.3,85.92,Hilly,Inceptisol,Rainfed,Fruits,2.9,Short-term,Oilseeds,Groundnut,91,27118,45770
24.09,84.92,Plateau,Entisol,Irrigated,Vegetables,1.7,Short-term,Oilseeds,Sunflower,107,8295,12756
23.94,83.65,Hilly,Inceptisol,Rainfed,Rice,2.8,Long-term,Mixed,Intercropping,144,43778,96403
24.29,83.71,Plateau,Entisol,Rainfed,Fruits,2.2,Long-term,Oilseeds,Groundnut,156,58383,114482
24.25,85.63,Plateau,Entisol,Rainfed,Cash Crops,2.9,Long-term,Vegetables,Onion,179,68471,179757
23.39,83.9,Plateau,Entisol,Rainfed,Rice,2.3,Long-term,Cash Crops,Jute,154,17344,29218
24.03,85.88,Plain,Alfisol,Rainfed,Oilseeds,2.8,Long-term,Mixed,Silvipasture,153,70699,168762
23.83,85.62,Plateau,Entisol,Irrigated,Rice,1.9,Long-term,Cash Crops,Sugarcane,178,14532,34796
24.04,83.8,Plateau,Entisol,Rainfed,Pulses,1.8,Long-term,Fruits,Guava,135,94600,257243
23.18,85.12,Hilly,Inceptisol,Rainfed,Rice,1.8,Long-term,Cereals,Sorghum,165,66675,107961
23.99,85.37,Plateau,Entisol,Irrigated,Maize,2.5,Long-term,Cash Crops,Cotton,166,74345,130423
24.42,83.85,Plateau,Entisol,Rainfed,Maize,1.6,Long-term,Fruits,Mango,170,61473,120773
23.83,85.76,Hilly,Inceptisol,Irrigated,Rice,1.9,Short-term,Pulses,Lentil,95,35553,53476
23.96,83.56,Hilly,Inceptisol,Irrigated,Rice,1.5,Short-term,Vegetables,Cauliflower,116,14808,24557
23.24,85.25,Plain,Alfisol,Rainfed,Cash Crops,1.3,Long-term,Mixed,Silvipasture,175,19809,44219
24.12,83.92,Hilly,Inceptisol,Irrigated,Pulses,1.6,Short-term,Vegetables,Cabbage,106,60961,133520
23.68,85.53,Hilly,Inceptisol,Irrigated,Cash Crops,2.7,Long-term,Oilseeds,Soybean,179,85696,228430
23.35,85.68,Plateau,Entisol,Rainfed,Rice,2.6,Short-term,Cereals,Rice,116,35432,88705
23.04,83.64,Plain,Alfisol,Rainfed,Rice,2.6,Long-term,Mixed,Intercropping,143,49814,133156
23.05,84.34,Hilly,Inceptisol,Irrigated,Cash Crops,1.7,Long-term,Cereals,Millet,159,56804,121260
23.48,83.83,Hilly,Inceptisol,Irrigated,Oilseeds,2.5,Short-term,Cash Crops,Jute,106,43352,121375
24.21,84.1,Hilly,Inceptisol,Rainfed,Vegetables,2.0,Short-term,Mixed,Agroforestry,114,74079,129354
23.57,85.13,Plateau,Entisol,Irrigated,Cash Crops,2.7,Long-term,Cash Crops,Jute,168,98059,250740
23.45,85.3,Hilly,Inceptisol,Irrigated,Pulses,2.2,Long-term,Fruits,Banana,172,68280,106525
23.64,84.49,Plain,Alfisol,Irrigated,Rice,1.7,Short-term,Cash Crops,Tobacco,101,91699,223080
23.81,84.65,Hilly,Inceptisol,Rainfed,Maize,1.7,Long-term,Mixed,Intercropping,157,87957,219785
23.6,84.58,Plain,Alfisol,Irrigated,Rice,1.2,Long-term,Vegetables,Cabbage,136,69293,186207
23.24,85.77,Plateau,Entisol,Irrigated,Pulses,2.1,Long-term,Cash Crops,Tobacco,145,85305,255725
24.29,84.59,Plateau,Entisol,Rainfed,Rice,2.0,Short-term,Cash Crops,Tobacco,101,85341,159728
23.9,83.55,Plain,Alfisol,Irrigated,Vegetables,2.3,Short-term,Oilseeds,Mustard,117,85510,208623
23.29,84.68,Plain,Alfisol,Irrigated,Cash Crops,2.4,Short-term,Oilseeds,Sunflower,98,92108,142338
23.43,85.72,Hilly,Inceptisol,Rainfed,Cash Crops,1.0,Short-term,Oilseeds,Soybean,94,75814,155822
24.33,84.38,Plain,Alfisol,Rainfed,Cash Crops,2.9,Long-term,Mixed,Intercropping,130,78078,207710
23.11,84.0,Plateau,Entisol,Rainfed,Fruits,1.9,Short-term,Pulses,Black Gram,96,22321,45653
24.04,83.52,Plain,Alfisol,Irrigated,Rice,2.5,Long-term,Fruits,Litchi,167,98864,255001
23.86,84.7,Hilly,Inceptisol,Rainfed,Oilseeds,2.1,Short-term,Pulses,Gram,92,13579,40302
23.07,85.72,Plain,Alfisol,Irrigated,Maize,1.3,Long-term,Cash Crops,Tobacco,122,26517,44718
23.44,83.55,Hilly,Inceptisol,Rainfed,Cash Crops,1.1,Long-term,Oilseeds,Mustard,176,52661,154333
23.09,84.03,Hilly,Inceptisol,Rainfed,Pulses,1.3,Long-term,Fruits,Mango,156,9103,20162
23.35,85.53,Hilly,Inceptisol,Rainfed,Maize,2.2,Short-term,Vegetables,Cauliflower,117,74223,129941
23.87,85.03,Plain,Alfisol,Rainfed,Oilseeds,1.4,Short-term,Vegetables,Cabbage,110,94637,248146
24.33,85.5,Plain,Alfisol,Rainfed,Oilseeds,1.4,Short-term,Cash Crops,Sugarcane,107,98941,221441
23.92,85.37,Plain,Alfisol,Rainfed,Cash Crops,2.7,Short-term,Cereals,Wheat,118,42279,125350
23.72,84.56,Plain,Alfisol,Irrigated,Pulses,1.0,Short-term,Fruits,Mango,112,32221,77337
24.28,84.15,Plateau,Entisol,Irrigated,Fruits,3.0,Short-term,Oilseeds,Mustard,98,33119,96944
24.02,84.99,Hilly,Inceptisol,Irrigated,Maize,2.5,Long-term,Vegetables,Cauliflower,160,27301,81748
23.84,84.35,Plain,Alfisol,Irrigated,Fruits,2.1,Short-term,Cereals,Barley,96,63849,181002
24.05,85.15,Plain,Alfisol,Irrigated,Rice,2.0,Short-term,Cash Crops,Cotton,104,8218,22524
23.01,84.03,Plateau,Entisol,Rainfed,Vegetables,2.9,Short-term,Mixed,Agroforestry,107,96408,171267
23.51,85.14,Hilly,Inceptisol,Rainfed,Cash Crops,1.1,Short-term,Mixed,Agroforestry,119,24289,60198
23.43,85.25,Hilly,Inceptisol,Rainfed,Rice,1.8,Long-term,Cereals,Wheat,129,93049,234237
23.71,85.62,Plateau,Entisol,Irrigated,Oilseeds,2.8,Long-term,Cash Crops,Jute,126,90232,241089
23.14,83.76,Hilly,Inceptisol,Rainfed,Pulses,2.0,Long-term,Vegetables,Potato,125,33966,97592
23.82,85.45,Hilly,Inceptisol,Rainfed,Maize,1.7,Long-term,Oilseeds,Sunflower,139,61037,162621
24.49,85.1,Plateau,Entisol,Irrigated,Fruits,1.9,Long-term,Fruits,Papaya,175,39178,100492
24.36,84.83,Plateau,Entisol,Rainfed,Maize,2.3,Long-term,Vegetables,Potato,131,70316,159114
23.54,83.71,Plateau,Entisol,Rainfed,Fruits,1.7,Short-term,Oilseeds,Sunflower,94,6473,11714
23.89,84.54,Plateau,Entisol,Irrigated,Vegetables,1.1,Short-term,Cash Crops,Sugarcane,107,13832,23659
23.84,84.41,Plain,Alfisol,Rainfed,Pulses,2.2,Long-term,Cash Crops,Jute,121,32689,53387
24.04,83.97,Hilly,Inceptisol,Rainfed,Rice,1.4,Long-term,Mixed,Intercropping,158,71508,164440
24.05,85.86,Plain,Alfisol,Irrigated,Fruits,1.2,Short-term,Fruits,Litchi,106,28358,59129
23.06,83.91,Plain,Alfisol,Rainfed,Pulses,2.2,Long-term,Fruits,Banana,155,73692,138616
24.05,84.38,Hilly,Inceptisol,Rainfed,Vegetables,2.4,Long-term,Cash Crops,Tobacco,169,3379,7727
23.05,83.88,Plain,Alfisol,Rainfed,Vegetables,1.5,Long-term,Cereals,Sorghum,121,48990,92393
23.58,84.97,Plateau,Entisol,Irrigated,Maize,2.9,Short-term,Cereals,Millet,102,67239,118685
23.5,84.24,Plain,Alfisol,Irrigated,Fruits,1.8,Short-term,Mixed,Intercropping,94,83382,229753
23.1,84.48,Plateau,Entisol,Rainfed,Fruits,1.8,Long-term,Cereals,Wheat,155,43671,83331
24.15,85.32,Plain,Alfisol,Rainfed,Fruits,1.6,Long-term,Vegetables,Tomato,160,17797,37556
23.02,85.05,Plain,Alfisol,Irrigated,Fruits,2.1,Long-term,Fruits,Mango,167,89879,154205
23.81,84.53,Plain,Alfisol,Rainfed,Maize,1.2,Long-term,Cereals,Barley,125,28922,46920
23.17,85.41,Hilly,Inceptisol,Irrigated,Rice,2.2,Long-term,Pulses,Green Gram,121,94690,158334
23.41,84.05,Hilly,Inceptisol,Irrigated,Rice,1.1,Long-term,Mixed,Intercropping,136,88959,149906
24.44,84.75,Hilly,Inceptisol,Irrigated,Oilseeds,1.2,Short-term,Vegetables,Cauliflower,101,97136,272094
24.1,85.45,Plateau,Entisol,Irrigated,Rice,1.1,Short-term,Mixed,Intercropping,90,26299,47766
23.43,85.9,Hilly,Inceptisol,Irrigated,Maize,2.1,Long-term,Pulses,Lentil,140,15481,24437
23.78,83.99,Plain,Alfisol,Rainfed,Fruits,1.4,Long-term,Cereals,Millet,176,89800,233663
23.27,85.66,Plateau,Entisol,Irrigated,Oilseeds,1.4,Long-term,Pulses,Gram,159,88480,209751
23.27,84.2,Plain,Alfisol,Rainfed,Maize,1.6,Long-term,Mixed,Agroforestry,144,3653,10797
24.04,85.48,Plateau,Entisol,Irrigated,Maize,2.6,Long-term,Pulses,Black Gram,156,13805,23865
23.56,84.69,Hilly,Inceptisol,Rainfed,Pulses,1.8,Long-term,Mixed,Silvipasture,161,82366,219490
23.46,84.95,Plateau,Entisol,Rainfed,Vegetables,1.2,Long-term,Pulses,Green Gram,145,66697,144758
23.44,83.65,Plain,Alfisol,Irrigated,Fruits,2.9,Long-term,Fruits,Litchi,151,71221,160515
24.48,84.58,Plateau,Entisol,Irrigated,Maize,1.5,Long-term,Cereals,Sorghum,164,47449,87385
23.72,83.65,Plateau,Entisol,Rainfed,Fruits,1.6,Short-term,Pulses,Lentil,90,91069,257796
24.35,85.36,Hilly,Inceptisol,Rainfed,Pulses,2.9,Short-term,Cereals,Barley,111,60042,124817
23.2,85.98,Plateau,Entisol,Rainfed,Vegetables,1.7,Long-term,Cereals,Wheat,145,75964,165206
23.3,83.58,Hilly,Inceptisol,Rainfed,Vegetables,2.8,Long-term,Fruits,Guava,161,90097,137977
23.77,84.53,Plain,Alfisol,Irrigated,Fruits,1.2,Short-term,Pulses,Green Gram,93,84786,229390
23.86,83.57,Hilly,Inceptisol,Rainfed,Oilseeds,1.7,Long-term,Fruits,Litchi,123,74876,189445
23.02,84.28,Plateau,Entisol,Rainfed,Vegetables,2.6,Short-term,Cash Crops,Jute,119,48010,115827
23.25,85.94,Hilly,Inceptisol,Rainfed,Rice,2.2,Long-term,Mixed,Agroforestry,157,17387,34373
24.2,83.8,Plain,Alfisol,Irrigated,Fruits,1.6,Long-term,Vegetables,Cauliflower,146,83914,166013
23.5,84.38,Plain,Alfisol,Irrigated,Vegetables,2.8,Long-term,Mixed,Silvipasture,157,54099,144986
24.36,85.95,Plateau,Entisol,Rainfed,Fruits,1.3,Long-term,Vegetables,Brinjal,143,27984,80655
23.62,83.97,Hilly,Inceptisol,Rainfed,Fruits,2.7,Long-term,Mixed,Agroforestry,140,72512,133964
23.28,83.51,Plateau,Entisol,Rainfed,Rice,1.3,Long-term,Vegetables,Onion,160,10172,16054
23.66,84.32,Plain,Alfisol,Rainfed,Vegetables,2.8,Long-term,Oilseeds,Groundnut,141,24162,44252
23.59,85.44,Plain,Alfisol,Rainfed,Pulses,1.1,Long-term,Cereals,Maize,179,28509,79061
23.79,83.69,Plateau,Entisol,Irrigated,Vegetables,1.5,Short-term,Mixed,Agroforestry,99,73923,221456
24.42,83.6,Hilly,Inceptisol,Rainfed,Cash Crops,1.9,Short-term,Oilseeds,Mustard,99,16890,28370
23.93,83.72,Hilly,Inceptisol,Rainfed,Oilseeds,1.7,Long-term,Fruits,Guava,164,31627,88661
23.86,83.7,Plateau,Entisol,Rainfed,Pulses,2.9,Long-term,Oilseeds,Sesame,137,98620,282079
23.94,84.84,Plain,Alfisol,Rainfed,Rice,2.9,Short-term,Mixed,Silvipasture,108,14958,43925
23.31,85.07,Hilly,Inceptisol,Irrigated,Vegetables,2.6,Long-term,Cash Crops,Jute,170,13029,20521
24.45,84.17,Plateau,Entisol,Rainfed,Maize,2.8,Long-term,Vegetables,Onion,157,71142,169442
23.58,83.75,Hilly,Inceptisol,Irrigated,Cash Crops,2.0,Long-term,Cereals,Wheat,145,29493,79855
23.72,85.13,Plain,Alfisol,Irrigated,Rice,2.0,Long-term,Vegetables,Tomato,136,10194,18482
23.4,85.81,Plain,Alfisol,Rainfed,Pulses,2.6,Long-term,Pulses,Lentil,150,59839,119606
23.3,83.77,Hilly,Inceptisol,Irrigated,Oilseeds,2.3,Long-term,Pulses,Green Gram,172,54388,90622
23.32,85.94,Hilly,Inceptisol,Rainfed,Rice,1.7,Short-term,Mixed,Agroforestry,118,13817,34380
23.52,85.91,Plateau,Entisol,Rainfed,Rice,2.1,Short-term,Pulses,Pigeon Pea,111,53020,132268
23.29,85.47,Hilly,Inceptisol,Irrigated,Maize,2.0,Long-term,Fruits,Mango,152,94613,144767
23.88,84.07,Plain,Alfisol,Irrigated,Pulses,2.3,Short-term,Vegetables,Brinjal,95,36680,87121
24.37,85.01,Plain,Alfisol,Rainfed,Pulses,1.4,Short-term,Cash Crops,Cotton,105,8377,21150
24.23,83.79,Hilly,Inceptisol,Irrigated,Oilseeds,1.5,Short-term,Fruits,Mango,105,34442,102270
23.31,84.39,Hilly,Inceptisol,Rainfed,Vegetables,1.2,Long-term,Oilseeds,Sunflower,155,13169,39399
23.38,85.58,Plateau,Entisol,Rainfed,Rice,1.0,Long-term,Vegetables,Cabbage,160,42045,77980
23.05,83.72,Hilly,Inceptisol,Irrigated,Vegetables,1.6,Short-term,Vegetables,Brinjal,94,82212,174330
23.3,83.92,Plain,Alfisol,Rainfed,Cash Crops,1.3,Short-term,Vegetables,Cabbage,114,69494,157824
23.34,84.16,Plateau,Entisol,Rainfed,Oilseeds,2.7,Short-term,Pulses,Pigeon Pea,104,94076,154909
23.75,85.99,Hilly,Inceptisol,Rainfed,Fruits,2.9,Long-term,Fruits,Papaya,175,18610,36866
24.27,85.81,Plain,Alfisol,Rainfed,Maize,1.7,Short-term,Mixed,Silvipasture,108,87923,211235
23.38,84.46,Plateau,Entisol,Rainfed,Rice,2.5,Long-term,Fruits,Banana,120,59250,115412
24.14,85.23,Hilly,Inceptisol,Irrigated,Vegetables,1.1,Short-term,Pulses,Gram,113,28986,67131
23.05,84.77,Plateau,Entisol,Rainfed,Pulses,1.7,Long-term,Fruits,Guava,132,39873,112870
24.11,85.47,Hilly,Inceptisol,Rainfed,Maize,2.3,Long-term,Mixed,Intercropping,167,44332,83567
23.38,85.26,Plateau,Entisol,Irrigated,Fruits,2.5,Long-term,Cereals,Wheat,158,59044,113181
24.25,84.52,Plain,Alfisol,Rainfed,Cash Crops,1.2,Short-term,Fruits,Litchi,115,20746,31226
23.66,84.6,Hilly,Inceptisol,Rainfed,Rice,2.8,Long-term,Mixed,Intercropping,156,77743,169386
23.34,85.56,Hilly,Inceptisol,Rainfed,Vegetables,1.5,Short-term,Cash Crops,Jute,95,15109,34906
23.24,83.57,Plateau,Entisol,Rainfed,Pulses,1.6,Long-term,Fruits,Mango,151,71183,108815
23.07,85.79,Hilly,Inceptisol,Irrigated,Vegetables,2.5,Long-term,Oilseeds,Groundnut,120,13281,21688
23.39,85.37,Plain,Alfisol,Rainfed,Rice,1.6,Long-term,Mixed,Silvipasture,122,46990,80331
23.8,83.58,Plateau,Entisol,Rainfed,Pulses,1.5,Short-term,Vegetables,Onion,115,34839,75508
24.28,83.62,Plateau,Entisol,Rainfed,Maize,1.4,Short-term,Cereals,Maize,101,21799,63508
24.1,84.63,Plain,Alfisol,Rainfed,Maize,1.6,Long-term,Fruits,Mango,147,95739,177877
23.23,83.79,Hilly,Inceptisol,Rainfed,Cash Crops,1.4,Short-term,Oilseeds,Sesame,112,66509,109211
24.21,83.61,Plain,Alfisol,Irrigated,Rice,2.9,Long-term,Mixed,Agroforestry,155,76361,210439
24.45,84.14,Plain,Alfisol,Irrigated,Maize,1.1,Long-term,Fruits,Papaya,150,84032,239437
24.43,84.21,Plain,Alfisol,Rainfed,Pulses,1.2,Short-term,Cash Crops,Sugarcane,116,23267,54580
24.41,85.82,Plain,Alfisol,Rainfed,Rice,2.6,Short-term,Oilseeds,Sunflower,93,26049,67420
24.2,84.45,Plain,Alfisol,Rainfed,Maize,1.6,Long-term,Pulses,Black Gram,131,28313,70459
23.31,84.49,Hilly,Inceptisol,Rainfed,Maize,2.2,Short-term,Fruits,Banana,117,21358,54602
24.12,84.41,Plateau,Entisol,Irrigated,Vegetables,2.1,Short-term,Oilseeds,Sesame,100,45752,131258
23.69,84.8,Plateau,Entisol,Rainfed,Fruits,2.1,Long-term,Mixed,Intercropping,174,6079,9433
23.38,85.44,Hilly,Inceptisol,Irrigated,Pulses,2.5,Short-term,Pulses,Pigeon Pea,100,53159,113162
23.31,85.14,Plateau,Entisol,Rainfed,Vegetables,2.5,Long-term,Fruits,Litchi,180,25599,67863
23.05,84.97,Hilly,Inceptisol,Rainfed,Fruits,1.6,Short-term,Oilseeds,Sesame,93,4255,11680
23.36,83.67,Plain,Alfisol,Irrigated,Pulses,2.7,Short-term,Oilseeds,Soybean,99,94759,280365
23.96,84.47,Plateau,Entisol,Irrigated,Rice,1.2,Long-term,Oilseeds,Mustard,124,12513,30193
23.15,83.91,Plain,Alfisol,Rainfed,Cash Crops,2.8,Long-term,Pulses,Pigeon Pea,121,58779,158274
23.04,85.33,Hilly,Inceptisol,Irrigated,Rice,1.2,Long-term,Cereals,Rice,125,67287,110419
24.08,85.32,Plateau,Entisol,Rainfed,Cash Crops,2.0,Short-term,Cash Crops,Tobacco,99,75179,179290
23.74,85.32,Hilly,Inceptisol,Rainfed,Oilseeds,2.1,Short-term,Pulses,Lentil,93,4905,14459
23.47,85.28,Plain,Alfisol,Irrigated,Pulses,2.7,Short-term,Pulses,Black Gram,101,36400,86286
23.3,84.09,Plateau,Entisol,Rainfed,Vegetables,2.8,Long-term,Fruits,Litchi,149,9989,19418
23.83,84.34,Hilly,Inceptisol,Rainfed,Maize,2.6,Short-term,Mixed,Intercropping,112,78438,223099
23.86,84.69,Hilly,Inceptisol,Rainfed,Cash Crops,1.3,Short-term,Pulses,Pigeon Pea,116,9670,25538
23.32,84.63,Plateau,Entisol,Rainfed,Maize,2.2,Long-term,Oilseeds,Mustard,172,40829,74334
23.65,83.91,Plain,Alfisol,Rainfed,Pulses,1.2,Short-term,Cash Crops,Sugarcane,116,34642,77445
23.17,85.23,Plain,Alfisol,Rainfed,Oilseeds,2.2,Long-term,Fruits,Guava,143,74441,161363
23.7,85.88,Hilly,Inceptisol,Rainfed,Oilseeds,2.4,Long-term,Pulses,Pigeon Pea,124,50883,109384
24.23,84.78,Plain,Alfisol,Rainfed,Cash Crops,2.5,Short-term,Oilseeds,Soybean,108,75004,135372
23.74,85.17,Plateau,Entisol,Irrigated,Oilseeds,1.8,Short-term,Pulses,Pigeon Pea,91,89841,206741
24.03,85.49,Hilly,Inceptisol,Rainfed,Pulses,2.4,Long-term,Fruits,Litchi,150,49728,112700
24.36,84.97,Plateau,Entisol,Rainfed,Oilseeds,1.3,Long-term,Fruits,Banana,177,74932,153798
24.06,83.51,Plateau,Entisol,Irrigated,Vegetables,2.2,Long-term,Vegetables,Cabbage,174,55975,112274
23.22,84.08,Hilly,Inceptisol,Irrigated,Pulses,1.9,Short-term,Pulses,Black Gram,101,25676,47662
23.51,83.86,Plateau,Entisol,Irrigated,Fruits,1.1,Short-term,Cash Crops,Sugarcane,93,79309,128842
23.44,84.06,Hilly,Inceptisol,Rainfed,Pulses,2.7,Long-term,Fruits,Papaya,142,6321,9570
23.51,83.62,Plain,Alfisol,Rainfed,Maize,1.3,Long-term,Fruits,Mango,127,54312,154779
23.44,83.91,Hilly,Inceptisol,Rainfed,Oilseeds,1.7,Long-term,Fruits,Papaya,174,77929,188926
23.3,84.03,Plateau,Entisol,Rainfed,Fruits,1.8,Short-term,Vegetables,Tomato,100,57461,120482
23.29,84.85,Hilly,Inceptisol,Rainfed,Vegetables,2.0,Short-term,Oilseeds,Soybean,103,9214,24534
23.95,83.96,Hilly,Inceptisol,Rainfed,Oilseeds,3.0,Short-term,Cash Crops,Cotton,103,76561,195340
24.41,83.96,Plateau,Entisol,Rainfed,Pulses,2.3,Short-term,Fruits,Guava,112,88249,260425
23.23,83.59,Plateau,Entisol,Rainfed,Fruits,1.3,Long-term,Mixed,Intercropping,135,58532,114441
23.26,84.62,Hilly,Inceptisol,Rainfed,Vegetables,2.1,Long-term,Mixed,Agroforestry,133,74127,197534
23.14,85.9,Plateau,Entisol,Irrigated,Cash Crops,2.9,Long-term,Cereals,Barley,164,51567,86348
23.09,84.42,Plateau,Entisol,Irrigated,Oilseeds,2.2,Long-term,Pulses,Gram,169,23032,38370
24.28,83.87,Hilly,Inceptisol,Rainfed,Maize,1.6,Long-term,Cash Crops,Jute,175,77774,164053
23.53,85.18,Plateau,Entisol,Rainfed,Pulses,1.5,Long-term,Fruits,Guava,135,95226,237209
23.65,84.44,Plain,Alfisol,Rainfed,Maize,2.6,Short-term,Cereals,Wheat,117,46761,116395
23.27,83.89,Plain,Alfisol,Rainfed,Fruits,2.5,Short-term,Cash Crops,Sugarcane,119,44544,87308
24.41,84.97,Plain,Alfisol,Irrigated,Vegetables,2.6,Long-term,Fruits,Litchi,139,43144,72345
24.18,84.28,Plain,Alfisol,Rainfed,Maize,1.6,Long-term,Oilseeds,Mustard,166,97390,222499
24.47,85.31,Plateau,Entisol,Rainfed,Rice,2.8,Long-term,Vegetables,Cauliflower,168,9496,15835
24.28,83.71,Plain,Alfisol,Irrigated,Pulses,1.7,Short-term,Oilseeds,Mustard,101,3414,6416
24.44,85.55,Plain,Alfisol,Rainfed,Oilseeds,1.4,Long-term,Cash Crops,Sugarcane,156,66415,101373
23.14,83.55,Hilly,Inceptisol,Rainfed,Pulses,1.7,Short-term,Oilseeds,Groundnut,116,8057,20125
23.51,84.04,Hilly,Inceptisol,Rainfed,Fruits,2.9,Long-term,Fruits,Guava,124,43757,112568
23.97,85.21,Plateau,Entisol,Rainfed,Fruits,2.0,Short-term,Cash Crops,Cotton,90,98455,201452
23.4,83.87,Plateau,Entisol,Rainfed,Vegetables,2.3,Short-term,Vegetables,Tomato,90,20377,57984
23.78,84.72,Hilly,Inceptisol,Rainfed,Vegetables,2.7,Long-term,Pulses,Green Gram,155,52791,147320
23.27,84.04,Hilly,Inceptisol,Rainfed,Cash Crops,1.3,Long-term,Oilseeds,Soybean,170,79506,123246
23.64,84.57,Plateau,Entisol,Irrigated,Maize,2.8,Long-term,Mixed,Intercropping,169,97798,252745
24.32,84.0,Plain,Alfisol,Irrigated,Vegetables,3.0,Long-term,Pulses,Black Gram,123,27574,56212
24.19,84.83,Plain,Alfisol,Rainfed,Pulses,2.5,Long-term,Fruits,Guava,173,52706,146922
23.84,83.81,Plain,Alfisol,Rainfed,Oilseeds,2.3,Long-term,Oilseeds,Sesame,149,85243,185194
24.49,85.03,Plain,Alfisol,Irrigated,Maize,2.4,Long-term,Oilseeds,Groundnut,174,67880,173474
24.3,83.86,Plain,Alfisol,Rainfed,Pulses,2.9,Long-term,Mixed,Intercropping,161,8409,15072
23.67,83.83,Plain,Alfisol,Rainfed,Cash Crops,1.0,Long-term,Vegetables,Cauliflower,163,32800,88376
23.66,84.89,Plain,Alfisol,Rainfed,Vegetables,2.3,Short-term,Oilseeds,Sesame,105,16093,25254
23.79,84.62,Plateau,Entisol,Rainfed,Fruits,1.2,Long-term,Vegetables,Potato,127,81619,203223
23.7,83.88,Hilly,Inceptisol,Irrigated,Vegetables,2.4,Long-term,Mixed,Silvipasture,130,76077,168031
24.13,85.54,Hilly,Inceptisol,Rainfed,Cash Crops,3.0,Long-term,Oilseeds,Sesame,142,13210,35198
24.05,84.34,Hilly,Inceptisol,Rainfed,Vegetables,2.8,Short-term,Cereals,Rice,101,97852,237618
23.22,84.22,Plateau,Entisol,Rainfed,Fruits,2.1,Long-term,Oilseeds,Mustard,132,24006,38915
23.28,85.49,Plateau,Entisol,Rainfed,Maize,2.8,Short-term,Pulses,Green Gram,90,15998,25951
24.28,84.67,Hilly,Inceptisol,Irrigated,Vegetables,1.7,Long-term,Mixed,Intercropping,122,13504,25275
24.5,85.05,Plain,Alfisol,Rainfed,Oilseeds,1.5,Long-term,Cereals,Sorghum,147,69556,128371
23.65,84.93,Plateau,Entisol,Rainfed,Vegetables,2.2,Long-term,Fruits,Mango,120,40628,119522
23.48,85.0,Hilly,Inceptisol,Rainfed,Oilseeds,2.3,Short-term,Oilseeds,Sunflower,101,39026,95019
23.38,85.43,Plateau,Entisol,Rainfed,Pulses,2.4,Long-term,Vegetables,Onion,131,88728,163299
23.49,84.3,Plain,Alfisol,Rainfed,Maize,2.4,Short-term,Vegetables,Cabbage,105,37947,105337
24.23,84.42,Plateau,Entisol,Rainfed,Vegetables,2.0,Long-term,Mixed,Intercropping,175,13160,39207
23.71,85.46,Plain,Alfisol,Rainfed,Pulses,2.6,Long-term,Mixed,Silvipasture,138,54508,149644
24.29,84.48,Plain,Alfisol,Irrigated,Vegetables,1.3,Long-term,Oilseeds,Mustard,165,88345,246675
23.88,83.91,Hilly,Inceptisol,Rainfed,Vegetables,1.9,Short-term,Mixed,Agroforestry,96,73814,154060
23.01,84.71,Plateau,Entisol,Rainfed,Maize,2.0,Long-term,Oilseeds,Sunflower,134,86039,138887
23.85,84.94,Hilly,Inceptisol,Rainfed,Pulses,2.0,Long-term,Cash Crops,Cotton,141,98743,269941
23.57,85.58,Plain,Alfisol,Rainfed,Oilseeds,1.6,Short-term,Fruits,Mango,102,77869,221873
23.1,84.32,Plateau,Entisol,Rainfed,Oilseeds,1.5,Short-term,Pulses,Black Gram,109,25154,55453
23.77,84.23,Plain,Alfisol,Rainfed,Maize,2.6,Long-term,Mixed,Silvipasture,121,45913,113975
23.96,85.4,Plateau,Entisol,Rainfed,Pulses,2.1,Short-term,Pulses,Black Gram,90,42734,85649
23.17,83.52,Plateau,Entisol,Rainfed,Vegetables,2.7,Long-term,Cereals,Wheat,125,29917,78452
23.34,84.82,Hilly,Inceptisol,Rainfed,Cash Crops,1.0,Long-term,Fruits,Banana,180,82528,165999
24.24,85.65,Plain,Alfisol,Rainfed,Fruits,1.4,Short-term,Fruits,Guava,116,29996,46242
23.91,85.59,Plain,Alfisol,Rainfed,Pulses,2.8,Short-term,Cereals,Wheat,110,67378,183263
23.02,83.58,Plateau,Entisol,Rainfed,Oilseeds,2.0,Short-term,Mixed,Agroforestry,101,6809,14083
24.05,85.71,Hilly,Inceptisol,Irrigated,Cash Crops,2.8,Long-term,Pulses,Pigeon Pea,158,64224,178919
23.82,84.87,Plain,Alfisol,Rainfed,Oilseeds,2.2,Long-term,Oilseeds,Groundnut,148,9697,18274
23.97,84.87,Plain,Alfisol,Rainfed,Pulses,2.7,Short-term,Pulses,Black Gram,112,7153,12841
23.22,84.96,Plain,Alfisol,Irrigated,Pulses,1.7,Short-term,Fruits,Guava,97,37845,85875
23.51,84.89,Hilly,Inceptisol,Rainfed,Vegetables,1.2,Short-term,Fruits,Guava,116,45386,80199
23.85,85.37,Plain,Alfisol,Rainfed,Cash Crops,2.1,Long-term,Pulses,Black Gram,161,83546,206583
23.58,85.88,Plateau,Entisol,Rainfed,Fruits,3.0,Long-term,Cereals,Rice,123,79461,214118
23.81,84.97,Plateau,Entisol,Rainfed,Fruits,2.2,Long-term,Cash Crops,Jute,143,37758,80115
24.09,85.22,Plateau,Entisol,Rainfed,Oilseeds,1.9,Long-term,Oilseeds,Mustard,128,37400,107790
23.49,85.41,Plateau,Entisol,Irrigated,Pulses,2.8,Long-term,Oilseeds,Groundnut,171,72749,146502
23.66,83.96,Hilly,Inceptisol,Rainfed,Pulses,2.9,Short-term,Mixed,Intercropping,108,27313,80526
24.01,85.3,Plateau,Entisol,Irrigated,Vegetables,2.5,Long-term,Cereals,Barley,136,42176,113590
23.3,84.3,Plain,Alfisol,Rainfed,Maize,2.9,Short-term,Pulses,Pigeon Pea,104,7226,14929
23.16,84.96,Plain,Alfisol,Rainfed,Oilseeds,2.5,Long-term,Mixed,Silvipasture,125,62856,183555
24.41,84.25,Hilly,Inceptisol,Rainfed,Fruits,2.5,Long-term,Mixed,Intercropping,122,60521,106077
24.2,85.38,Plain,Alfisol,Irrigated,Fruits,2.0,Long-term,Fruits,Litchi,123,70736,204111
23.79,85.84,Plateau,Entisol,Rainfed,Rice,1.1,Long-term,Fruits,Mango,158,35694,74951
24.46,85.49,Plain,Alfisol,Irrigated,Oilseeds,1.3,Long-term,Vegetables,Cabbage,137,80429,143214
23.08,85.38,Plateau,Entisol,Irrigated,Cash Crops,2.7,Long-term,Vegetables,Brinjal,125,36471,73508
23.15,85.67,Plateau,Entisol,Rainfed,Oilseeds,1.5,Short-term,Cereals,Rice,92,44291,70521
23.23,84.38,Plain,Alfisol,Irrigated,Oilseeds,1.7,Short-term,Cereals,Rice,119,92884,207558
23.49,84.31,Plateau,Entisol,Irrigated,Pulses,2.5,Long-term,Pulses,Green Gram,126,23632,70894
24.18,83.52,Plain,Alfisol,Rainfed,Oilseeds,1.7,Long-term,Oilseeds,Groundnut,145,16603,33140
23.19,83.86,Hilly,Inceptisol,Irrigated,Maize,3.0,Long-term,Pulses,Green Gram,145,68666,146044
23.82,85.52,Hilly,Inceptisol,Rainfed,Pulses,2.1,Short-term,Cereals,Maize,101,20681,58511
24.01,84.31,Plain,Alfisol,Rainfed,Fruits,1.8,Long-term,Cereals,Wheat,166,90326,208404
24.26,84.76,Plateau,Entisol,Rainfed,Maize,2.7,Long-term,Cereals,Wheat,153,24678,37801
23.42,85.94,Plateau,Entisol,Rainfed,Maize,2.9,Long-term,Pulses,Lentil,123,64061,141394
23.39,84.59,Plain,Alfisol,Rainfed,Maize,1.4,Long-term,Mixed,Agroforestry,129,98505,181239
24.18,85.33,Plateau,Entisol,Rainfed,Vegetables,2.5,Long-term,Cash Crops,Jute,153,94795,255016
23.12,84.13,Hilly,Inceptisol,Rainfed,Maize,2.4,Long-term,Vegetables,Tomato,140,28447,74530
24.33,84.39,Plain,Alfisol,Irrigated,Maize,2.8,Long-term,Mixed,Intercropping,130,34482,60842
24.38,83.8,Hilly,Inceptisol,Rainfed,Pulses,1.7,Long-term,Cash Crops,Tobacco,151,33792,89778
23.85,84.21,Plain,Alfisol,Irrigated,Cash Crops,1.1,Short-term,Cash Crops,Sugarcane,116,41992,82412
24.11,84.96,Plain,Alfisol,Rainfed,Fruits,2.6,Long-term,Mixed,Intercropping,154,63344,107496
23.89,85.69,Plain,Alfisol,Rainfed,Pulses,2.6,Long-term,Vegetables,Cabbage,174,97606,177874
24.47,85.89,Plateau,Entisol,Irrigated,Cash Crops,1.1,Short-term,Pulses,Pigeon Pea,105,28726,61807
23.63,83.86,Plateau,Entisol,Rainfed,Fruits,1.7,Long-term,Mixed,Intercropping,134,86510,144725
24.3,83.66,Plain,Alfisol,Irrigated,Pulses,2.5,Short-term,Cereals,Wheat,96,58010,98019
23.09,84.96,Hilly,Inceptisol,Rainfed,Fruits,2.9,Long-term,Cereals,Wheat,121,51733,144790
24.09,84.71,Plateau,Entisol,Rainfed,Fruits,2.5,Long-term,Fruits,Mango,143,75800,225362
24.13,85.33,Plain,Alfisol,Rainfed,Vegetables,1.5,Short-term,Cereals,Barley,119,7799,23351
23.24,83.74,Plain,Alfisol,Irrigated,Maize,1.9,Long-term,Mixed,Intercropping,133,83871,198578
23.4,84.7,Plain,Alfisol,Rainfed,Maize,2.0,Long-term,Pulses,Black Gram,151,7080,11556
23.77,83.63,Plain,Alfisol,Rainfed,Vegetables,2.6,Long-term,Mixed,Agroforestry,136,94341,144459
24.35,85.57,Hilly,Inceptisol,Irrigated,Fruits,2.4,Short-term,Cash Crops,Cotton,91,84929,246648
23.65,84.34,Hilly,Inceptisol,Irrigated,Vegetables,1.6,Long-term,Mixed,Intercropping,141,24843,50547
23.63,85.78,Hilly,Inceptisol,Irrigated,Rice,3.0,Long-term,Mixed,Agroforestry,125,5265,9169
23.68,83.92,Hilly,Inceptisol,Irrigated,Maize,1.6,Long-term,Cereals,Wheat,173,21105,42897
23.58,85.56,Plain,Alfisol,Irrigated,Cash Crops,2.7,Short-term,Oilseeds,Sesame,92,20075,53856
23.81,83.62,Plateau,Entisol,Rainfed,Maize,1.5,Long-term,Cash Crops,Jute,173,17100,40148
23.82,84.67,Plain,Alfisol,Rainfed,Fruits,2.6,Short-term,Vegetables,Cauliflower,96,66190,141960
23.15,85.95,Hilly,Inceptisol,Rainfed,Pulses,2.3,Long-term,Fruits,Mango,155,50718,86608
23.04,83.99,Plain,Alfisol,Rainfed,Vegetables,2.7,Long-term,Mixed,Silvipasture,125,49504,80290
24.32,84.75,Plain,Alfisol,Irrigated,Rice,2.1,Long-term,Mixed,Agroforestry,172,9993,21183
24.45,85.57,Plain,Alfisol,Rainfed,Oilseeds,2.8,Long-term,Oilseeds,Mustard,135,80530,187287
24.29,84.64,Plain,Alfisol,Rainfed,Cash Crops,1.9,Long-term,Cereals,Rice,136,82127,131566
23.89,83.51,Plateau,Entisol,Rainfed,Cash Crops,2.8,Short-term,Oilseeds,Sunflower,112,23910,65609
24.34,85.56,Hilly,Inceptisol,Rainfed,Fruits,1.9,Long-term,Mixed,Agroforestry,175,91972,170666
23.39,84.81,Plateau,Entisol,Rainfed,Oilseeds,2.1,Long-term,Vegetables,Cauliflower,134,40153,85519
23.8,83.85,Hilly,Inceptisol,Rainfed,Cash Crops,1.1,Short-term,Oilseeds,Sesame,92,32189,58004
23.99,85.59,Hilly,Inceptisol,Irrigated,Fruits,2.7,Long-term,Cereals,Wheat,157,34228,77237
23.81,84.16,Plain,Alfisol,Rainfed,Fruits,2.3,Long-term,Cereals,Maize,151,96981,239378
24.3,85.62,Plateau,Entisol,Irrigated,Rice,1.5,Short-term,Pulses,Green Gram,114,47161,79985
23.23,84.25,Plateau,Entisol,Rainfed,Vegetables,1.7,Long-term,Vegetables,Potato,171,36261,89375
23.99,85.84,Plain,Alfisol,Rainfed,Maize,1.0,Long-term,Cereals,Maize,127,44933,127106
23.09,84.54,Plateau,Entisol,Rainfed,Oilseeds,1.2,Long-term,Cash Crops,Tobacco,151,48258,134073
24.46,85.15,Hilly,Inceptisol,Rainfed,Pulses,2.9,Short-term,Pulses,Lentil,108,9927,26376
23.96,85.04,Hilly,Inceptisol,Rainfed,Oilseeds,1.3,Long-term,Fruits,Mango,162,86018,246938
23.78,84.92,Hilly,Inceptisol,Irrigated,Cash Crops,2.6,Short-term,Pulses,Green Gram,100,39490,114912
23.54,85.17,Hilly,Inceptisol,Rainfed,Rice,1.6,Long-term,Cereals,Maize,178,76891,198974
23.34,84.07,Plateau,Entisol,Rainfed,Oilseeds,2.3,Long-term,Mixed,Silvipasture,164,57880,153077
24.07,85.63,Plateau,Entisol,Rainfed,Cash Crops,1.2,Short-term,Fruits,Litchi,109,9510,18074
23.92,84.55,Hilly,Inceptisol,Irrigated,Vegetables,1.4,Short-term,Cereals,Wheat,105,64092,140562
23.09,84.73,Hilly,Inceptisol,Irrigated,Pulses,1.6,Long-term,Cereals,Barley,128,22734,41107
23.47,84.02,Hilly,Inceptisol,Rainfed,Oilseeds,2.6,Long-term,Cereals,Wheat,155,58770,120532
23.43,85.64,Plain,Alfisol,Rainfed,Cash Crops,2.5,Long-term,Oilseeds,Soybean,162,71078,169148
23.58,84.4,Hilly,Inceptisol,Irrigated,Rice,1.6,Long-term,Vegetables,Tomato,151,5729,10865
23.55,84.52,Plateau,Entisol,Rainfed,Vegetables,2.2,Long-term,Cereals,Millet,166,58741,171298
23.45,84.31,Plain,Alfisol,Rainfed,Maize,1.2,Long-term,Mixed,Agroforestry,173,20403,58165
24.12,83.76,Plain,Alfisol,Rainfed,Fruits,2.0,Long-term,Pulses,Lentil,164,18447,50064
24.19,84.76,Hilly,Inceptisol,Rainfed,Oilseeds,2.4,Long-term,Fruits,Banana,161,3061,5331
23.02,84.93,Plain,Alfisol,Rainfed,Fruits,1.2,Long-term,Cash Crops,Sugarcane,143,52380,116286
23.02,83.92,Hilly,Inceptisol,Irrigated,Oilseeds,1.6,Long-term,Cereals,Barley,144,28550,46170
24.43,83.89,Plain,Alfisol,Rainfed,Oilseeds,2.0,Long-term,Mixed,Intercropping,145,74304,129189
24.08,83.81,Plain,Alfisol,Rainfed,Fruits,2.2,Short-term,Vegetables,Tomato,118,5829,13567
23.04,85.74,Plateau,Entisol,Rainfed,Maize,1.3,Long-term,Vegetables,Tomato,152,98480,154590
23.8,84.47,Plateau,Entisol,Rainfed,Rice,3.0,Long-term,Cash Crops,Tobacco,146,95210,153428